session_id,user_id,timestamp,page_url,category,time_spent_seconds,device,referrer,clicked_cta,bounce
S000001,U00013,2025-08-02T14:55:05,/search,Discovery,260,Desktop,YouTube,Yes,No
S000002,U00045,2026-04-04T15:34:41,/checkout,Checkout,442,Desktop,Direct,Yes,No
S000003,U00288,2025-06-04T10:36:08,/home,Landing,743,Mobile,Affiliate,No,No
S000004,U00415,2025-01-06T01:08:44,/offers,Promotion,173,Mobile,Instagram,No,Yes
S000005,U00053,2025-03-14T00:54:28,/cart,Cart,399,Desktop,Instagram,No,No
S000006,U00275,2025-04-07T22:55:41,/blog/how-to-buy,Content,397,Desktop,Instagram,No,No
S000007,U00024,2026-05-29T14:50:30,/search,Discovery,243,Mobile,Direct,Yes,No
S000008,U00143,2025-12-19T04:10:50,/support,Support,660,Mobile,Google,No,No
S000009,U00360,2026-06-15T22:15:07,/offers,Promotion,673,Desktop,YouTube,Yes,No
S000010,U00084,2025-12-26T01:09:17,/product/sku-220,Product,398,Desktop,YouTube,Yes,No
S000011,U00118,2025-01-25T22:23:30,/home,Landing,333,Mobile,Direct,Yes,No
S000012,U00109,2026-05-25T02:15:44,/cart,Cart,521,Desktop,YouTube,No,Yes
S000013,U00127,2026-03-13T00:39:37,/product/sku-100,Product,561,Desktop,Affiliate,No,No
S000014,U00186,2025-06-20T08:26:06,/support,Support,151,Mobile,Direct,Yes,No
S000015,U00322,2025-05-05T06:16:50,/product/sku-100,Product,706,Mobile,Direct,No,No
S000016,U00271,2025-07-15T06:41:55,/blog/how-to-buy,Content,576,Mobile,Direct,Yes,No
S000017,U00385,2025-07-27T05:58:55,/checkout,Checkout,666,Desktop,Instagram,No,Yes
S000018,U00370,2025-07-24T13:55:39,/home,Landing,522,Mobile,Affiliate,Yes,No
S000019,U00328,2026-01-30T07:31:19,/offers,Promotion,633,Desktop,Instagram,Yes,No
S000020,U00001,2026-04-11T05:08:10,/checkout,Checkout,341,Mobile,Direct,No,No
S000021,U00123,2025-02-14T23:48:12,/offers,Promotion,256,Mobile,Direct,Yes,No
S000022,U00390,2026-02-18T18:21:45,/search,Discovery,138,Desktop,Email,Yes,No
S000023,U00109,2026-02-23T21:12:27,/support,Support,757,Mobile,YouTube,No,No
S000024,U00225,2026-02-07T00:18:46,/cart,Cart,472,Desktop,Google,Yes,No
S000025,U00118,2026-04-03T01:19:07,/checkout,Checkout,235,Desktop,YouTube,Yes,No
S000026,U00170,2025-02-25T00:52:36,/home,Landing,536,Desktop,YouTube,No,No
S000027,U00371,2026-03-20T13:00:53,/product/sku-100,Product,600,Mobile,Email,No,Yes
S000028,U00338,2025-12-01T19:22:35,/search,Discovery,372,Mobile,Email,Yes,No
S000029,U00032,2025-11-09T17:24:16,/search,Discovery,755,Desktop,Direct,Yes,Yes
S000030,U00230,2025-04-19T21:11:14,/checkout,Checkout,442,Desktop,Email,Yes,No
S000031,U00227,2026-03-04T10:48:26,/search,Discovery,110,Desktop,Affiliate,Yes,No
S000032,U00086,2025-11-12T16:06:25,/product/sku-220,Product,507,Mobile,Email,Yes,Yes
S000033,U00200,2025-07-25T23:44:35,/home,Landing,475,Desktop,YouTube,No,Yes
S000034,U00112,2025-02-15T10:12:27,/offers,Promotion,603,Mobile,Direct,No,Yes
S000035,U00258,2026-02-17T12:54:31,/blog/how-to-buy,Content,171,Desktop,Affiliate,Yes,No
S000036,U00305,2025-02-22T18:52:56,/search,Discovery,701,Mobile,Email,Yes,No
S000037,U00297,2026-04-07T18:38:25,/product/sku-220,Product,50,Mobile,Email,No,No
S000038,U00343,2025-09-02T00:48:42,/product/sku-220,Product,254,Desktop,Google,No,No
S000039,U00005,2025-12-22T23:03:40,/search,Discovery,646,Tablet,Direct,Yes,No
S000040,U00136,2025-04-13T21:10:09,/checkout,Checkout,367,Mobile,Google,No,No
S000041,U00279,2025-08-23T23:19:41,/blog/how-to-buy,Content,636,Tablet,YouTube,Yes,No
S000042,U00154,2026-05-31T06:27:43,/checkout,Checkout,116,Tablet,Google,No,Yes
S000043,U00381,2026-03-06T16:50:10,/search,Discovery,169,Desktop,Affiliate,Yes,No
S000044,U00352,2026-05-08T15:03:08,/product/sku-220,Product,280,Mobile,Instagram,Yes,Yes
S000045,U00142,2025-02-04T05:50:12,/support,Support,13,Desktop,Google,No,Yes
S000046,U00283,2025-11-29T04:39:43,/blog/how-to-buy,Content,584,Desktop,Direct,Yes,No
S000047,U00299,2026-03-06T03:48:51,/cart,Cart,161,Mobile,Direct,No,No
S000048,U00184,2025-06-13T04:06:37,/home,Landing,708,Desktop,Direct,No,No
S000049,U00318,2025-05-01T01:04:58,/support,Support,252,Mobile,Google,No,Yes
S000050,U00401,2025-11-16T18:53:22,/cart,Cart,695,Mobile,Google,No,Yes
S000051,U00196,2025-01-31T01:52:44,/search,Discovery,491,Desktop,Email,No,No
S000052,U00115,2025-01-19T09:08:13,/product/sku-220,Product,685,Desktop,Instagram,No,No
S000053,U00180,2026-05-14T06:05:10,/offers,Promotion,531,Desktop,Affiliate,No,No
S000054,U00134,2025-05-19T16:44:43,/search,Discovery,604,Tablet,Instagram,Yes,Yes
S000055,U00177,2025-09-01T15:22:08,/support,Support,456,Mobile,Affiliate,Yes,No
S000056,U00131,2025-02-04T11:25:29,/product/sku-220,Product,735,Mobile,Affiliate,Yes,No
S000057,U00341,2025-09-14T11:22:29,/search,Discovery,648,Desktop,Direct,No,No
S000058,U00168,2025-11-09T13:17:12,/support,Support,723,Desktop,Google,Yes,No
S000059,U00347,2025-05-16T04:06:17,/support,Support,640,Mobile,Email,Yes,No
S000060,U00221,2026-03-27T11:41:59,/product/sku-220,Product,631,Mobile,Email,No,No
S000061,U00262,2026-01-03T12:49:47,/product/sku-220,Product,763,Desktop,Direct,No,No
S000062,U00048,2025-07-02T10:16:04,/cart,Cart,698,Desktop,Google,Yes,Yes
S000063,U00244,2026-04-20T18:58:21,/product/sku-220,Product,84,Mobile,YouTube,Yes,No
S000064,U00254,2025-11-07T10:04:09,/support,Support,259,Desktop,YouTube,Yes,No
S000065,U00399,2025-11-27T05:17:58,/search,Discovery,234,Desktop,YouTube,No,Yes
S000066,U00063,2025-12-21T13:03:54,/product/sku-220,Product,146,Mobile,YouTube,No,No
S000067,U00314,2026-01-28T01:44:49,/blog/how-to-buy,Content,446,Mobile,Affiliate,No,No
S000068,U00231,2025-07-21T07:40:50,/blog/how-to-buy,Content,779,Desktop,YouTube,No,No
S000069,U00249,2026-05-02T19:26:15,/checkout,Checkout,254,Desktop,Direct,No,No
S000070,U00164,2026-02-24T13:10:02,/cart,Cart,92,Desktop,Google,No,No
S000071,U00033,2025-11-19T05:41:53,/product/sku-220,Product,427,Desktop,Email,No,Yes
S000072,U00200,2026-03-30T16:01:45,/support,Support,722,Desktop,Affiliate,No,No
S000073,U00153,2025-10-30T21:52:40,/cart,Cart,439,Mobile,YouTube,Yes,No
S000074,U00224,2026-01-13T05:01:22,/offers,Promotion,39,Desktop,YouTube,No,No
S000075,U00066,2026-04-29T07:42:37,/blog/how-to-buy,Content,556,Desktop,Email,Yes,Yes
S000076,U00070,2025-12-25T14:40:58,/support,Support,196,Desktop,Email,No,No
S000077,U00173,2025-10-22T11:25:29,/cart,Cart,294,Mobile,Email,No,No
S000078,U00010,2026-02-23T23:29:59,/blog/how-to-buy,Content,63,Tablet,Instagram,Yes,No
S000079,U00387,2025-01-25T02:26:27,/home,Landing,263,Desktop,Direct,Yes,No
S000080,U00343,2025-03-30T20:22:25,/blog/how-to-buy,Content,587,Tablet,Email,No,No
S000081,U00311,2026-04-17T15:54:49,/product/sku-100,Product,775,Mobile,Google,No,Yes
S000082,U00160,2026-03-24T05:37:44,/home,Landing,703,Tablet,Email,No,No
S000083,U00039,2026-04-05T21:30:14,/product/sku-220,Product,717,Mobile,Google,Yes,No
S000084,U00351,2026-04-12T08:29:01,/offers,Promotion,133,Mobile,Affiliate,Yes,No
S000085,U00339,2025-10-15T19:56:30,/support,Support,80,Mobile,Instagram,Yes,No
S000086,U00055,2025-12-03T17:27:42,/blog/how-to-buy,Content,380,Mobile,Email,Yes,No
S000087,U00334,2025-07-29T18:42:02,/checkout,Checkout,640,Mobile,Affiliate,No,No
S000088,U00166,2025-07-10T16:21:41,/offers,Promotion,98,Desktop,Email,Yes,No
S000089,U00173,2025-01-23T07:00:24,/support,Support,516,Mobile,Google,No,No
S000090,U00175,2025-08-06T05:12:43,/offers,Promotion,620,Mobile,Instagram,Yes,No
S000091,U00044,2025-07-07T11:12:10,/product/sku-220,Product,747,Mobile,Affiliate,Yes,No
S000092,U00230,2025-01-14T09:26:15,/blog/how-to-buy,Content,105,Desktop,Email,Yes,No
S000093,U00243,2026-03-06T21:29:01,/cart,Cart,553,Desktop,YouTube,No,No
S000094,U00139,2025-08-27T03:52:00,/blog/how-to-buy,Content,267,Desktop,YouTube,Yes,No
S000095,U00391,2026-06-21T01:34:52,/checkout,Checkout,199,Desktop,YouTube,No,No
S000096,U00306,2025-08-08T19:28:41,/checkout,Checkout,112,Mobile,Instagram,Yes,No
S000097,U00008,2026-02-19T20:59:59,/offers,Promotion,139,Desktop,Direct,No,No
S000098,U00327,2026-01-17T06:38:31,/product/sku-100,Product,115,Mobile,Affiliate,No,No
S000099,U00175,2025-05-24T04:47:16,/blog/how-to-buy,Content,62,Desktop,Email,Yes,No
S000100,U00252,2025-02-27T12:59:30,/support,Support,600,Mobile,Direct,Yes,Yes
S000101,U00044,2025-07-12T18:36:53,/offers,Promotion,131,Mobile,Email,Yes,No
S000102,U00231,2025-12-10T20:55:03,/support,Support,314,Mobile,Email,No,No
S000103,U00313,2025-03-19T01:50:52,/home,Landing,222,Mobile,Instagram,Yes,Yes
S000104,U00283,2025-02-28T07:18:38,/product/sku-100,Product,170,Desktop,Email,No,No
S000105,U00148,2025-08-08T14:15:08,/product/sku-220,Product,729,Mobile,Direct,Yes,No
S000106,U00218,2025-03-31T03:35:07,/product/sku-220,Product,567,Desktop,Google,No,No
S000107,U00031,2025-05-09T21:01:29,/search,Discovery,324,Mobile,Affiliate,No,No
S000108,U00353,2025-08-25T04:40:14,/blog/how-to-buy,Content,726,Mobile,Instagram,No,No
S000109,U00222,2025-09-08T08:30:35,/home,Landing,628,Desktop,Direct,Yes,No
S000110,U00392,2026-06-07T04:14:13,/home,Landing,285,Mobile,Google,No,No
S000111,U00143,2025-05-21T23:12:10,/blog/how-to-buy,Content,609,Mobile,Email,Yes,No
S000112,U00171,2025-09-07T08:57:34,/support,Support,696,Desktop,Google,No,No
S000113,U00148,2026-05-30T15:27:08,/blog/how-to-buy,Content,420,Mobile,Affiliate,Yes,No
S000114,U00130,2025-09-09T02:15:36,/cart,Cart,128,Tablet,Email,Yes,No
S000115,U00237,2025-11-17T23:29:35,/checkout,Checkout,65,Desktop,Instagram,No,No
S000116,U00105,2025-07-27T10:17:20,/home,Landing,572,Desktop,Instagram,No,No
S000117,U00063,2025-01-23T10:09:55,/blog/how-to-buy,Content,655,Mobile,Google,Yes,No
S000118,U00283,2025-11-13T21:29:51,/home,Landing,105,Desktop,Direct,No,No
S000119,U00256,2025-08-15T16:41:37,/product/sku-100,Product,531,Mobile,Email,No,No
S000120,U00234,2026-03-05T04:19:33,/product/sku-220,Product,158,Desktop,Affiliate,Yes,No
S000121,U00396,2025-11-19T07:05:14,/offers,Promotion,358,Tablet,Affiliate,No,No
S000122,U00372,2025-08-20T21:29:03,/offers,Promotion,611,Mobile,YouTube,No,No
S000123,U00276,2026-01-12T04:46:40,/blog/how-to-buy,Content,363,Desktop,Affiliate,No,No
S000124,U00097,2026-06-26T18:18:47,/cart,Cart,254,Mobile,Google,No,Yes
S000125,U00362,2025-10-24T02:39:49,/blog/how-to-buy,Content,405,Tablet,YouTube,Yes,No
S000126,U00065,2026-01-26T03:23:08,/home,Landing,614,Desktop,Direct,No,Yes
S000127,U00008,2025-04-22T23:15:06,/blog/how-to-buy,Content,429,Mobile,Google,Yes,No
S000128,U00174,2026-04-30T02:23:50,/offers,Promotion,719,Desktop,Direct,No,No
S000129,U00195,2025-09-03T22:59:30,/checkout,Checkout,651,Mobile,Email,Yes,No
S000130,U00324,2026-06-16T14:07:57,/product/sku-220,Product,304,Tablet,YouTube,Yes,No
S000131,U00390,2026-05-08T05:54:56,/search,Discovery,730,Mobile,Email,Yes,No
S000132,U00024,2025-09-09T22:46:55,/home,Landing,67,Desktop,Instagram,No,Yes
S000133,U00211,2026-03-16T13:39:49,/checkout,Checkout,708,Mobile,Google,Yes,Yes
S000134,U00318,2026-06-15T14:33:05,/support,Support,256,Mobile,Affiliate,Yes,No
S000135,U00236,2025-07-18T07:38:05,/offers,Promotion,692,Desktop,Email,No,No
S000136,U00038,2025-12-10T02:26:23,/product/sku-100,Product,363,Tablet,Instagram,No,No
S000137,U00155,2025-06-04T17:40:26,/blog/how-to-buy,Content,403,Mobile,Direct,Yes,No
S000138,U00295,2025-08-18T19:27:39,/cart,Cart,726,Desktop,YouTube,No,No
S000139,U00311,2026-01-21T19:40:03,/home,Landing,303,Mobile,Google,No,No
S000140,U00318,2025-07-14T16:01:19,/product/sku-220,Product,704,Mobile,YouTube,Yes,No
S000141,U00159,2025-12-09T09:32:23,/home,Landing,44,Mobile,YouTube,Yes,Yes
S000142,U00168,2025-11-19T17:32:20,/offers,Promotion,189,Desktop,Affiliate,No,No
S000143,U00085,2025-07-19T14:16:10,/offers,Promotion,503,Tablet,Instagram,No,No
S000144,U00039,2025-04-20T07:54:03,/blog/how-to-buy,Content,241,Mobile,YouTube,No,No
S000145,U00188,2025-03-12T03:22:03,/checkout,Checkout,414,Desktop,Affiliate,Yes,No
S000146,U00300,2025-10-23T22:49:48,/offers,Promotion,663,Tablet,Direct,Yes,No
S000147,U00168,2026-04-19T20:45:23,/checkout,Checkout,236,Mobile,YouTube,No,No
S000148,U00333,2025-11-14T03:11:11,/offers,Promotion,129,Desktop,Direct,No,No
S000149,U00050,2025-07-02T08:59:23,/search,Discovery,560,Desktop,Email,No,No
S000150,U00215,2026-04-02T04:49:03,/checkout,Checkout,770,Mobile,Email,Yes,No
S000151,U00144,2025-01-26T09:52:32,/support,Support,716,Desktop,Email,No,No
S000152,U00051,2026-06-17T14:00:23,/cart,Cart,386,Mobile,YouTube,No,Yes
S000153,U00098,2025-04-05T21:13:19,/offers,Promotion,475,Desktop,Google,Yes,Yes
S000154,U00125,2025-04-08T19:23:28,/cart,Cart,588,Desktop,Affiliate,Yes,No
S000155,U00169,2025-04-25T14:36:33,/product/sku-220,Product,620,Desktop,Google,Yes,No
S000156,U00057,2026-05-29T11:00:27,/product/sku-100,Product,36,Desktop,Instagram,Yes,No
S000157,U00090,2025-07-26T02:48:32,/home,Landing,63,Desktop,Email,Yes,No
S000158,U00230,2025-10-09T04:53:44,/blog/how-to-buy,Content,535,Mobile,Email,Yes,No
S000159,U00373,2026-05-27T18:50:36,/home,Landing,543,Desktop,YouTube,Yes,Yes
S000160,U00206,2025-11-28T02:18:58,/blog/how-to-buy,Content,712,Desktop,YouTube,No,Yes
S000161,U00165,2026-04-18T11:29:09,/search,Discovery,161,Desktop,Instagram,No,No
S000162,U00151,2025-12-19T09:52:06,/checkout,Checkout,527,Mobile,Direct,Yes,No
S000163,U00370,2025-06-17T00:19:13,/checkout,Checkout,450,Mobile,Google,No,No
S000164,U00205,2025-11-20T02:36:32,/blog/how-to-buy,Content,757,Desktop,Email,No,No
S000165,U00079,2026-06-18T11:16:19,/cart,Cart,495,Desktop,Direct,Yes,No
S000166,U00416,2025-04-12T01:31:40,/cart,Cart,579,Desktop,Affiliate,No,No
S000167,U00182,2026-06-01T18:50:46,/support,Support,778,Mobile,YouTube,Yes,No
S000168,U00181,2025-03-22T11:15:16,/offers,Promotion,601,Mobile,Google,No,No
S000169,U00180,2026-03-09T01:32:24,/search,Discovery,386,Desktop,Instagram,Yes,No
S000170,U00393,2026-04-28T21:46:18,/checkout,Checkout,638,Mobile,Affiliate,Yes,No
S000171,U00015,2025-05-21T03:11:57,/offers,Promotion,289,Mobile,Instagram,No,No
S000172,U00074,2026-03-16T20:59:25,/product/sku-100,Product,683,Mobile,Google,Yes,Yes
S000173,U00111,2025-10-20T04:46:19,/checkout,Checkout,439,Mobile,Google,No,No
S000174,U00398,2026-03-17T20:42:38,/cart,Cart,620,Desktop,Direct,Yes,Yes
S000175,U00346,2025-03-05T08:47:23,/home,Landing,288,Mobile,Email,No,No
S000176,U00140,2025-06-17T10:29:48,/support,Support,534,Desktop,Email,Yes,No
S000177,U00270,2026-06-03T04:15:08,/blog/how-to-buy,Content,325,Desktop,Email,Yes,Yes
S000178,U00109,2025-04-17T14:14:31,/offers,Promotion,271,Desktop,Direct,Yes,No
S000179,U00090,2025-04-11T08:11:45,/support,Support,399,Mobile,Google,No,Yes
S000180,U00224,2025-01-15T13:22:03,/home,Landing,480,Tablet,Instagram,No,No
S000181,U00149,2025-03-31T10:59:14,/support,Support,424,Desktop,Instagram,Yes,No
S000182,U00354,2025-10-09T01:25:23,/blog/how-to-buy,Content,100,Mobile,Direct,Yes,No
S000183,U00269,2025-03-03T02:05:16,/support,Support,415,Mobile,YouTube,No,No
S000184,U00040,2026-02-01T12:05:53,/product/sku-100,Product,658,Desktop,Affiliate,Yes,No
S000185,U00180,2026-05-17T07:55:44,/cart,Cart,161,Desktop,Google,No,Yes
S000186,U00390,2026-05-25T03:34:25,/product/sku-100,Product,87,Desktop,YouTube,No,No
S000187,U00349,2026-03-15T10:53:22,/blog/how-to-buy,Content,668,Mobile,Affiliate,No,No
S000188,U00078,2025-12-08T13:46:23,/cart,Cart,79,Mobile,YouTube,No,No
S000189,U00181,2026-01-30T01:26:42,/home,Landing,85,Desktop,Email,Yes,Yes
S000190,U00040,2026-05-16T17:27:14,/offers,Promotion,102,Mobile,Affiliate,No,No
S000191,U00406,2025-02-01T20:43:07,/checkout,Checkout,470,Tablet,Affiliate,Yes,No
S000192,U00257,2025-04-28T04:15:15,/blog/how-to-buy,Content,73,Mobile,Instagram,Yes,No
S000193,U00021,2025-07-12T10:16:39,/product/sku-100,Product,734,Mobile,Email,Yes,No
S000194,U00199,2025-11-14T12:00:49,/offers,Promotion,356,Mobile,Direct,No,Yes
S000195,U00286,2026-06-11T21:54:27,/search,Discovery,405,Desktop,YouTube,Yes,No
S000196,U00180,2025-08-29T23:08:19,/product/sku-100,Product,681,Mobile,Email,Yes,No
S000197,U00159,2026-03-11T03:03:45,/search,Discovery,395,Mobile,Instagram,Yes,No
S000198,U00048,2026-05-17T18:46:31,/checkout,Checkout,696,Mobile,Instagram,Yes,No
S000199,U00110,2025-09-23T10:21:09,/product/sku-100,Product,507,Desktop,Google,Yes,Yes
S000200,U00260,2026-02-24T06:03:22,/search,Discovery,766,Mobile,Direct,No,No
S000201,U00306,2025-10-20T14:34:02,/product/sku-100,Product,167,Desktop,YouTube,Yes,No
S000202,U00211,2025-10-10T23:01:59,/home,Landing,702,Mobile,Email,No,No
S000203,U00120,2026-02-19T18:41:21,/blog/how-to-buy,Content,254,Desktop,Email,Yes,No
S000204,U00237,2025-08-07T20:36:20,/blog/how-to-buy,Content,401,Mobile,Email,Yes,No
S000205,U00129,2025-02-10T12:42:07,/product/sku-100,Product,666,Mobile,Instagram,Yes,No
S000206,U00064,2025-08-10T09:57:35,/checkout,Checkout,95,Mobile,Instagram,No,No
S000207,U00224,2025-03-13T05:39:53,/product/sku-100,Product,237,Mobile,Instagram,Yes,No
S000208,U00258,2025-10-18T11:08:50,/support,Support,251,Desktop,Direct,No,No
S000209,U00051,2026-05-20T20:08:43,/cart,Cart,353,Mobile,Google,Yes,No
S000210,U00357,2025-04-18T19:16:59,/blog/how-to-buy,Content,732,Mobile,Affiliate,Yes,No
S000211,U00132,2025-06-17T12:05:44,/home,Landing,163,Mobile,YouTube,No,Yes
S000212,U00122,2025-08-22T21:51:54,/offers,Promotion,134,Desktop,Email,No,Yes
S000213,U00306,2026-02-21T08:46:00,/blog/how-to-buy,Content,26,Mobile,Affiliate,Yes,No
S000214,U00220,2025-01-02T05:09:40,/offers,Promotion,639,Desktop,Affiliate,No,Yes
S000215,U00269,2025-10-08T02:08:28,/search,Discovery,79,Tablet,Affiliate,Yes,No
S000216,U00023,2026-05-09T17:45:44,/blog/how-to-buy,Content,406,Tablet,Instagram,Yes,No
S000217,U00177,2025-07-07T06:54:46,/search,Discovery,760,Mobile,Direct,No,Yes
S000218,U00280,2025-09-20T22:58:41,/cart,Cart,668,Desktop,YouTube,No,No
S000219,U00324,2025-05-22T13:54:29,/blog/how-to-buy,Content,148,Desktop,Email,Yes,No
S000220,U00406,2025-06-04T22:23:13,/home,Landing,52,Desktop,Instagram,No,No
S000221,U00243,2025-07-16T18:06:39,/checkout,Checkout,47,Mobile,Google,No,No
S000222,U00336,2025-09-15T19:31:28,/home,Landing,289,Desktop,Instagram,No,No
S000223,U00198,2025-09-21T08:06:02,/blog/how-to-buy,Content,201,Mobile,Email,No,No
S000224,U00137,2025-03-06T03:59:24,/checkout,Checkout,754,Mobile,Email,Yes,No
S000225,U00053,2025-03-04T04:35:33,/cart,Cart,345,Mobile,Instagram,No,No
S000226,U00086,2026-06-20T18:08:52,/support,Support,464,Desktop,Direct,No,No
S000227,U00141,2026-05-12T16:34:18,/support,Support,68,Desktop,YouTube,No,No
S000228,U00016,2025-04-21T21:36:07,/product/sku-100,Product,632,Mobile,Email,Yes,Yes
S000229,U00399,2026-05-17T02:42:27,/product/sku-220,Product,385,Desktop,Affiliate,Yes,No
S000230,U00190,2025-10-16T22:49:55,/blog/how-to-buy,Content,464,Mobile,Affiliate,Yes,No
S000231,U00161,2026-05-20T12:41:23,/support,Support,295,Desktop,Direct,Yes,No
S000232,U00266,2025-10-28T13:58:03,/blog/how-to-buy,Content,585,Desktop,Instagram,No,No
S000233,U00356,2026-01-17T12:38:07,/offers,Promotion,214,Desktop,Direct,No,Yes
S000234,U00045,2026-06-14T16:04:57,/blog/how-to-buy,Content,337,Mobile,YouTube,Yes,No
S000235,U00154,2025-05-03T08:06:38,/offers,Promotion,738,Mobile,YouTube,Yes,No
S000236,U00115,2025-04-05T06:21:36,/checkout,Checkout,215,Mobile,Google,No,Yes
S000237,U00294,2025-10-14T13:00:09,/checkout,Checkout,488,Mobile,Affiliate,Yes,No
S000238,U00034,2025-08-29T05:35:48,/search,Discovery,417,Tablet,YouTube,No,No
S000239,U00295,2025-02-27T06:48:46,/support,Support,138,Tablet,YouTube,Yes,No
S000240,U00177,2025-04-10T16:19:49,/checkout,Checkout,574,Mobile,Google,Yes,No
S000241,U00064,2026-02-07T10:07:25,/home,Landing,166,Desktop,Google,No,No
S000242,U00178,2026-02-08T00:57:21,/product/sku-220,Product,300,Mobile,Instagram,Yes,No
S000243,U00141,2025-04-08T05:20:36,/checkout,Checkout,650,Desktop,Affiliate,Yes,No
S000244,U00304,2026-03-28T00:02:07,/product/sku-100,Product,167,Desktop,Affiliate,No,No
S000245,U00015,2025-03-05T02:06:13,/home,Landing,56,Tablet,Affiliate,No,No
S000246,U00317,2026-05-12T07:39:33,/support,Support,41,Mobile,YouTube,No,No
S000247,U00248,2025-07-10T04:51:18,/offers,Promotion,711,Mobile,Email,Yes,No
S000248,U00226,2025-11-19T19:45:03,/product/sku-100,Product,505,Mobile,Instagram,Yes,No
S000249,U00376,2025-09-26T06:10:25,/cart,Cart,418,Desktop,Instagram,Yes,No
S000250,U00063,2025-07-27T18:02:00,/blog/how-to-buy,Content,470,Desktop,Direct,Yes,No
S000251,U00316,2025-11-21T18:35:47,/support,Support,264,Tablet,Google,No,No
S000252,U00098,2025-05-04T18:21:28,/cart,Cart,520,Tablet,Email,No,No
S000253,U00012,2025-03-11T22:38:12,/blog/how-to-buy,Content,412,Mobile,Google,Yes,No
S000254,U00026,2025-08-07T12:51:44,/home,Landing,516,Mobile,YouTube,No,No
S000255,U00056,2025-12-01T17:04:33,/home,Landing,147,Mobile,YouTube,No,No
S000256,U00024,2025-11-08T03:22:57,/cart,Cart,62,Mobile,Google,No,No
S000257,U00198,2026-01-27T16:00:15,/search,Discovery,471,Mobile,Instagram,Yes,Yes
S000258,U00202,2025-10-17T20:55:16,/search,Discovery,357,Mobile,Instagram,Yes,Yes
S000259,U00206,2026-01-24T10:07:40,/checkout,Checkout,51,Desktop,Google,No,No
S000260,U00234,2025-04-26T16:27:18,/checkout,Checkout,630,Mobile,Google,No,No
S000261,U00084,2025-11-02T05:12:15,/cart,Cart,641,Mobile,Instagram,No,No
S000262,U00273,2026-01-16T11:24:12,/checkout,Checkout,735,Mobile,Email,Yes,No
S000263,U00214,2026-03-30T08:59:47,/search,Discovery,325,Mobile,YouTube,Yes,No
S000264,U00336,2026-03-26T07:32:35,/offers,Promotion,601,Desktop,Direct,No,Yes
S000265,U00076,2026-06-13T17:40:08,/support,Support,258,Desktop,YouTube,Yes,Yes
S000266,U00161,2025-11-22T06:37:50,/blog/how-to-buy,Content,165,Mobile,Google,No,No
S000267,U00377,2025-02-18T09:00:26,/blog/how-to-buy,Content,732,Desktop,Google,No,No
S000268,U00270,2025-10-20T16:31:22,/blog/how-to-buy,Content,331,Tablet,Email,No,No
S000269,U00313,2026-01-12T01:46:16,/offers,Promotion,206,Tablet,Instagram,No,No
S000270,U00395,2025-08-13T11:25:39,/offers,Promotion,731,Desktop,YouTube,No,No
S000271,U00287,2025-08-01T09:37:04,/cart,Cart,304,Desktop,YouTube,No,No
S000272,U00420,2025-09-26T01:46:35,/support,Support,159,Desktop,Instagram,Yes,No
S000273,U00336,2025-07-19T04:27:43,/blog/how-to-buy,Content,775,Mobile,Google,No,No
S000274,U00071,2025-03-26T20:07:51,/offers,Promotion,640,Mobile,Google,Yes,Yes
S000275,U00116,2026-05-11T12:08:55,/checkout,Checkout,248,Desktop,Email,No,No
S000276,U00349,2025-04-17T18:34:16,/search,Discovery,15,Tablet,Google,No,No
S000277,U00245,2026-05-21T06:55:12,/blog/how-to-buy,Content,214,Mobile,Instagram,No,No
S000278,U00394,2025-03-11T11:40:07,/home,Landing,677,Mobile,Affiliate,Yes,No
S000279,U00214,2025-05-17T12:56:20,/product/sku-100,Product,47,Tablet,Email,No,Yes
S000280,U00020,2025-01-08T04:45:09,/offers,Promotion,315,Mobile,Direct,No,No
S000281,U00269,2026-01-19T15:11:41,/checkout,Checkout,147,Mobile,Email,No,Yes
S000282,U00170,2025-05-07T05:06:45,/search,Discovery,758,Mobile,Instagram,Yes,Yes
S000283,U00405,2025-08-18T03:39:02,/cart,Cart,591,Mobile,Google,Yes,No
S000284,U00219,2026-02-05T05:31:39,/support,Support,345,Desktop,YouTube,Yes,Yes
S000285,U00245,2025-09-09T08:22:20,/product/sku-100,Product,264,Desktop,Email,Yes,No
S000286,U00169,2025-08-23T12:40:42,/offers,Promotion,606,Mobile,Direct,No,No
S000287,U00032,2026-06-03T16:26:07,/product/sku-220,Product,131,Mobile,Google,No,No
S000288,U00354,2025-04-02T04:47:17,/offers,Promotion,664,Tablet,Instagram,No,No
S000289,U00069,2026-01-07T09:57:24,/product/sku-220,Product,166,Mobile,Affiliate,No,No
S000290,U00242,2026-02-22T12:03:21,/checkout,Checkout,690,Mobile,Google,Yes,No
S000291,U00361,2025-10-09T00:09:31,/checkout,Checkout,89,Tablet,Direct,Yes,No
S000292,U00104,2026-03-21T19:55:58,/checkout,Checkout,559,Desktop,Instagram,No,Yes
S000293,U00368,2026-03-29T22:39:38,/product/sku-220,Product,510,Desktop,Affiliate,No,No
S000294,U00068,2026-02-03T15:37:59,/blog/how-to-buy,Content,435,Mobile,Direct,No,No
S000295,U00371,2025-01-17T21:49:50,/offers,Promotion,415,Desktop,Direct,Yes,No
S000296,U00217,2025-09-25T14:29:00,/home,Landing,727,Desktop,Direct,Yes,No
S000297,U00017,2025-08-11T23:45:31,/blog/how-to-buy,Content,428,Desktop,Google,No,No
S000298,U00230,2025-10-21T05:02:31,/support,Support,394,Desktop,YouTube,Yes,No
S000299,U00061,2025-05-19T14:59:22,/cart,Cart,560,Desktop,Google,Yes,No
S000300,U00153,2025-12-26T15:01:05,/home,Landing,699,Mobile,Email,No,No
S000301,U00236,2025-09-26T20:53:06,/product/sku-220,Product,168,Desktop,YouTube,Yes,Yes
S000302,U00315,2025-01-13T03:39:31,/support,Support,256,Desktop,Direct,Yes,No
S000303,U00126,2025-02-04T08:37:56,/home,Landing,421,Mobile,Affiliate,Yes,No
S000304,U00072,2026-01-27T09:17:57,/home,Landing,306,Desktop,YouTube,No,No
S000305,U00122,2025-08-23T09:17:48,/cart,Cart,156,Tablet,Affiliate,Yes,No
S000306,U00032,2026-03-09T09:58:40,/offers,Promotion,615,Mobile,Google,No,No
S000307,U00177,2026-05-15T16:16:50,/home,Landing,697,Desktop,Affiliate,No,No
S000308,U00077,2025-08-21T22:19:36,/support,Support,395,Desktop,Affiliate,No,No
S000309,U00154,2025-04-23T02:54:41,/product/sku-220,Product,484,Tablet,Affiliate,No,No
S000310,U00272,2025-04-15T03:40:12,/checkout,Checkout,407,Desktop,Google,No,No
S000311,U00190,2025-03-13T19:39:13,/blog/how-to-buy,Content,558,Mobile,Google,Yes,No
S000312,U00038,2025-05-27T03:37:04,/home,Landing,611,Mobile,Affiliate,Yes,No
S000313,U00156,2025-01-12T21:50:27,/cart,Cart,226,Tablet,YouTube,Yes,No
S000314,U00125,2026-06-25T07:24:49,/blog/how-to-buy,Content,628,Mobile,Email,Yes,No
S000315,U00195,2025-12-29T03:32:18,/offers,Promotion,556,Mobile,Instagram,No,No
S000316,U00239,2025-03-18T14:11:26,/blog/how-to-buy,Content,749,Mobile,Instagram,Yes,No
S000317,U00024,2026-03-13T22:13:15,/support,Support,236,Mobile,Direct,No,No
S000318,U00152,2025-04-29T09:09:16,/support,Support,210,Desktop,Email,Yes,No
S000319,U00132,2026-01-15T12:33:26,/cart,Cart,750,Mobile,Email,No,Yes
S000320,U00087,2025-04-19T17:00:57,/cart,Cart,747,Mobile,Google,Yes,No
S000321,U00419,2026-06-04T00:26:26,/search,Discovery,59,Mobile,Email,Yes,No
S000322,U00035,2025-04-28T07:23:48,/product/sku-220,Product,19,Desktop,Email,No,Yes
S000323,U00338,2026-01-14T22:15:53,/blog/how-to-buy,Content,26,Desktop,Affiliate,No,Yes
S000324,U00370,2025-08-02T09:32:18,/checkout,Checkout,558,Tablet,Direct,No,No
S000325,U00055,2025-03-16T19:25:15,/product/sku-100,Product,546,Desktop,Google,No,No
S000326,U00408,2025-11-05T06:41:08,/offers,Promotion,90,Desktop,Email,No,No
S000327,U00154,2026-06-16T07:27:36,/product/sku-220,Product,92,Mobile,YouTube,Yes,Yes
S000328,U00194,2026-03-06T07:06:05,/support,Support,497,Desktop,Direct,Yes,Yes
S000329,U00331,2025-09-15T07:19:54,/support,Support,589,Tablet,Direct,Yes,No
S000330,U00139,2025-02-06T03:58:40,/blog/how-to-buy,Content,86,Mobile,Instagram,Yes,Yes
S000331,U00009,2025-06-10T21:42:25,/cart,Cart,611,Desktop,YouTube,No,No
S000332,U00084,2026-03-15T00:56:34,/offers,Promotion,256,Mobile,Email,No,No
S000333,U00405,2026-06-20T09:40:47,/product/sku-100,Product,751,Desktop,YouTube,No,Yes
S000334,U00119,2025-03-01T01:04:58,/support,Support,358,Mobile,Affiliate,No,No
S000335,U00016,2026-05-08T12:54:30,/cart,Cart,289,Mobile,Email,No,No
S000336,U00193,2025-12-02T10:13:45,/checkout,Checkout,200,Mobile,YouTube,No,Yes
S000337,U00409,2025-07-11T10:09:24,/offers,Promotion,740,Desktop,Instagram,Yes,No
S000338,U00379,2025-10-30T15:04:48,/product/sku-100,Product,334,Desktop,Direct,Yes,No
S000339,U00185,2025-07-29T12:48:39,/blog/how-to-buy,Content,114,Desktop,Google,No,No
S000340,U00263,2025-11-13T22:29:41,/checkout,Checkout,115,Desktop,Instagram,Yes,No
S000341,U00198,2025-01-10T14:02:44,/cart,Cart,308,Mobile,Direct,Yes,No
S000342,U00351,2025-10-23T17:21:33,/product/sku-100,Product,183,Desktop,Instagram,No,No
S000343,U00086,2025-12-04T14:57:10,/search,Discovery,292,Mobile,Email,Yes,No
S000344,U00370,2026-05-01T11:28:20,/product/sku-220,Product,517,Mobile,Google,No,Yes
S000345,U00004,2025-11-04T08:13:59,/offers,Promotion,350,Mobile,Email,No,No
S000346,U00418,2026-05-21T16:12:23,/support,Support,618,Desktop,Instagram,Yes,No
S000347,U00204,2025-09-05T21:09:26,/product/sku-100,Product,308,Mobile,YouTube,No,No
S000348,U00167,2025-10-20T02:10:44,/product/sku-220,Product,297,Mobile,Email,No,Yes
S000349,U00304,2026-02-28T19:15:48,/product/sku-220,Product,194,Mobile,Affiliate,Yes,No
S000350,U00363,2025-06-12T20:07:45,/blog/how-to-buy,Content,458,Mobile,YouTube,Yes,No
S000351,U00345,2026-01-23T19:41:11,/support,Support,152,Mobile,Google,No,No
S000352,U00405,2025-10-20T19:37:05,/support,Support,85,Mobile,Affiliate,No,No
S000353,U00260,2026-06-22T06:23:16,/checkout,Checkout,438,Mobile,Instagram,Yes,Yes
S000354,U00337,2026-06-01T06:47:31,/product/sku-220,Product,373,Desktop,Affiliate,Yes,No
S000355,U00386,2025-09-15T13:24:37,/support,Support,450,Desktop,Direct,No,No
S000356,U00286,2026-03-27T21:38:43,/checkout,Checkout,714,Mobile,Email,No,No
S000357,U00078,2025-09-25T22:39:29,/checkout,Checkout,35,Mobile,Instagram,No,No
S000358,U00060,2025-04-21T01:01:00,/search,Discovery,366,Desktop,Email,Yes,No
S000359,U00244,2025-03-17T19:49:30,/cart,Cart,458,Mobile,Email,No,Yes
S000360,U00415,2025-03-31T09:20:41,/home,Landing,33,Mobile,YouTube,Yes,No
S000361,U00380,2025-07-09T10:52:00,/product/sku-100,Product,538,Desktop,Google,No,No
S000362,U00119,2025-11-11T14:37:53,/blog/how-to-buy,Content,654,Desktop,YouTube,No,No
S000363,U00231,2026-04-05T23:28:01,/product/sku-220,Product,449,Desktop,YouTube,Yes,No
S000364,U00296,2025-03-21T00:47:44,/search,Discovery,559,Desktop,Instagram,Yes,No
S000365,U00344,2026-01-16T04:38:33,/offers,Promotion,550,Tablet,Instagram,No,No
S000366,U00179,2025-10-01T09:28:28,/search,Discovery,478,Mobile,YouTube,No,No
S000367,U00345,2025-04-15T00:58:02,/search,Discovery,330,Desktop,Instagram,Yes,Yes
S000368,U00262,2025-10-29T17:28:48,/product/sku-100,Product,438,Mobile,Affiliate,No,No
S000369,U00326,2026-02-22T09:28:32,/blog/how-to-buy,Content,720,Tablet,Google,Yes,No
S000370,U00096,2025-09-02T08:11:47,/product/sku-100,Product,471,Mobile,Instagram,Yes,No
S000371,U00418,2025-10-26T05:14:17,/product/sku-220,Product,585,Mobile,Email,No,No
S000372,U00364,2025-12-11T17:59:46,/support,Support,510,Desktop,Affiliate,Yes,No
S000373,U00150,2025-01-26T09:28:50,/product/sku-220,Product,291,Desktop,Instagram,Yes,No
S000374,U00282,2026-02-01T18:06:49,/blog/how-to-buy,Content,125,Mobile,Instagram,No,No
S000375,U00390,2025-12-09T19:40:09,/home,Landing,569,Desktop,Email,Yes,No
S000376,U00153,2025-01-26T00:49:05,/product/sku-220,Product,470,Desktop,Direct,No,No
S000377,U00398,2025-07-04T00:59:40,/search,Discovery,224,Mobile,Affiliate,No,No
S000378,U00085,2026-04-24T13:53:27,/support,Support,152,Mobile,Google,Yes,No
S000379,U00144,2026-04-09T14:14:01,/checkout,Checkout,561,Desktop,YouTube,No,No
S000380,U00264,2026-06-12T15:03:25,/offers,Promotion,107,Desktop,Email,Yes,No
S000381,U00360,2025-04-14T01:32:12,/product/sku-100,Product,265,Desktop,Instagram,Yes,No
S000382,U00251,2025-04-21T10:16:16,/support,Support,601,Mobile,YouTube,No,No
S000383,U00325,2025-03-14T07:24:45,/search,Discovery,422,Mobile,Instagram,No,No
S000384,U00168,2026-03-29T00:26:15,/blog/how-to-buy,Content,12,Mobile,YouTube,Yes,No
S000385,U00326,2026-05-31T20:32:17,/blog/how-to-buy,Content,724,Desktop,Direct,No,No
S000386,U00109,2026-01-20T06:09:18,/support,Support,284,Desktop,Instagram,No,No
S000387,U00290,2026-01-12T23:21:15,/product/sku-100,Product,361,Mobile,Direct,Yes,Yes
S000388,U00009,2025-04-07T11:56:55,/blog/how-to-buy,Content,171,Mobile,Direct,No,No
S000389,U00333,2025-08-23T11:10:51,/product/sku-100,Product,172,Mobile,Instagram,Yes,No
S000390,U00043,2025-10-16T19:40:12,/offers,Promotion,690,Tablet,Google,Yes,No
S000391,U00372,2026-06-28T06:31:55,/offers,Promotion,249,Mobile,Direct,Yes,Yes
S000392,U00040,2025-04-14T01:42:12,/blog/how-to-buy,Content,617,Desktop,YouTube,No,Yes
S000393,U00419,2025-04-04T16:01:51,/cart,Cart,442,Mobile,Email,Yes,No
S000394,U00375,2025-03-21T13:22:51,/search,Discovery,115,Desktop,Instagram,Yes,No
S000395,U00329,2026-06-10T22:45:00,/product/sku-100,Product,156,Desktop,Affiliate,Yes,No
S000396,U00226,2025-09-30T18:36:48,/product/sku-100,Product,749,Desktop,YouTube,Yes,No
S000397,U00112,2025-03-09T07:58:55,/blog/how-to-buy,Content,112,Desktop,Direct,No,No
S000398,U00162,2025-04-19T14:37:25,/support,Support,263,Desktop,Direct,Yes,No
S000399,U00399,2026-06-21T07:24:25,/offers,Promotion,37,Mobile,YouTube,No,No
S000400,U00097,2025-11-01T06:46:05,/checkout,Checkout,312,Mobile,Google,No,No
S000401,U00256,2026-05-11T14:43:00,/product/sku-220,Product,618,Desktop,Direct,No,No
S000402,U00199,2026-03-18T11:22:42,/product/sku-100,Product,440,Desktop,YouTube,Yes,No
S000403,U00009,2026-04-02T05:14:57,/search,Discovery,79,Desktop,Google,Yes,No
S000404,U00260,2025-08-11T12:31:10,/support,Support,653,Mobile,Email,No,No
S000405,U00328,2026-02-21T18:17:35,/search,Discovery,560,Mobile,Instagram,Yes,No
S000406,U00105,2025-05-01T16:26:22,/checkout,Checkout,559,Desktop,Affiliate,Yes,No
S000407,U00374,2025-07-05T08:31:24,/support,Support,69,Desktop,Email,Yes,No
S000408,U00159,2026-06-02T08:37:23,/home,Landing,769,Mobile,Google,Yes,Yes
S000409,U00360,2025-01-09T19:35:26,/product/sku-100,Product,177,Mobile,Instagram,No,Yes
S000410,U00384,2025-07-28T18:07:59,/product/sku-100,Product,760,Mobile,Direct,No,No
S000411,U00269,2025-02-19T14:39:36,/offers,Promotion,279,Mobile,Affiliate,Yes,No
S000412,U00185,2025-02-13T01:27:35,/checkout,Checkout,521,Mobile,Google,No,Yes
S000413,U00294,2026-06-08T14:30:56,/search,Discovery,750,Desktop,YouTube,Yes,Yes
S000414,U00126,2025-02-05T17:09:28,/home,Landing,493,Desktop,Google,Yes,No
S000415,U00284,2026-05-25T07:11:43,/home,Landing,439,Desktop,Google,No,No
S000416,U00139,2025-03-02T11:55:12,/cart,Cart,595,Desktop,Affiliate,Yes,Yes
S000417,U00024,2025-11-08T09:46:51,/checkout,Checkout,80,Mobile,Instagram,No,No
S000418,U00234,2025-01-07T04:33:22,/checkout,Checkout,387,Desktop,Affiliate,No,No
S000419,U00238,2025-10-14T01:07:04,/product/sku-220,Product,615,Tablet,Google,Yes,Yes
S000420,U00013,2025-06-30T23:23:33,/support,Support,564,Desktop,YouTube,Yes,No
S000421,U00389,2026-05-26T13:01:54,/home,Landing,395,Mobile,YouTube,No,Yes
S000422,U00122,2025-11-23T01:56:04,/checkout,Checkout,513,Tablet,Google,No,Yes
S000423,U00267,2025-11-17T19:56:12,/product/sku-220,Product,727,Mobile,Email,Yes,No
S000424,U00069,2026-05-10T22:33:40,/checkout,Checkout,413,Desktop,Affiliate,Yes,No
S000425,U00122,2025-08-15T13:14:06,/product/sku-100,Product,277,Mobile,Email,No,No
S000426,U00120,2025-02-28T00:16:28,/offers,Promotion,217,Desktop,Affiliate,Yes,Yes
S000427,U00231,2025-12-28T23:53:49,/product/sku-100,Product,331,Mobile,Affiliate,No,No
S000428,U00232,2025-08-28T11:16:20,/product/sku-220,Product,484,Desktop,Direct,Yes,Yes
S000429,U00361,2026-06-26T06:44:49,/offers,Promotion,627,Desktop,Instagram,Yes,Yes
S000430,U00183,2025-11-04T18:31:55,/product/sku-220,Product,535,Desktop,Instagram,No,No
S000431,U00016,2025-11-11T02:25:02,/product/sku-100,Product,473,Mobile,Affiliate,Yes,Yes
S000432,U00412,2025-04-19T13:55:52,/search,Discovery,134,Desktop,Google,Yes,Yes
S000433,U00191,2026-06-18T01:17:04,/support,Support,655,Tablet,Direct,No,No
S000434,U00012,2025-02-20T01:50:45,/search,Discovery,212,Tablet,Email,Yes,Yes
S000435,U00063,2025-02-03T03:55:01,/cart,Cart,482,Desktop,Affiliate,No,No
S000436,U00255,2025-01-23T21:35:23,/support,Support,401,Mobile,Google,No,No
S000437,U00141,2025-08-06T08:52:01,/product/sku-100,Product,466,Mobile,Direct,Yes,No
S000438,U00211,2026-03-04T17:34:50,/blog/how-to-buy,Content,500,Desktop,Instagram,No,Yes
S000439,U00330,2026-02-13T09:53:04,/product/sku-220,Product,265,Mobile,Affiliate,Yes,No
S000440,U00246,2026-02-27T22:32:51,/cart,Cart,506,Desktop,Affiliate,No,No
S000441,U00014,2025-09-05T16:18:31,/product/sku-100,Product,621,Desktop,Instagram,Yes,No
S000442,U00272,2025-10-05T15:01:55,/blog/how-to-buy,Content,608,Tablet,Google,Yes,No
S000443,U00137,2026-02-19T12:41:40,/product/sku-220,Product,764,Desktop,Google,No,No
S000444,U00091,2025-07-03T17:37:57,/product/sku-100,Product,616,Desktop,YouTube,No,No
S000445,U00361,2026-06-29T03:23:59,/home,Landing,370,Tablet,Affiliate,Yes,No
S000446,U00415,2026-01-18T07:46:16,/product/sku-220,Product,565,Desktop,Email,Yes,Yes
S000447,U00309,2025-06-19T22:53:39,/product/sku-220,Product,30,Mobile,Direct,No,No
S000448,U00413,2025-04-12T08:30:05,/product/sku-220,Product,358,Mobile,Instagram,Yes,Yes
S000449,U00397,2025-03-28T03:42:34,/product/sku-100,Product,548,Mobile,Direct,No,No
S000450,U00301,2025-03-20T11:22:34,/support,Support,354,Desktop,Google,Yes,No
S000451,U00406,2026-05-12T12:46:54,/support,Support,508,Mobile,Google,No,No
S000452,U00194,2025-08-27T07:35:58,/product/sku-100,Product,761,Mobile,Google,Yes,No
S000453,U00395,2026-03-17T18:38:43,/support,Support,43,Desktop,Instagram,Yes,No
S000454,U00255,2025-04-20T05:46:56,/search,Discovery,349,Mobile,Google,No,No
S000455,U00326,2025-03-10T21:58:21,/product/sku-100,Product,735,Mobile,YouTube,No,No
S000456,U00108,2025-07-13T19:46:43,/offers,Promotion,719,Desktop,Instagram,Yes,No
S000457,U00198,2025-12-07T09:00:55,/home,Landing,760,Mobile,Google,No,No
S000458,U00180,2026-03-01T02:37:28,/support,Support,394,Desktop,Email,Yes,Yes
S000459,U00410,2025-01-26T22:51:34,/search,Discovery,311,Desktop,Instagram,Yes,Yes
S000460,U00193,2025-05-05T23:28:37,/product/sku-100,Product,759,Desktop,Direct,No,No
S000461,U00361,2025-01-25T01:45:18,/blog/how-to-buy,Content,451,Tablet,Google,No,Yes
S000462,U00170,2025-06-09T15:44:18,/search,Discovery,204,Mobile,Affiliate,No,No
S000463,U00122,2025-03-16T12:00:08,/offers,Promotion,60,Desktop,Affiliate,No,Yes
S000464,U00002,2025-11-29T03:09:10,/cart,Cart,99,Desktop,YouTube,No,Yes
S000465,U00106,2025-05-13T16:32:34,/home,Landing,663,Desktop,Direct,No,No
S000466,U00402,2025-11-05T17:19:42,/offers,Promotion,492,Mobile,YouTube,No,Yes
S000467,U00199,2025-05-24T14:26:08,/checkout,Checkout,389,Mobile,Instagram,Yes,No
S000468,U00226,2025-12-28T05:18:31,/offers,Promotion,279,Desktop,Instagram,Yes,Yes
S000469,U00044,2026-06-03T23:03:15,/search,Discovery,362,Mobile,Email,Yes,No
S000470,U00420,2026-02-10T21:38:22,/support,Support,438,Tablet,YouTube,No,No
S000471,U00244,2025-08-21T03:00:25,/product/sku-220,Product,90,Desktop,YouTube,Yes,No
S000472,U00410,2026-03-20T21:15:36,/checkout,Checkout,703,Tablet,Google,Yes,No
S000473,U00089,2025-05-10T20:10:38,/blog/how-to-buy,Content,226,Mobile,Google,Yes,No
S000474,U00104,2026-05-03T04:20:38,/support,Support,161,Mobile,Instagram,No,No
S000475,U00045,2025-10-29T10:41:33,/search,Discovery,579,Desktop,Instagram,No,No
S000476,U00403,2026-06-29T00:37:41,/home,Landing,648,Mobile,Email,Yes,No
S000477,U00291,2026-04-02T15:53:11,/product/sku-100,Product,606,Mobile,Direct,Yes,No
S000478,U00403,2025-08-11T05:09:26,/search,Discovery,558,Mobile,Email,No,No
S000479,U00293,2026-04-18T23:52:38,/blog/how-to-buy,Content,494,Desktop,Instagram,No,Yes
S000480,U00020,2025-11-04T10:06:41,/support,Support,349,Mobile,Direct,No,No
S000481,U00011,2025-09-20T10:16:48,/cart,Cart,320,Desktop,Email,Yes,No
S000482,U00069,2025-08-22T09:21:41,/product/sku-220,Product,771,Mobile,Instagram,No,No
S000483,U00097,2025-12-10T02:11:39,/search,Discovery,226,Tablet,Email,No,No
S000484,U00029,2026-02-05T05:19:24,/cart,Cart,172,Desktop,YouTube,No,Yes
S000485,U00292,2025-01-23T11:37:58,/checkout,Checkout,187,Desktop,Google,Yes,No
S000486,U00026,2025-10-07T21:52:42,/blog/how-to-buy,Content,731,Desktop,Instagram,No,No
S000487,U00349,2025-01-24T17:44:21,/search,Discovery,257,Desktop,Affiliate,No,Yes
S000488,U00301,2026-03-05T05:36:19,/blog/how-to-buy,Content,368,Desktop,Instagram,Yes,No
S000489,U00026,2025-05-07T12:48:50,/support,Support,595,Mobile,Google,Yes,No
S000490,U00138,2026-05-22T02:28:05,/product/sku-220,Product,429,Mobile,YouTube,Yes,No
S000491,U00332,2025-05-15T12:41:39,/product/sku-100,Product,625,Mobile,Google,No,No
S000492,U00365,2026-05-15T05:32:52,/offers,Promotion,291,Mobile,Email,No,No
S000493,U00239,2025-08-23T16:23:33,/product/sku-220,Product,703,Mobile,Affiliate,No,No
S000494,U00262,2026-05-30T11:12:01,/home,Landing,393,Mobile,Affiliate,No,No
S000495,U00247,2025-02-19T14:00:32,/search,Discovery,354,Tablet,YouTube,No,No
S000496,U00336,2026-05-22T00:12:54,/offers,Promotion,315,Desktop,Affiliate,Yes,No
S000497,U00339,2025-09-06T05:30:35,/support,Support,707,Desktop,Direct,No,No
S000498,U00215,2025-11-11T06:16:12,/offers,Promotion,407,Mobile,Affiliate,Yes,No
S000499,U00352,2026-02-20T06:19:14,/product/sku-220,Product,663,Mobile,YouTube,No,No
S000500,U00337,2026-03-10T14:29:52,/product/sku-100,Product,195,Desktop,Email,Yes,No
S000501,U00391,2025-05-23T04:38:29,/checkout,Checkout,706,Mobile,YouTube,Yes,No
S000502,U00382,2025-08-27T12:29:03,/product/sku-220,Product,440,Mobile,Instagram,No,No
S000503,U00238,2025-04-02T11:36:20,/offers,Promotion,491,Desktop,YouTube,Yes,No
S000504,U00257,2025-04-04T01:31:51,/product/sku-220,Product,707,Desktop,Instagram,No,Yes
S000505,U00071,2025-06-05T13:47:56,/product/sku-100,Product,360,Mobile,Affiliate,No,Yes
S000506,U00399,2025-03-04T18:26:05,/product/sku-100,Product,509,Desktop,Google,No,No
S000507,U00232,2025-08-01T10:55:44,/home,Landing,224,Mobile,Google,Yes,No
S000508,U00067,2026-04-23T06:43:57,/search,Discovery,454,Mobile,Email,No,No
S000509,U00003,2025-01-30T07:15:03,/support,Support,556,Desktop,Instagram,Yes,No
S000510,U00098,2025-01-14T21:58:50,/checkout,Checkout,702,Desktop,YouTube,Yes,No
S000511,U00160,2025-04-11T03:26:39,/cart,Cart,115,Desktop,Affiliate,No,Yes
S000512,U00153,2025-08-14T21:25:22,/home,Landing,476,Mobile,Affiliate,No,No
S000513,U00176,2026-01-16T17:35:34,/product/sku-100,Product,377,Mobile,Google,No,Yes
S000514,U00373,2025-04-12T21:51:10,/product/sku-220,Product,226,Mobile,Affiliate,Yes,Yes
S000515,U00193,2026-05-13T08:27:00,/home,Landing,271,Mobile,Affiliate,Yes,No
S000516,U00339,2025-03-25T23:22:50,/home,Landing,679,Mobile,Direct,Yes,No
S000517,U00064,2026-03-02T02:04:59,/support,Support,268,Mobile,Google,Yes,No
S000518,U00155,2025-11-23T21:36:45,/home,Landing,687,Desktop,Affiliate,No,No
S000519,U00215,2025-03-23T11:44:35,/product/sku-100,Product,533,Mobile,Direct,No,Yes
S000520,U00255,2025-06-04T07:02:31,/search,Discovery,633,Desktop,Instagram,Yes,No
S000521,U00152,2025-05-05T13:34:50,/support,Support,50,Mobile,Google,No,No
S000522,U00007,2026-06-06T16:08:56,/home,Landing,101,Tablet,Affiliate,No,Yes
S000523,U00400,2026-02-02T10:52:44,/search,Discovery,86,Mobile,Direct,No,No
S000524,U00152,2025-07-25T03:38:50,/blog/how-to-buy,Content,485,Desktop,Google,Yes,No
S000525,U00411,2026-06-10T15:50:33,/cart,Cart,330,Mobile,Direct,Yes,No
S000526,U00005,2025-04-18T11:51:33,/home,Landing,689,Mobile,Instagram,No,No
S000527,U00376,2025-03-14T04:44:17,/offers,Promotion,391,Mobile,Google,Yes,No
S000528,U00140,2025-10-27T14:15:28,/blog/how-to-buy,Content,716,Mobile,Email,Yes,Yes
S000529,U00082,2025-03-22T13:21:08,/home,Landing,436,Tablet,Email,No,Yes
S000530,U00399,2025-10-06T12:46:05,/support,Support,636,Desktop,YouTube,Yes,No
S000531,U00058,2025-11-16T10:53:39,/blog/how-to-buy,Content,461,Desktop,Instagram,No,Yes
S000532,U00393,2026-03-24T21:30:59,/checkout,Checkout,751,Mobile,YouTube,No,No
S000533,U00222,2026-05-29T23:13:45,/search,Discovery,754,Desktop,Instagram,No,Yes
S000534,U00314,2025-02-12T09:11:10,/checkout,Checkout,21,Mobile,Google,No,No
S000535,U00039,2026-01-17T20:58:56,/product/sku-100,Product,338,Desktop,Instagram,Yes,No
S000536,U00330,2025-10-22T02:18:58,/checkout,Checkout,422,Mobile,Direct,No,No
S000537,U00046,2026-01-23T03:53:45,/blog/how-to-buy,Content,467,Desktop,Email,Yes,Yes
S000538,U00019,2026-03-09T17:40:29,/support,Support,572,Desktop,Direct,No,No
S000539,U00106,2026-05-24T10:33:12,/checkout,Checkout,697,Mobile,Instagram,No,No
S000540,U00233,2025-09-15T20:25:05,/product/sku-220,Product,583,Mobile,Affiliate,No,No
S000541,U00367,2025-12-18T11:48:59,/cart,Cart,126,Desktop,YouTube,Yes,Yes
S000542,U00325,2025-08-15T18:58:05,/cart,Cart,570,Mobile,YouTube,Yes,Yes
S000543,U00253,2025-04-20T02:09:45,/product/sku-100,Product,744,Mobile,Email,Yes,No
S000544,U00097,2025-04-04T18:51:53,/product/sku-220,Product,412,Desktop,Google,No,Yes
S000545,U00024,2026-05-07T20:27:28,/support,Support,698,Mobile,Email,No,No
S000546,U00069,2026-01-23T10:50:23,/checkout,Checkout,14,Mobile,Direct,No,No
S000547,U00261,2025-05-18T15:17:34,/blog/how-to-buy,Content,718,Mobile,YouTube,Yes,Yes
S000548,U00259,2025-10-26T18:37:52,/cart,Cart,438,Tablet,YouTube,Yes,No
S000549,U00151,2025-12-18T17:39:20,/cart,Cart,146,Desktop,Affiliate,No,No
S000550,U00161,2026-03-06T23:30:29,/checkout,Checkout,657,Desktop,Google,No,No
S000551,U00364,2026-05-20T22:29:18,/product/sku-100,Product,192,Mobile,YouTube,No,No
S000552,U00288,2026-01-09T02:44:39,/cart,Cart,606,Mobile,YouTube,No,No
S000553,U00147,2025-11-25T01:51:09,/checkout,Checkout,23,Mobile,Direct,No,Yes
S000554,U00103,2025-07-27T08:50:08,/home,Landing,778,Mobile,Instagram,No,Yes
S000555,U00354,2025-08-18T05:49:08,/home,Landing,218,Mobile,Direct,No,No
S000556,U00316,2026-06-09T16:43:03,/search,Discovery,767,Mobile,Google,No,No
S000557,U00355,2026-06-01T03:03:28,/offers,Promotion,58,Tablet,Email,No,No
S000558,U00283,2025-02-11T18:56:44,/cart,Cart,23,Mobile,Google,No,No
S000559,U00387,2026-04-03T00:17:51,/cart,Cart,569,Mobile,Google,Yes,No
S000560,U00350,2025-02-27T20:12:09,/product/sku-100,Product,201,Tablet,YouTube,Yes,No
S000561,U00143,2026-03-09T07:45:01,/support,Support,280,Desktop,Affiliate,No,Yes
S000562,U00364,2025-05-01T05:47:14,/blog/how-to-buy,Content,50,Desktop,Instagram,Yes,No
S000563,U00252,2026-03-21T19:28:22,/offers,Promotion,573,Desktop,YouTube,No,No
S000564,U00267,2025-02-22T22:54:05,/product/sku-100,Product,527,Desktop,Affiliate,No,Yes
S000565,U00110,2026-05-31T05:27:03,/product/sku-220,Product,349,Desktop,Instagram,Yes,No
S000566,U00244,2026-03-13T00:02:12,/checkout,Checkout,780,Tablet,Direct,Yes,No
S000567,U00124,2026-05-14T20:40:31,/blog/how-to-buy,Content,638,Tablet,Google,Yes,No
S000568,U00196,2025-03-30T01:26:42,/cart,Cart,405,Desktop,YouTube,No,Yes
S000569,U00395,2025-10-19T05:43:28,/checkout,Checkout,536,Mobile,Email,No,Yes
S000570,U00165,2026-02-04T03:41:29,/product/sku-220,Product,94,Tablet,Google,Yes,No
S000571,U00344,2026-05-04T23:00:01,/product/sku-220,Product,228,Mobile,Email,Yes,No
S000572,U00332,2025-02-26T00:25:24,/support,Support,774,Mobile,Direct,No,No
S000573,U00045,2025-02-26T21:26:32,/home,Landing,65,Desktop,Instagram,Yes,No
S000574,U00133,2025-11-13T14:49:32,/product/sku-220,Product,407,Mobile,Email,No,No
S000575,U00345,2025-04-02T21:22:45,/support,Support,557,Desktop,YouTube,Yes,No
S000576,U00359,2025-02-26T09:09:55,/home,Landing,376,Tablet,Direct,No,No
S000577,U00311,2025-03-09T04:34:27,/offers,Promotion,298,Mobile,Email,No,No
S000578,U00243,2025-05-02T10:04:50,/home,Landing,556,Desktop,YouTube,No,No
S000579,U00152,2026-05-08T11:28:04,/checkout,Checkout,157,Desktop,YouTube,No,No
S000580,U00284,2026-03-08T03:15:00,/home,Landing,154,Desktop,Direct,No,No
S000581,U00157,2025-06-13T03:40:10,/search,Discovery,776,Mobile,YouTube,No,No
S000582,U00073,2025-05-06T00:24:24,/checkout,Checkout,198,Desktop,Instagram,Yes,Yes
S000583,U00385,2026-03-03T07:19:34,/home,Landing,482,Mobile,Direct,No,No
S000584,U00051,2025-06-03T08:07:50,/offers,Promotion,753,Mobile,Instagram,No,Yes
S000585,U00052,2025-08-10T11:20:29,/product/sku-220,Product,644,Desktop,Google,No,No
S000586,U00316,2026-05-28T04:31:18,/cart,Cart,323,Mobile,Google,No,No
S000587,U00087,2025-01-04T18:04:22,/support,Support,330,Desktop,Google,No,No
S000588,U00069,2026-06-12T20:17:33,/cart,Cart,760,Desktop,Email,No,No
S000589,U00250,2026-03-05T11:54:29,/offers,Promotion,121,Desktop,Affiliate,Yes,No
S000590,U00276,2025-06-02T13:45:23,/product/sku-100,Product,279,Mobile,YouTube,Yes,No
S000591,U00260,2026-05-06T14:22:16,/home,Landing,41,Mobile,Affiliate,No,No
S000592,U00019,2026-03-05T10:27:26,/product/sku-220,Product,276,Mobile,Affiliate,No,No
S000593,U00188,2025-11-01T20:41:58,/product/sku-100,Product,238,Mobile,Affiliate,No,Yes
S000594,U00262,2025-03-12T08:02:57,/checkout,Checkout,416,Desktop,Direct,Yes,No
S000595,U00388,2026-02-04T08:12:08,/product/sku-100,Product,153,Mobile,Google,Yes,No
S000596,U00184,2025-02-01T09:28:48,/blog/how-to-buy,Content,234,Mobile,Google,Yes,No
S000597,U00022,2026-06-04T07:20:20,/product/sku-220,Product,221,Mobile,Instagram,No,No
S000598,U00024,2025-01-31T23:52:38,/blog/how-to-buy,Content,674,Desktop,YouTube,No,No
S000599,U00297,2026-02-27T19:25:14,/offers,Promotion,593,Desktop,YouTube,No,No
S000600,U00265,2025-07-15T09:54:38,/search,Discovery,395,Tablet,Google,No,No
S000601,U00250,2026-01-10T11:11:00,/cart,Cart,628,Desktop,Google,No,Yes
S000602,U00264,2026-05-15T19:16:50,/search,Discovery,297,Desktop,Google,Yes,No
S000603,U00339,2025-06-28T21:58:00,/search,Discovery,434,Mobile,YouTube,Yes,No
S000604,U00246,2025-06-13T15:48:22,/blog/how-to-buy,Content,614,Desktop,Email,Yes,No
S000605,U00294,2026-04-06T02:09:38,/product/sku-100,Product,174,Desktop,Affiliate,Yes,No
S000606,U00029,2025-05-10T04:49:40,/product/sku-100,Product,274,Tablet,Affiliate,No,No
S000607,U00369,2026-05-29T23:49:19,/home,Landing,300,Tablet,Google,No,No
S000608,U00247,2025-05-13T11:35:43,/blog/how-to-buy,Content,234,Mobile,Affiliate,Yes,No
S000609,U00320,2026-05-28T08:44:38,/product/sku-100,Product,533,Desktop,YouTube,No,No
S000610,U00118,2025-10-21T18:22:14,/search,Discovery,404,Desktop,Direct,Yes,No
S000611,U00351,2025-11-23T01:32:46,/checkout,Checkout,163,Mobile,Google,No,No
S000612,U00402,2026-02-17T18:34:20,/home,Landing,525,Mobile,Direct,No,No
S000613,U00001,2026-06-12T01:15:47,/checkout,Checkout,674,Mobile,Email,No,No
S000614,U00220,2025-06-28T05:56:01,/checkout,Checkout,503,Mobile,Email,No,No
S000615,U00218,2025-04-14T23:45:43,/search,Discovery,270,Mobile,Google,Yes,No
S000616,U00210,2025-07-20T05:49:59,/checkout,Checkout,203,Desktop,YouTube,Yes,No
S000617,U00267,2025-01-06T14:06:24,/search,Discovery,394,Mobile,YouTube,No,No
S000618,U00080,2025-11-27T22:33:00,/search,Discovery,677,Mobile,Instagram,No,No
S000619,U00349,2025-11-05T17:04:56,/offers,Promotion,218,Mobile,Affiliate,No,Yes
S000620,U00285,2026-01-11T17:56:34,/checkout,Checkout,269,Tablet,Affiliate,No,No
S000621,U00377,2025-04-18T05:47:01,/support,Support,685,Desktop,Google,No,No
S000622,U00052,2025-06-16T13:47:22,/product/sku-100,Product,530,Mobile,Instagram,Yes,Yes
S000623,U00412,2025-03-12T18:00:51,/home,Landing,158,Mobile,Affiliate,No,Yes
S000624,U00114,2025-10-16T00:52:04,/offers,Promotion,91,Mobile,YouTube,No,No
S000625,U00315,2026-05-25T15:59:34,/support,Support,543,Desktop,Affiliate,Yes,No
S000626,U00328,2026-01-19T23:41:40,/product/sku-100,Product,459,Desktop,YouTube,No,Yes
S000627,U00265,2026-06-27T12:02:48,/checkout,Checkout,247,Mobile,YouTube,Yes,No
S000628,U00081,2025-03-09T10:52:02,/home,Landing,292,Mobile,Instagram,No,No
S000629,U00266,2025-01-12T22:27:09,/product/sku-220,Product,764,Mobile,Direct,No,No
S000630,U00299,2025-09-28T08:57:56,/checkout,Checkout,365,Tablet,Instagram,Yes,No
S000631,U00233,2025-11-10T18:17:39,/product/sku-220,Product,598,Desktop,Google,No,No
S000632,U00038,2026-01-26T19:45:11,/checkout,Checkout,311,Desktop,Direct,No,No
S000633,U00356,2025-12-10T21:48:20,/offers,Promotion,396,Mobile,Google,No,No
S000634,U00349,2025-12-24T20:27:05,/blog/how-to-buy,Content,610,Mobile,Email,Yes,No
S000635,U00325,2025-06-21T04:13:27,/support,Support,703,Mobile,Instagram,No,No
S000636,U00275,2025-01-08T13:15:12,/checkout,Checkout,727,Mobile,Google,No,Yes
S000637,U00039,2026-03-07T17:35:21,/cart,Cart,192,Mobile,Instagram,Yes,No
S000638,U00094,2026-06-15T14:02:35,/offers,Promotion,204,Mobile,Google,Yes,No
S000639,U00106,2025-06-28T00:44:17,/offers,Promotion,217,Mobile,Affiliate,No,Yes
S000640,U00062,2025-03-02T23:06:51,/search,Discovery,702,Tablet,Email,Yes,No
S000641,U00022,2026-01-10T14:34:33,/checkout,Checkout,390,Mobile,Email,No,No
S000642,U00144,2025-11-06T01:00:41,/checkout,Checkout,237,Mobile,Google,Yes,No
S000643,U00245,2026-02-25T00:38:42,/support,Support,43,Mobile,Email,Yes,No
S000644,U00358,2026-02-07T12:02:38,/search,Discovery,481,Desktop,Direct,Yes,No
S000645,U00298,2025-03-20T06:04:32,/support,Support,343,Desktop,Instagram,Yes,No
S000646,U00138,2026-01-02T02:30:51,/product/sku-220,Product,637,Desktop,Google,No,No
S000647,U00359,2025-10-17T04:21:16,/support,Support,383,Mobile,Instagram,No,Yes
S000648,U00295,2026-06-17T20:11:20,/product/sku-100,Product,244,Mobile,YouTube,No,No
S000649,U00222,2025-10-23T20:10:51,/checkout,Checkout,210,Desktop,YouTube,Yes,No
S000650,U00091,2025-11-24T09:42:53,/home,Landing,521,Desktop,YouTube,No,No
S000651,U00129,2026-03-13T15:01:12,/offers,Promotion,591,Desktop,Direct,Yes,Yes
S000652,U00244,2026-05-05T05:28:57,/offers,Promotion,108,Mobile,Instagram,No,No
S000653,U00286,2025-07-20T04:09:09,/checkout,Checkout,362,Desktop,Direct,No,No
S000654,U00296,2026-03-24T07:27:02,/product/sku-220,Product,675,Mobile,Google,No,No
S000655,U00250,2025-12-14T03:22:52,/checkout,Checkout,90,Desktop,Instagram,No,No
S000656,U00086,2026-05-13T13:17:19,/product/sku-100,Product,355,Mobile,Affiliate,No,No
S000657,U00041,2025-05-06T19:53:21,/search,Discovery,361,Desktop,Instagram,No,No
S000658,U00139,2025-12-12T13:30:25,/support,Support,381,Mobile,Affiliate,No,No
S000659,U00012,2025-04-08T02:54:46,/product/sku-100,Product,755,Desktop,Instagram,Yes,No
S000660,U00053,2025-03-16T05:15:01,/support,Support,75,Tablet,Email,Yes,Yes
S000661,U00269,2025-03-06T15:54:53,/support,Support,116,Desktop,Google,Yes,No
S000662,U00159,2025-06-28T03:30:17,/support,Support,263,Mobile,Email,Yes,Yes
S000663,U00015,2025-01-28T07:20:10,/product/sku-100,Product,689,Desktop,Instagram,No,No
S000664,U00140,2026-03-03T01:37:30,/checkout,Checkout,465,Desktop,YouTube,Yes,No
S000665,U00324,2026-05-09T21:07:27,/blog/how-to-buy,Content,587,Mobile,YouTube,No,No
S000666,U00277,2025-06-26T09:58:51,/blog/how-to-buy,Content,101,Mobile,Instagram,No,No
S000667,U00006,2025-01-01T01:43:17,/offers,Promotion,545,Mobile,Google,No,No
S000668,U00005,2026-06-19T04:57:40,/checkout,Checkout,513,Tablet,Email,No,Yes
S000669,U00409,2025-08-16T12:28:23,/support,Support,621,Desktop,Direct,No,Yes
S000670,U00224,2025-11-03T14:42:43,/checkout,Checkout,265,Desktop,YouTube,No,No
S000671,U00135,2025-03-03T12:34:35,/product/sku-220,Product,442,Mobile,Affiliate,No,No
S000672,U00415,2025-07-28T19:12:20,/checkout,Checkout,432,Desktop,Direct,Yes,Yes
S000673,U00327,2025-12-20T16:12:32,/search,Discovery,642,Mobile,YouTube,No,Yes
S000674,U00078,2025-02-08T13:12:31,/home,Landing,557,Desktop,Direct,No,No
S000675,U00373,2025-01-07T08:56:07,/blog/how-to-buy,Content,248,Desktop,Direct,No,No
S000676,U00160,2026-01-23T02:46:12,/support,Support,390,Mobile,Direct,No,Yes
S000677,U00029,2025-07-26T23:59:12,/product/sku-100,Product,411,Desktop,Email,Yes,Yes
S000678,U00419,2025-10-24T09:07:06,/offers,Promotion,22,Desktop,YouTube,Yes,No
S000679,U00127,2025-01-27T00:40:37,/blog/how-to-buy,Content,213,Mobile,Direct,Yes,No
S000680,U00166,2025-05-04T04:43:53,/offers,Promotion,654,Mobile,YouTube,Yes,No
S000681,U00102,2025-10-07T22:50:23,/offers,Promotion,63,Mobile,Google,Yes,No
S000682,U00167,2025-01-12T16:52:56,/support,Support,181,Mobile,Affiliate,Yes,No
S000683,U00005,2025-02-02T14:48:47,/product/sku-220,Product,605,Mobile,Email,Yes,No
S000684,U00128,2025-05-03T11:42:44,/search,Discovery,521,Desktop,Affiliate,No,No
S000685,U00031,2025-10-04T03:19:47,/home,Landing,670,Desktop,Affiliate,Yes,Yes
S000686,U00163,2026-03-10T16:24:23,/product/sku-220,Product,670,Mobile,Email,Yes,Yes
S000687,U00184,2025-04-15T15:35:23,/support,Support,266,Mobile,Email,No,No
S000688,U00357,2026-01-16T15:58:37,/checkout,Checkout,204,Mobile,Affiliate,No,No
S000689,U00141,2026-04-11T00:12:10,/blog/how-to-buy,Content,577,Desktop,Affiliate,Yes,No
S000690,U00278,2025-10-13T03:28:36,/offers,Promotion,474,Desktop,YouTube,No,No
S000691,U00318,2025-10-10T18:51:12,/home,Landing,645,Desktop,YouTube,Yes,No
S000692,U00420,2025-10-28T23:21:10,/checkout,Checkout,204,Mobile,Email,Yes,No
S000693,U00210,2026-05-13T19:18:54,/cart,Cart,339,Desktop,Affiliate,Yes,Yes
S000694,U00092,2025-01-25T06:59:06,/product/sku-100,Product,216,Desktop,Google,Yes,Yes
S000695,U00337,2026-01-16T12:34:39,/support,Support,548,Mobile,Affiliate,No,Yes
S000696,U00311,2025-02-25T01:11:11,/product/sku-220,Product,23,Tablet,Google,No,No
S000697,U00240,2026-05-12T06:16:15,/search,Discovery,72,Desktop,YouTube,No,No
S000698,U00316,2025-07-26T11:09:45,/home,Landing,551,Desktop,Direct,No,Yes
S000699,U00266,2025-03-17T10:26:02,/product/sku-220,Product,113,Mobile,Affiliate,No,Yes
S000700,U00337,2025-07-13T05:16:44,/checkout,Checkout,593,Mobile,Google,No,No
S000701,U00346,2025-12-23T07:10:17,/cart,Cart,729,Mobile,Direct,Yes,No
S000702,U00206,2026-01-28T00:09:19,/checkout,Checkout,355,Mobile,Affiliate,No,No
S000703,U00282,2025-09-10T03:59:28,/cart,Cart,390,Mobile,YouTube,No,No
S000704,U00312,2025-07-06T23:23:37,/cart,Cart,586,Mobile,Email,No,No
S000705,U00230,2025-11-05T10:18:16,/blog/how-to-buy,Content,10,Mobile,Instagram,Yes,No
S000706,U00004,2025-08-22T06:37:50,/offers,Promotion,237,Desktop,Instagram,Yes,No
S000707,U00284,2026-02-02T02:47:28,/offers,Promotion,579,Mobile,Affiliate,Yes,Yes
S000708,U00183,2025-05-02T06:02:50,/blog/how-to-buy,Content,151,Desktop,Affiliate,Yes,No
S000709,U00048,2026-03-20T02:39:05,/offers,Promotion,419,Mobile,Google,Yes,No
S000710,U00089,2026-01-15T06:07:54,/blog/how-to-buy,Content,716,Mobile,Direct,No,Yes
S000711,U00041,2025-02-13T10:28:29,/support,Support,352,Desktop,Email,No,No
S000712,U00395,2025-06-26T02:19:25,/search,Discovery,775,Mobile,Affiliate,Yes,No
S000713,U00028,2025-08-25T17:34:27,/support,Support,546,Desktop,Affiliate,Yes,No
S000714,U00079,2025-02-09T05:45:27,/product/sku-220,Product,699,Mobile,Email,No,No
S000715,U00047,2025-06-22T11:58:34,/checkout,Checkout,452,Desktop,Email,Yes,Yes
S000716,U00244,2026-03-20T20:25:28,/search,Discovery,773,Desktop,Email,No,Yes
S000717,U00223,2026-06-27T01:14:57,/checkout,Checkout,143,Mobile,Email,Yes,No
S000718,U00288,2026-04-24T11:00:47,/product/sku-220,Product,763,Mobile,Google,Yes,No
S000719,U00166,2026-06-16T20:26:27,/support,Support,599,Desktop,YouTube,No,No
S000720,U00098,2025-09-07T02:59:47,/cart,Cart,362,Mobile,Direct,No,Yes
S000721,U00316,2025-12-10T11:23:37,/cart,Cart,648,Desktop,Direct,Yes,Yes
S000722,U00080,2025-03-08T15:41:49,/cart,Cart,125,Mobile,Google,Yes,No
S000723,U00008,2025-09-24T15:02:31,/offers,Promotion,720,Mobile,Instagram,No,No
S000724,U00108,2026-02-22T21:08:55,/cart,Cart,226,Desktop,Affiliate,No,No
S000725,U00356,2026-06-27T17:44:29,/product/sku-100,Product,694,Desktop,Affiliate,Yes,No
S000726,U00146,2025-06-05T21:14:44,/home,Landing,723,Mobile,Direct,No,No
S000727,U00035,2025-10-29T20:52:14,/home,Landing,686,Desktop,YouTube,No,No
S000728,U00150,2026-05-20T09:54:04,/home,Landing,405,Desktop,Email,Yes,No
S000729,U00306,2026-02-17T21:00:31,/blog/how-to-buy,Content,100,Desktop,Affiliate,No,No
S000730,U00021,2025-07-12T03:43:25,/home,Landing,552,Desktop,Email,No,No
S000731,U00178,2026-06-16T12:29:17,/home,Landing,370,Desktop,Instagram,Yes,No
S000732,U00142,2025-02-18T03:56:40,/checkout,Checkout,650,Desktop,Email,Yes,No
S000733,U00116,2025-04-28T20:02:43,/offers,Promotion,359,Mobile,YouTube,Yes,Yes
S000734,U00267,2026-06-11T14:44:27,/support,Support,637,Mobile,YouTube,Yes,No
S000735,U00219,2025-08-31T15:14:12,/product/sku-100,Product,629,Desktop,Affiliate,Yes,No
S000736,U00298,2026-02-25T11:34:00,/product/sku-100,Product,710,Mobile,Google,No,No
S000737,U00070,2025-12-01T00:58:46,/checkout,Checkout,158,Mobile,Affiliate,Yes,No
S000738,U00273,2025-04-02T22:53:56,/checkout,Checkout,198,Desktop,Google,Yes,No
S000739,U00211,2025-08-24T14:49:06,/support,Support,463,Mobile,YouTube,No,Yes
S000740,U00055,2025-04-13T04:11:34,/product/sku-220,Product,199,Desktop,Affiliate,No,No
S000741,U00306,2025-06-30T08:11:46,/product/sku-220,Product,246,Mobile,Instagram,Yes,No
S000742,U00069,2026-01-26T04:00:32,/blog/how-to-buy,Content,629,Mobile,YouTube,No,Yes
S000743,U00252,2026-01-04T01:08:48,/support,Support,150,Desktop,Google,Yes,No
S000744,U00139,2025-11-17T19:41:55,/home,Landing,237,Mobile,Google,Yes,Yes
S000745,U00316,2026-01-16T13:11:51,/blog/how-to-buy,Content,714,Desktop,Email,Yes,No
S000746,U00312,2025-10-23T10:41:18,/home,Landing,747,Desktop,Affiliate,Yes,No
S000747,U00234,2025-02-02T22:41:23,/blog/how-to-buy,Content,261,Mobile,Email,Yes,No
S000748,U00392,2026-05-05T20:08:27,/checkout,Checkout,60,Desktop,Email,No,No
S000749,U00237,2025-05-10T07:32:06,/offers,Promotion,442,Desktop,Direct,Yes,No
S000750,U00047,2026-01-24T20:56:15,/blog/how-to-buy,Content,125,Desktop,Affiliate,Yes,No
S000751,U00231,2025-01-20T08:23:43,/cart,Cart,193,Mobile,YouTube,Yes,No
S000752,U00129,2025-09-09T17:11:30,/search,Discovery,718,Mobile,YouTube,Yes,No
S000753,U00047,2025-03-30T16:11:19,/search,Discovery,733,Mobile,Instagram,Yes,No
S000754,U00373,2026-02-02T10:09:14,/support,Support,636,Tablet,Email,No,Yes
S000755,U00172,2026-03-16T05:31:37,/product/sku-100,Product,685,Mobile,Google,Yes,Yes
S000756,U00215,2025-08-28T06:41:44,/home,Landing,326,Mobile,Email,No,No
S000757,U00068,2025-06-07T13:25:47,/search,Discovery,13,Mobile,Instagram,Yes,No
S000758,U00279,2025-01-05T11:11:52,/blog/how-to-buy,Content,632,Mobile,Google,Yes,No
S000759,U00233,2025-11-15T13:46:32,/blog/how-to-buy,Content,462,Desktop,Affiliate,Yes,No
S000760,U00143,2026-04-27T09:16:34,/checkout,Checkout,653,Mobile,Google,Yes,Yes
S000761,U00335,2025-09-29T02:12:04,/home,Landing,47,Desktop,Direct,No,No
S000762,U00026,2025-03-26T13:48:46,/search,Discovery,436,Tablet,Google,No,No
S000763,U00091,2025-12-20T16:06:44,/checkout,Checkout,777,Mobile,Direct,Yes,No
S000764,U00189,2025-10-22T07:56:29,/cart,Cart,79,Mobile,Affiliate,Yes,No
S000765,U00063,2026-06-24T12:38:41,/product/sku-100,Product,291,Desktop,Email,Yes,No
S000766,U00056,2026-03-20T19:03:15,/home,Landing,757,Tablet,Affiliate,Yes,No
S000767,U00219,2026-04-18T21:41:09,/offers,Promotion,334,Desktop,Affiliate,No,No
S000768,U00267,2026-05-06T18:40:46,/blog/how-to-buy,Content,519,Mobile,Google,Yes,No
S000769,U00001,2025-04-02T19:32:26,/product/sku-220,Product,34,Mobile,Direct,Yes,No
S000770,U00212,2025-02-05T08:02:09,/support,Support,351,Desktop,YouTube,Yes,Yes
S000771,U00354,2025-08-07T17:54:08,/product/sku-220,Product,270,Mobile,Instagram,No,No
S000772,U00393,2025-01-05T18:17:42,/cart,Cart,126,Mobile,Instagram,No,No
S000773,U00090,2025-05-31T16:42:45,/home,Landing,348,Mobile,YouTube,No,No
S000774,U00331,2025-04-16T10:38:09,/home,Landing,503,Desktop,Email,No,No
S000775,U00381,2025-02-13T12:19:51,/support,Support,543,Desktop,YouTube,No,No
S000776,U00107,2026-03-25T11:28:19,/home,Landing,711,Desktop,Instagram,Yes,No
S000777,U00016,2025-09-21T10:15:33,/offers,Promotion,394,Mobile,Google,No,Yes
S000778,U00401,2025-08-28T10:46:55,/search,Discovery,732,Mobile,YouTube,Yes,No
S000779,U00255,2025-07-04T13:58:21,/search,Discovery,390,Mobile,Instagram,Yes,No
S000780,U00058,2025-10-18T15:53:09,/product/sku-100,Product,48,Mobile,Direct,No,No
S000781,U00257,2025-04-30T16:13:04,/blog/how-to-buy,Content,204,Desktop,Email,No,No
S000782,U00394,2025-03-18T07:32:30,/product/sku-100,Product,538,Mobile,Google,Yes,No
S000783,U00199,2026-02-10T17:12:51,/blog/how-to-buy,Content,128,Desktop,Direct,Yes,No
S000784,U00053,2026-02-09T08:16:18,/home,Landing,684,Mobile,Direct,No,No
S000785,U00165,2025-06-05T18:37:32,/product/sku-220,Product,207,Desktop,Affiliate,No,No
S000786,U00140,2025-04-26T23:32:24,/search,Discovery,171,Desktop,Direct,Yes,No
S000787,U00282,2025-09-05T08:59:20,/cart,Cart,287,Desktop,YouTube,No,No
S000788,U00037,2025-08-30T20:29:54,/product/sku-100,Product,637,Mobile,Affiliate,No,Yes
S000789,U00242,2026-06-09T16:09:25,/home,Landing,61,Desktop,Direct,Yes,No
S000790,U00361,2026-04-09T00:30:27,/product/sku-100,Product,616,Mobile,YouTube,No,No
S000791,U00171,2025-06-03T21:43:49,/offers,Promotion,740,Mobile,Affiliate,Yes,No
S000792,U00291,2025-04-13T08:50:31,/blog/how-to-buy,Content,105,Mobile,YouTube,No,Yes
S000793,U00351,2026-05-16T12:50:00,/offers,Promotion,737,Mobile,Email,Yes,No
S000794,U00316,2025-07-20T10:27:07,/product/sku-100,Product,382,Desktop,YouTube,No,No
S000795,U00233,2026-01-14T15:47:03,/cart,Cart,40,Desktop,Direct,No,No
S000796,U00145,2025-09-28T18:39:46,/product/sku-100,Product,628,Mobile,Affiliate,Yes,No
S000797,U00167,2026-03-08T23:23:05,/search,Discovery,675,Desktop,Instagram,No,No
S000798,U00123,2026-04-28T05:56:45,/support,Support,259,Mobile,Email,No,Yes
S000799,U00417,2026-06-24T02:12:48,/product/sku-220,Product,615,Mobile,Email,No,No
S000800,U00089,2026-05-30T15:59:15,/product/sku-220,Product,695,Desktop,YouTube,No,Yes
S000801,U00167,2026-03-08T03:35:05,/blog/how-to-buy,Content,109,Mobile,Google,No,No
S000802,U00307,2025-03-26T11:08:48,/search,Discovery,711,Mobile,Email,No,No
S000803,U00047,2025-06-19T00:34:38,/home,Landing,152,Mobile,YouTube,Yes,No
S000804,U00232,2026-02-17T15:19:34,/product/sku-100,Product,308,Desktop,Affiliate,No,Yes
S000805,U00154,2026-03-19T22:43:21,/cart,Cart,705,Desktop,Email,No,No
S000806,U00314,2026-02-01T10:59:26,/home,Landing,423,Mobile,Instagram,Yes,No
S000807,U00028,2025-01-01T15:43:13,/checkout,Checkout,730,Mobile,Instagram,Yes,No
S000808,U00121,2025-12-02T07:45:36,/home,Landing,729,Mobile,YouTube,No,No
S000809,U00196,2025-12-05T00:31:49,/support,Support,568,Desktop,Google,No,Yes
S000810,U00197,2025-10-07T20:15:10,/checkout,Checkout,437,Desktop,YouTube,Yes,Yes
S000811,U00332,2025-01-13T04:48:52,/search,Discovery,157,Mobile,Email,No,No
S000812,U00044,2025-04-17T13:58:16,/product/sku-100,Product,667,Mobile,Email,No,No
S000813,U00261,2025-11-26T10:15:25,/blog/how-to-buy,Content,575,Mobile,Email,No,No
S000814,U00310,2025-01-06T18:30:18,/support,Support,601,Mobile,YouTube,Yes,No
S000815,U00211,2026-03-01T05:16:37,/offers,Promotion,600,Desktop,Direct,No,No
S000816,U00298,2026-01-10T00:25:26,/search,Discovery,717,Desktop,YouTube,No,No
S000817,U00268,2026-04-19T20:32:25,/search,Discovery,100,Desktop,YouTube,Yes,No
S000818,U00409,2026-03-27T05:03:26,/checkout,Checkout,329,Mobile,Instagram,Yes,No
S000819,U00241,2026-03-22T19:29:19,/checkout,Checkout,761,Desktop,Instagram,No,No
S000820,U00356,2026-04-10T04:45:07,/home,Landing,777,Desktop,Affiliate,No,Yes
S000821,U00297,2025-05-12T07:51:55,/blog/how-to-buy,Content,596,Desktop,Instagram,Yes,No
S000822,U00065,2026-01-28T16:59:40,/search,Discovery,88,Mobile,Instagram,No,Yes
S000823,U00141,2025-07-19T14:00:06,/offers,Promotion,24,Mobile,Affiliate,Yes,No
S000824,U00338,2025-12-13T22:13:06,/product/sku-100,Product,388,Mobile,Instagram,Yes,No
S000825,U00017,2025-09-24T07:08:59,/checkout,Checkout,96,Tablet,Affiliate,Yes,No
S000826,U00395,2025-10-25T14:45:01,/support,Support,253,Mobile,YouTube,Yes,No
S000827,U00028,2026-05-14T20:36:52,/cart,Cart,280,Mobile,Direct,Yes,Yes
S000828,U00244,2025-08-23T01:53:25,/support,Support,497,Mobile,Affiliate,Yes,No
S000829,U00243,2025-07-23T23:41:15,/support,Support,158,Mobile,Email,Yes,No
S000830,U00196,2026-06-12T00:02:01,/blog/how-to-buy,Content,333,Tablet,YouTube,Yes,Yes
S000831,U00327,2025-10-02T19:50:01,/checkout,Checkout,452,Mobile,YouTube,No,No
S000832,U00411,2025-03-18T08:00:43,/offers,Promotion,271,Mobile,Email,No,No
S000833,U00376,2026-06-06T20:56:04,/product/sku-220,Product,612,Mobile,Affiliate,No,No
S000834,U00161,2026-03-02T08:14:16,/product/sku-100,Product,20,Mobile,Direct,Yes,No
S000835,U00054,2026-06-17T10:38:16,/checkout,Checkout,466,Desktop,YouTube,No,No
S000836,U00013,2026-04-27T02:24:04,/home,Landing,104,Desktop,Affiliate,Yes,No
S000837,U00363,2025-04-04T04:32:07,/search,Discovery,98,Mobile,Google,No,No
S000838,U00057,2026-06-25T07:55:25,/product/sku-100,Product,198,Desktop,Email,Yes,No
S000839,U00394,2025-11-28T15:32:50,/offers,Promotion,718,Tablet,Instagram,No,Yes
S000840,U00142,2025-02-18T10:59:06,/search,Discovery,401,Desktop,Direct,No,No
S000841,U00092,2025-12-09T04:54:36,/offers,Promotion,81,Mobile,Google,No,Yes
S000842,U00056,2025-04-22T17:58:46,/blog/how-to-buy,Content,563,Mobile,Google,Yes,No
S000843,U00053,2025-01-28T01:51:15,/offers,Promotion,84,Desktop,YouTube,No,No
S000844,U00255,2025-04-26T14:50:41,/home,Landing,678,Mobile,Direct,No,No
S000845,U00201,2026-03-23T08:04:14,/cart,Cart,13,Mobile,Email,No,No
S000846,U00277,2025-06-25T10:05:25,/search,Discovery,13,Desktop,YouTube,No,Yes
S000847,U00184,2025-09-16T23:46:00,/checkout,Checkout,708,Desktop,Direct,Yes,No
S000848,U00042,2025-12-24T00:17:54,/cart,Cart,306,Mobile,Google,Yes,No
S000849,U00154,2026-06-25T12:11:09,/product/sku-220,Product,409,Mobile,YouTube,No,No
S000850,U00377,2025-05-28T03:52:27,/blog/how-to-buy,Content,153,Desktop,Direct,Yes,No
S000851,U00406,2026-02-24T20:37:13,/search,Discovery,668,Desktop,Affiliate,No,No
S000852,U00019,2025-09-21T12:43:58,/home,Landing,67,Desktop,YouTube,Yes,No
S000853,U00414,2026-05-23T20:38:46,/product/sku-220,Product,693,Mobile,YouTube,Yes,No
S000854,U00037,2025-01-29T15:26:58,/product/sku-220,Product,763,Desktop,YouTube,Yes,No
S000855,U00125,2026-06-29T17:07:12,/home,Landing,674,Desktop,Google,Yes,No
S000856,U00234,2026-04-20T18:04:35,/search,Discovery,184,Mobile,Direct,Yes,Yes
S000857,U00033,2025-06-07T09:30:16,/product/sku-220,Product,446,Desktop,YouTube,No,No
S000858,U00071,2025-09-07T18:52:11,/checkout,Checkout,228,Mobile,Affiliate,Yes,No
S000859,U00141,2025-04-20T16:50:41,/search,Discovery,435,Desktop,Instagram,Yes,No
S000860,U00069,2025-03-19T15:32:08,/home,Landing,657,Mobile,Google,Yes,No
S000861,U00004,2025-01-06T14:39:54,/search,Discovery,193,Tablet,YouTube,No,No
S000862,U00355,2025-04-09T13:26:46,/blog/how-to-buy,Content,221,Desktop,Instagram,No,No
S000863,U00313,2026-06-22T05:43:47,/product/sku-100,Product,48,Mobile,YouTube,No,No
S000864,U00322,2025-08-22T22:46:14,/search,Discovery,366,Mobile,Affiliate,Yes,Yes
S000865,U00049,2026-04-26T17:31:21,/checkout,Checkout,380,Mobile,Affiliate,Yes,No
S000866,U00142,2025-02-11T05:16:41,/product/sku-220,Product,208,Desktop,Google,No,No
S000867,U00344,2025-02-03T11:43:59,/product/sku-100,Product,65,Mobile,Instagram,Yes,No
S000868,U00316,2025-12-18T23:17:02,/cart,Cart,54,Desktop,Direct,Yes,Yes
S000869,U00249,2026-02-04T22:30:03,/home,Landing,128,Desktop,Google,No,No
S000870,U00215,2025-06-04T08:59:40,/cart,Cart,775,Mobile,Instagram,Yes,No
S000871,U00117,2025-03-18T04:02:52,/cart,Cart,252,Mobile,Google,No,No
S000872,U00242,2026-03-31T10:54:36,/search,Discovery,506,Desktop,Email,Yes,No
S000873,U00092,2025-10-28T20:21:36,/blog/how-to-buy,Content,392,Desktop,YouTube,Yes,No
S000874,U00104,2025-09-18T21:28:06,/offers,Promotion,140,Desktop,Affiliate,Yes,No
S000875,U00239,2025-12-23T04:31:50,/search,Discovery,438,Desktop,Instagram,Yes,No
S000876,U00405,2026-05-11T13:10:02,/product/sku-100,Product,636,Tablet,Affiliate,Yes,Yes
S000877,U00251,2025-06-18T02:46:57,/checkout,Checkout,615,Mobile,Email,No,Yes
S000878,U00377,2025-07-11T13:58:01,/support,Support,263,Desktop,Affiliate,Yes,No
S000879,U00294,2025-01-04T22:39:10,/product/sku-100,Product,437,Tablet,Direct,No,No
S000880,U00018,2025-11-27T15:34:45,/checkout,Checkout,553,Desktop,YouTube,Yes,No
S000881,U00043,2026-03-10T18:57:05,/product/sku-220,Product,22,Mobile,Email,Yes,Yes
S000882,U00123,2026-05-19T00:53:17,/offers,Promotion,102,Desktop,YouTube,No,Yes
S000883,U00293,2026-03-30T08:12:47,/blog/how-to-buy,Content,34,Tablet,Email,Yes,No
S000884,U00095,2025-10-15T17:08:16,/support,Support,651,Mobile,YouTube,Yes,No
S000885,U00198,2026-06-21T12:31:30,/search,Discovery,350,Mobile,Instagram,No,No
S000886,U00295,2025-06-10T21:29:21,/checkout,Checkout,711,Desktop,Instagram,Yes,No
S000887,U00027,2025-03-28T04:33:58,/cart,Cart,402,Desktop,Affiliate,Yes,No
S000888,U00332,2026-03-11T00:36:32,/product/sku-100,Product,731,Desktop,YouTube,Yes,Yes
S000889,U00123,2026-02-24T03:30:13,/cart,Cart,126,Mobile,YouTube,Yes,No
S000890,U00165,2025-10-01T23:01:19,/product/sku-220,Product,283,Mobile,Email,No,Yes
S000891,U00177,2025-12-18T09:32:44,/cart,Cart,507,Mobile,Direct,No,No
S000892,U00150,2025-12-18T01:29:15,/checkout,Checkout,645,Desktop,YouTube,Yes,Yes
S000893,U00045,2025-03-04T06:29:04,/blog/how-to-buy,Content,410,Mobile,Instagram,Yes,Yes
S000894,U00058,2026-06-26T10:33:08,/offers,Promotion,161,Mobile,Google,Yes,No
S000895,U00068,2026-01-04T02:13:40,/checkout,Checkout,365,Mobile,YouTube,Yes,No
S000896,U00012,2025-06-30T10:54:32,/search,Discovery,542,Mobile,Email,No,No
S000897,U00249,2026-04-06T20:58:51,/cart,Cart,691,Mobile,Affiliate,No,No
S000898,U00405,2025-08-27T01:28:51,/product/sku-100,Product,185,Mobile,Google,No,No
S000899,U00395,2025-02-06T18:05:20,/offers,Promotion,161,Desktop,Email,Yes,No
S000900,U00365,2026-02-20T19:01:34,/product/sku-100,Product,302,Desktop,Google,Yes,Yes
S000901,U00022,2025-09-03T22:20:00,/search,Discovery,598,Desktop,Instagram,No,Yes
S000902,U00363,2025-01-27T22:39:05,/checkout,Checkout,691,Desktop,Instagram,Yes,No
S000903,U00084,2026-02-19T11:49:32,/checkout,Checkout,318,Desktop,Direct,No,No
S000904,U00235,2025-09-06T17:17:41,/product/sku-100,Product,169,Desktop,YouTube,No,No
S000905,U00243,2025-08-14T02:46:12,/offers,Promotion,597,Mobile,Affiliate,No,No
S000906,U00375,2026-01-08T00:51:26,/search,Discovery,51,Desktop,Affiliate,Yes,No
S000907,U00317,2025-06-21T03:53:51,/support,Support,466,Desktop,Instagram,Yes,No
S000908,U00299,2026-02-13T21:26:17,/product/sku-220,Product,237,Mobile,Instagram,Yes,Yes
S000909,U00229,2026-06-10T21:22:34,/checkout,Checkout,697,Tablet,Affiliate,No,Yes
S000910,U00309,2026-04-15T23:28:05,/cart,Cart,533,Tablet,YouTube,No,No
S000911,U00190,2025-10-27T21:39:39,/support,Support,391,Desktop,Instagram,No,No
S000912,U00288,2025-03-10T00:57:24,/blog/how-to-buy,Content,230,Mobile,Email,No,No
S000913,U00084,2025-11-26T04:48:17,/offers,Promotion,756,Mobile,Google,Yes,Yes
S000914,U00244,2026-02-13T00:19:16,/offers,Promotion,353,Desktop,Affiliate,No,Yes
S000915,U00328,2025-08-01T07:13:09,/support,Support,434,Desktop,Email,Yes,Yes
S000916,U00149,2026-03-07T04:49:40,/support,Support,512,Desktop,Instagram,No,No
S000917,U00115,2025-01-21T20:20:02,/blog/how-to-buy,Content,12,Desktop,Instagram,No,Yes
S000918,U00214,2025-05-20T07:44:31,/offers,Promotion,513,Tablet,YouTube,Yes,Yes
S000919,U00253,2025-02-21T19:50:27,/offers,Promotion,623,Mobile,Affiliate,No,No
S000920,U00322,2026-06-17T18:20:31,/offers,Promotion,497,Tablet,Direct,No,No
S000921,U00133,2025-05-07T11:41:32,/home,Landing,605,Desktop,Instagram,No,No
S000922,U00183,2025-05-07T20:17:51,/product/sku-100,Product,64,Desktop,Email,No,Yes
S000923,U00272,2026-05-12T06:49:35,/offers,Promotion,88,Mobile,YouTube,Yes,No
S000924,U00279,2025-09-08T13:49:39,/product/sku-100,Product,333,Mobile,YouTube,No,No
S000925,U00050,2026-02-20T02:19:00,/cart,Cart,603,Desktop,Google,Yes,Yes
S000926,U00191,2026-01-12T15:10:22,/offers,Promotion,431,Desktop,Google,Yes,No
S000927,U00114,2025-05-27T08:20:36,/checkout,Checkout,582,Mobile,Affiliate,Yes,No
S000928,U00060,2025-04-12T22:20:40,/search,Discovery,27,Mobile,Instagram,No,Yes
S000929,U00306,2026-02-11T07:41:03,/blog/how-to-buy,Content,360,Desktop,Instagram,Yes,No
S000930,U00114,2025-04-10T23:24:42,/search,Discovery,720,Desktop,Google,No,Yes
S000931,U00041,2025-11-26T22:56:25,/product/sku-100,Product,717,Mobile,Direct,Yes,Yes
S000932,U00388,2025-12-01T23:02:08,/blog/how-to-buy,Content,53,Desktop,Direct,Yes,No
S000933,U00023,2025-02-21T10:56:25,/offers,Promotion,318,Mobile,Direct,Yes,No
S000934,U00301,2025-06-05T08:43:32,/product/sku-220,Product,199,Mobile,Direct,Yes,Yes
S000935,U00297,2025-09-28T04:08:35,/offers,Promotion,370,Desktop,Affiliate,Yes,No
S000936,U00051,2026-03-26T01:11:34,/search,Discovery,24,Mobile,YouTube,Yes,No
S000937,U00387,2026-02-22T04:45:48,/product/sku-100,Product,14,Tablet,Direct,Yes,No
S000938,U00188,2026-06-27T06:08:26,/blog/how-to-buy,Content,613,Desktop,YouTube,Yes,Yes
S000939,U00195,2025-11-26T09:38:42,/cart,Cart,229,Mobile,Email,Yes,No
S000940,U00064,2025-12-28T21:02:13,/cart,Cart,122,Mobile,Email,No,No
S000941,U00370,2025-02-01T12:59:54,/checkout,Checkout,94,Desktop,Direct,No,No
S000942,U00352,2025-12-11T19:56:14,/offers,Promotion,241,Mobile,Instagram,No,Yes
S000943,U00411,2026-01-05T11:15:29,/search,Discovery,705,Desktop,Direct,No,No
S000944,U00225,2026-02-10T23:07:58,/support,Support,684,Mobile,Direct,Yes,No
S000945,U00380,2025-05-12T01:13:43,/search,Discovery,76,Desktop,Google,No,No
S000946,U00063,2025-06-30T21:00:16,/support,Support,444,Mobile,Instagram,No,No
S000947,U00183,2026-01-05T14:02:41,/support,Support,692,Mobile,Email,No,No
S000948,U00394,2025-12-20T03:00:21,/product/sku-100,Product,120,Desktop,Email,No,No
S000949,U00016,2025-03-19T08:44:30,/product/sku-100,Product,765,Desktop,Direct,No,No
S000950,U00196,2026-04-15T14:15:40,/product/sku-100,Product,705,Desktop,Instagram,Yes,No
S000951,U00393,2026-01-18T07:02:24,/checkout,Checkout,487,Desktop,YouTube,No,No
S000952,U00278,2025-09-24T21:27:35,/offers,Promotion,563,Mobile,Direct,No,No
S000953,U00197,2025-12-16T14:45:41,/search,Discovery,332,Mobile,Email,No,Yes
S000954,U00286,2026-05-28T04:18:44,/product/sku-100,Product,320,Mobile,Google,No,No
S000955,U00367,2025-10-30T04:59:09,/offers,Promotion,509,Mobile,Affiliate,No,No
S000956,U00293,2025-12-31T22:02:57,/checkout,Checkout,497,Mobile,Google,Yes,No
S000957,U00303,2025-10-21T10:39:34,/blog/how-to-buy,Content,641,Mobile,Instagram,No,Yes
S000958,U00066,2025-10-12T14:22:45,/home,Landing,367,Mobile,Affiliate,Yes,No
S000959,U00195,2025-03-17T14:44:11,/cart,Cart,448,Desktop,Instagram,No,No
S000960,U00127,2025-07-02T05:40:21,/product/sku-220,Product,673,Desktop,Direct,Yes,No
S000961,U00173,2025-05-12T20:54:52,/search,Discovery,30,Mobile,Direct,No,No
S000962,U00291,2026-02-04T19:49:06,/support,Support,441,Desktop,YouTube,No,No
S000963,U00194,2026-03-20T00:09:38,/cart,Cart,409,Desktop,Direct,No,Yes
S000964,U00173,2026-01-21T19:44:39,/product/sku-220,Product,524,Mobile,YouTube,No,Yes
S000965,U00187,2025-12-05T15:27:49,/offers,Promotion,216,Mobile,Direct,Yes,No
S000966,U00153,2026-03-22T11:12:02,/home,Landing,421,Mobile,Affiliate,Yes,No
S000967,U00304,2025-09-19T15:06:59,/search,Discovery,289,Desktop,Affiliate,No,No
S000968,U00408,2025-03-01T13:04:32,/cart,Cart,677,Mobile,Affiliate,No,No
S000969,U00161,2025-06-05T09:42:19,/checkout,Checkout,434,Mobile,Affiliate,No,No
S000970,U00093,2025-01-15T10:47:27,/checkout,Checkout,652,Mobile,Google,No,No
S000971,U00138,2026-05-11T11:48:33,/blog/how-to-buy,Content,555,Mobile,Email,Yes,No
S000972,U00237,2025-04-25T18:08:31,/cart,Cart,256,Desktop,YouTube,No,No
S000973,U00164,2025-02-20T01:00:58,/support,Support,659,Desktop,Email,No,No
S000974,U00132,2026-06-18T11:54:12,/product/sku-100,Product,625,Desktop,Google,Yes,Yes
S000975,U00126,2025-08-30T04:53:44,/home,Landing,485,Mobile,Email,No,No
S000976,U00104,2025-05-04T18:39:27,/home,Landing,289,Desktop,Instagram,No,No
S000977,U00330,2025-02-02T19:16:06,/product/sku-100,Product,749,Mobile,Direct,Yes,No
S000978,U00161,2026-04-13T06:37:55,/search,Discovery,315,Mobile,Email,No,No
S000979,U00204,2025-04-20T04:13:52,/search,Discovery,251,Desktop,YouTube,Yes,No
S000980,U00129,2026-01-21T14:31:09,/checkout,Checkout,102,Desktop,Direct,No,No
S000981,U00413,2025-07-03T06:12:16,/support,Support,443,Desktop,Direct,Yes,No
S000982,U00226,2025-11-14T04:40:19,/offers,Promotion,270,Mobile,Direct,No,No
S000983,U00163,2026-02-28T21:25:29,/search,Discovery,443,Mobile,Google,No,No
S000984,U00186,2026-01-05T02:46:33,/product/sku-100,Product,742,Desktop,Instagram,Yes,No
S000985,U00379,2026-05-30T08:44:22,/home,Landing,65,Mobile,YouTube,Yes,No
S000986,U00159,2026-05-12T06:52:25,/support,Support,727,Desktop,YouTube,Yes,No
S000987,U00227,2025-10-29T17:37:28,/product/sku-220,Product,18,Tablet,Email,No,No
S000988,U00153,2025-06-13T09:53:18,/product/sku-220,Product,174,Tablet,YouTube,No,No
S000989,U00405,2025-01-27T07:36:01,/support,Support,290,Mobile,Email,No,No
S000990,U00368,2025-11-25T01:28:22,/cart,Cart,112,Mobile,YouTube,No,No
S000991,U00216,2026-04-13T16:15:16,/cart,Cart,756,Mobile,YouTube,No,No
S000992,U00391,2025-02-10T11:11:32,/home,Landing,666,Mobile,YouTube,No,No
S000993,U00002,2025-11-08T04:52:41,/product/sku-100,Product,214,Mobile,Instagram,Yes,Yes
S000994,U00265,2026-05-20T05:36:10,/product/sku-220,Product,143,Mobile,YouTube,No,No
S000995,U00232,2026-01-07T13:22:43,/cart,Cart,762,Desktop,Google,No,No
S000996,U00044,2025-11-18T22:46:24,/product/sku-220,Product,386,Desktop,Email,Yes,Yes
S000997,U00286,2026-05-18T14:56:34,/home,Landing,636,Mobile,Direct,No,Yes
S000998,U00026,2025-11-08T11:49:57,/product/sku-100,Product,642,Mobile,Instagram,Yes,Yes
S000999,U00088,2026-03-17T14:10:26,/cart,Cart,130,Desktop,Affiliate,No,No
S001000,U00345,2026-01-19T19:36:20,/blog/how-to-buy,Content,131,Desktop,Google,Yes,No
S001001,U00148,2026-01-19T19:57:43,/offers,Promotion,401,Desktop,Google,Yes,No
S001002,U00373,2026-06-10T23:42:41,/offers,Promotion,203,Mobile,Email,Yes,Yes
S001003,U00121,2026-04-25T18:23:39,/offers,Promotion,471,Tablet,Instagram,No,Yes
S001004,U00069,2025-09-09T01:44:30,/blog/how-to-buy,Content,719,Desktop,Google,No,No
S001005,U00038,2025-03-16T00:08:13,/offers,Promotion,580,Desktop,Instagram,Yes,No
S001006,U00311,2026-06-06T00:27:38,/cart,Cart,622,Mobile,Direct,Yes,No
S001007,U00155,2025-11-03T13:40:54,/support,Support,697,Desktop,Affiliate,Yes,No
S001008,U00087,2026-01-27T06:31:10,/offers,Promotion,514,Tablet,Email,Yes,Yes
S001009,U00222,2025-04-21T03:15:50,/checkout,Checkout,276,Desktop,Direct,Yes,No
S001010,U00383,2025-10-08T01:55:33,/offers,Promotion,450,Desktop,Instagram,No,No
S001011,U00085,2025-09-03T02:08:46,/support,Support,764,Tablet,Google,No,Yes
S001012,U00028,2025-06-28T12:54:40,/product/sku-100,Product,197,Desktop,Instagram,Yes,No
S001013,U00060,2026-01-20T09:48:20,/support,Support,51,Mobile,YouTube,No,No
S001014,U00369,2025-04-25T23:55:16,/search,Discovery,136,Desktop,Google,No,Yes
S001015,U00384,2026-01-31T03:33:33,/product/sku-100,Product,289,Mobile,YouTube,Yes,No
S001016,U00270,2026-03-20T08:15:21,/home,Landing,194,Mobile,Direct,Yes,No
S001017,U00169,2025-01-21T03:58:11,/search,Discovery,301,Mobile,YouTube,Yes,No
S001018,U00166,2025-04-30T10:34:57,/search,Discovery,39,Desktop,YouTube,No,No
S001019,U00305,2026-05-27T02:07:35,/offers,Promotion,15,Desktop,Direct,No,No
S001020,U00109,2025-02-07T19:30:10,/product/sku-100,Product,669,Desktop,Direct,Yes,No
S001021,U00048,2025-11-06T19:15:40,/support,Support,271,Desktop,Email,Yes,Yes
S001022,U00084,2025-10-29T18:13:08,/product/sku-220,Product,422,Desktop,YouTube,Yes,Yes
S001023,U00411,2025-12-02T19:44:42,/blog/how-to-buy,Content,763,Mobile,Instagram,Yes,No
S001024,U00189,2026-02-03T04:32:55,/search,Discovery,214,Mobile,Email,No,No
S001025,U00047,2025-11-25T04:38:54,/support,Support,387,Mobile,Email,No,Yes
S001026,U00175,2025-12-27T00:43:47,/checkout,Checkout,702,Desktop,YouTube,Yes,No
S001027,U00323,2026-05-18T17:09:20,/checkout,Checkout,547,Desktop,Email,No,Yes
S001028,U00154,2025-04-26T10:13:35,/blog/how-to-buy,Content,140,Mobile,Instagram,Yes,No
S001029,U00292,2025-02-07T01:43:10,/offers,Promotion,574,Desktop,Direct,Yes,No
S001030,U00049,2025-12-27T21:49:29,/support,Support,686,Mobile,Instagram,No,No
S001031,U00394,2026-01-27T00:53:13,/search,Discovery,26,Desktop,YouTube,No,Yes
S001032,U00202,2025-02-05T03:41:01,/product/sku-100,Product,95,Mobile,YouTube,No,No
S001033,U00388,2026-06-05T14:32:58,/blog/how-to-buy,Content,470,Mobile,Instagram,No,No
S001034,U00109,2025-05-24T18:16:44,/product/sku-100,Product,90,Mobile,Affiliate,No,No
S001035,U00223,2026-02-20T01:29:26,/search,Discovery,28,Desktop,Direct,Yes,Yes
S001036,U00236,2026-06-22T08:12:10,/blog/how-to-buy,Content,424,Mobile,YouTube,No,No
S001037,U00354,2026-06-08T08:36:03,/cart,Cart,716,Mobile,Instagram,Yes,Yes
S001038,U00098,2025-03-28T22:12:00,/home,Landing,26,Mobile,Google,Yes,No
S001039,U00333,2025-07-07T19:06:35,/product/sku-100,Product,456,Mobile,Affiliate,Yes,Yes
S001040,U00076,2026-01-04T03:47:49,/blog/how-to-buy,Content,442,Desktop,Google,Yes,No
S001041,U00249,2026-01-02T05:11:44,/blog/how-to-buy,Content,30,Mobile,Affiliate,Yes,No
S001042,U00027,2025-09-17T07:24:58,/support,Support,18,Desktop,YouTube,No,No
S001043,U00378,2026-03-26T11:01:40,/blog/how-to-buy,Content,620,Mobile,Instagram,Yes,No
S001044,U00263,2026-04-05T01:46:14,/blog/how-to-buy,Content,752,Mobile,YouTube,No,No
S001045,U00271,2025-01-15T18:33:07,/home,Landing,442,Mobile,Affiliate,Yes,No
S001046,U00243,2025-04-01T19:56:00,/support,Support,516,Mobile,YouTube,No,No
S001047,U00011,2025-05-06T07:28:23,/support,Support,304,Mobile,Email,No,No
S001048,U00113,2026-04-02T10:45:08,/checkout,Checkout,711,Desktop,Affiliate,No,Yes
S001049,U00371,2025-10-31T05:02:49,/offers,Promotion,436,Mobile,YouTube,No,No
S001050,U00319,2025-06-10T22:38:53,/product/sku-100,Product,299,Mobile,Direct,No,Yes
S001051,U00081,2026-04-16T11:58:47,/product/sku-220,Product,513,Desktop,Email,No,No
S001052,U00286,2025-02-06T13:03:47,/product/sku-220,Product,28,Desktop,Instagram,No,No
S001053,U00258,2025-01-25T19:57:50,/product/sku-100,Product,75,Desktop,Direct,Yes,Yes
S001054,U00250,2025-07-20T06:09:10,/product/sku-220,Product,358,Mobile,Direct,No,No
S001055,U00310,2026-06-05T00:07:17,/checkout,Checkout,116,Mobile,Email,No,No
S001056,U00055,2026-04-20T05:53:49,/search,Discovery,634,Mobile,Direct,Yes,No
S001057,U00323,2025-04-02T16:47:08,/product/sku-100,Product,220,Tablet,Google,No,No
S001058,U00256,2025-03-19T02:58:43,/checkout,Checkout,167,Mobile,Instagram,Yes,Yes
S001059,U00225,2025-11-19T22:08:19,/product/sku-220,Product,16,Desktop,Email,No,No
S001060,U00044,2025-07-26T14:53:26,/product/sku-100,Product,391,Mobile,Email,No,No
S001061,U00078,2026-02-16T09:23:48,/product/sku-220,Product,441,Mobile,Google,No,No
S001062,U00235,2026-02-05T21:49:55,/support,Support,708,Desktop,Direct,No,Yes
S001063,U00368,2026-02-06T20:04:43,/home,Landing,81,Desktop,Instagram,No,No
S001064,U00223,2025-02-17T17:51:09,/product/sku-100,Product,412,Mobile,YouTube,Yes,No
S001065,U00324,2026-05-28T22:01:58,/home,Landing,542,Tablet,Email,No,No
S001066,U00156,2025-09-01T15:42:10,/checkout,Checkout,362,Desktop,Instagram,Yes,No
S001067,U00330,2025-06-09T07:58:00,/blog/how-to-buy,Content,567,Mobile,Affiliate,No,No
S001068,U00398,2025-06-03T05:51:33,/support,Support,318,Desktop,Affiliate,No,No
S001069,U00267,2026-02-25T01:03:37,/product/sku-100,Product,300,Desktop,Affiliate,No,No
S001070,U00012,2025-01-22T15:55:48,/product/sku-100,Product,562,Mobile,Google,No,No
S001071,U00057,2025-02-16T13:28:10,/checkout,Checkout,391,Desktop,Affiliate,No,Yes
S001072,U00230,2025-08-20T10:23:51,/search,Discovery,596,Mobile,Email,No,No
S001073,U00305,2025-07-01T15:03:15,/checkout,Checkout,368,Desktop,YouTube,Yes,No
S001074,U00378,2025-07-12T08:13:11,/checkout,Checkout,117,Desktop,Affiliate,Yes,No
S001075,U00233,2025-03-18T02:37:32,/cart,Cart,160,Mobile,Email,Yes,Yes
S001076,U00067,2026-01-05T22:00:02,/support,Support,229,Mobile,Instagram,No,No
S001077,U00399,2025-11-03T15:16:43,/checkout,Checkout,280,Mobile,YouTube,No,No
S001078,U00375,2025-11-20T19:59:45,/blog/how-to-buy,Content,176,Desktop,Google,No,No
S001079,U00361,2026-02-03T14:28:14,/product/sku-100,Product,551,Desktop,Google,No,No
S001080,U00287,2025-10-14T20:50:54,/product/sku-100,Product,131,Mobile,Email,Yes,Yes
S001081,U00021,2026-02-11T01:16:44,/offers,Promotion,166,Desktop,Instagram,No,No
S001082,U00015,2025-04-21T23:16:42,/blog/how-to-buy,Content,155,Mobile,Email,Yes,No
S001083,U00146,2025-06-17T10:43:46,/offers,Promotion,197,Mobile,Email,Yes,Yes
S001084,U00035,2025-02-04T16:56:30,/cart,Cart,437,Mobile,Instagram,No,No
S001085,U00244,2026-04-16T11:14:50,/support,Support,145,Mobile,Affiliate,No,No
S001086,U00077,2025-09-10T14:28:15,/blog/how-to-buy,Content,101,Mobile,YouTube,No,No
S001087,U00174,2026-02-25T04:52:03,/support,Support,56,Tablet,Email,No,No
S001088,U00363,2025-01-20T06:22:54,/product/sku-100,Product,595,Mobile,YouTube,No,No
S001089,U00330,2026-03-11T11:05:32,/search,Discovery,97,Desktop,Affiliate,Yes,No
S001090,U00097,2026-01-05T14:13:12,/checkout,Checkout,524,Mobile,Direct,Yes,No
S001091,U00403,2025-06-09T20:28:59,/offers,Promotion,261,Mobile,Affiliate,No,Yes
S001092,U00311,2025-09-06T21:16:11,/checkout,Checkout,421,Mobile,Email,Yes,No
S001093,U00213,2025-01-19T16:27:13,/product/sku-100,Product,550,Desktop,Instagram,Yes,Yes
S001094,U00278,2025-05-11T14:39:17,/search,Discovery,302,Desktop,Instagram,Yes,Yes
S001095,U00348,2025-05-12T09:56:59,/support,Support,70,Mobile,Instagram,Yes,Yes
S001096,U00153,2025-10-30T21:00:11,/home,Landing,111,Desktop,Email,No,No
S001097,U00027,2025-06-07T07:58:55,/search,Discovery,255,Mobile,Affiliate,Yes,No
S001098,U00198,2025-03-31T09:16:20,/checkout,Checkout,285,Desktop,Email,No,Yes
S001099,U00209,2026-05-08T02:03:56,/home,Landing,249,Tablet,Direct,No,No
S001100,U00127,2026-03-07T20:29:46,/search,Discovery,677,Mobile,Instagram,No,No
S001101,U00105,2025-04-21T13:54:49,/checkout,Checkout,392,Mobile,Google,Yes,No
S001102,U00285,2025-12-17T21:04:52,/support,Support,52,Desktop,Email,No,No
S001103,U00001,2025-02-16T17:44:37,/product/sku-100,Product,503,Desktop,Instagram,No,No
S001104,U00300,2026-02-01T09:12:40,/product/sku-220,Product,298,Desktop,YouTube,Yes,No
S001105,U00358,2025-04-06T12:27:24,/support,Support,153,Mobile,Instagram,No,No
S001106,U00411,2025-09-05T05:36:55,/checkout,Checkout,708,Tablet,YouTube,No,No
S001107,U00140,2025-07-11T00:26:07,/blog/how-to-buy,Content,688,Tablet,Instagram,Yes,No
S001108,U00009,2026-06-22T08:55:36,/cart,Cart,146,Mobile,Direct,No,Yes
S001109,U00345,2025-05-15T18:56:45,/home,Landing,433,Mobile,YouTube,No,No
S001110,U00042,2026-05-20T04:03:00,/checkout,Checkout,676,Desktop,Direct,No,No
S001111,U00417,2025-10-20T08:09:55,/cart,Cart,625,Desktop,Google,Yes,Yes
S001112,U00099,2025-12-12T07:31:41,/cart,Cart,19,Desktop,Direct,No,No
S001113,U00099,2025-03-11T21:05:50,/cart,Cart,638,Mobile,YouTube,Yes,No
S001114,U00186,2025-01-29T13:55:40,/blog/how-to-buy,Content,297,Mobile,YouTube,Yes,Yes
S001115,U00057,2025-08-04T10:07:59,/support,Support,592,Mobile,Google,Yes,No
S001116,U00034,2026-04-02T20:10:57,/product/sku-100,Product,141,Mobile,Google,No,No
S001117,U00268,2025-08-02T01:50:38,/product/sku-220,Product,206,Mobile,Direct,No,No
S001118,U00002,2025-11-28T17:59:27,/blog/how-to-buy,Content,666,Mobile,YouTube,Yes,No
S001119,U00222,2025-11-13T00:42:59,/cart,Cart,290,Desktop,Affiliate,No,No
S001120,U00389,2025-02-03T18:14:24,/checkout,Checkout,748,Desktop,Instagram,No,No
S001121,U00003,2025-11-01T08:46:44,/cart,Cart,209,Desktop,Affiliate,Yes,No
S001122,U00354,2025-11-26T04:34:55,/product/sku-220,Product,86,Tablet,Google,Yes,No
S001123,U00321,2026-05-01T16:20:17,/search,Discovery,109,Desktop,Email,Yes,No
S001124,U00129,2025-07-11T23:16:35,/cart,Cart,120,Mobile,Instagram,Yes,No
S001125,U00407,2025-07-03T21:13:18,/checkout,Checkout,84,Mobile,Affiliate,No,No
S001126,U00297,2025-04-07T22:55:56,/blog/how-to-buy,Content,97,Tablet,Direct,No,No
S001127,U00401,2025-04-10T01:26:22,/search,Discovery,73,Tablet,Email,Yes,No
S001128,U00034,2025-03-21T02:12:13,/support,Support,703,Desktop,Direct,No,No
S001129,U00050,2026-04-25T11:20:34,/support,Support,780,Mobile,Affiliate,Yes,No
S001130,U00408,2025-11-29T12:28:09,/blog/how-to-buy,Content,645,Mobile,Instagram,Yes,No
S001131,U00301,2025-05-30T12:06:42,/cart,Cart,120,Desktop,Affiliate,Yes,No
S001132,U00294,2025-04-08T20:28:03,/product/sku-220,Product,662,Mobile,Instagram,No,No
S001133,U00096,2025-07-08T20:41:26,/blog/how-to-buy,Content,150,Mobile,Direct,Yes,No
S001134,U00263,2026-05-22T04:39:40,/support,Support,376,Desktop,Affiliate,Yes,Yes
S001135,U00309,2025-09-24T08:07:30,/offers,Promotion,308,Desktop,Direct,Yes,Yes
S001136,U00420,2026-03-11T12:54:08,/checkout,Checkout,65,Mobile,Google,Yes,No
S001137,U00403,2025-02-23T03:08:19,/product/sku-220,Product,359,Desktop,Email,No,No
S001138,U00297,2026-03-16T16:48:40,/cart,Cart,353,Mobile,Email,No,Yes
S001139,U00405,2025-02-02T18:31:07,/blog/how-to-buy,Content,517,Desktop,Direct,Yes,No
S001140,U00320,2025-06-15T13:11:23,/blog/how-to-buy,Content,254,Mobile,Instagram,No,No
S001141,U00004,2025-10-09T19:24:06,/product/sku-100,Product,20,Desktop,Direct,Yes,Yes
S001142,U00100,2026-05-06T08:55:46,/blog/how-to-buy,Content,609,Tablet,Instagram,Yes,No
S001143,U00102,2025-08-09T16:01:27,/product/sku-220,Product,188,Desktop,Instagram,Yes,No
S001144,U00126,2025-05-19T16:15:12,/checkout,Checkout,210,Desktop,Instagram,Yes,Yes
S001145,U00195,2026-05-24T15:38:47,/product/sku-100,Product,123,Desktop,Google,No,No
S001146,U00415,2025-10-17T05:06:42,/cart,Cart,686,Desktop,Affiliate,No,No
S001147,U00061,2025-04-23T04:24:43,/search,Discovery,143,Mobile,Google,No,No
S001148,U00307,2025-11-30T15:12:32,/cart,Cart,661,Desktop,Direct,Yes,No
S001149,U00405,2025-04-26T09:29:17,/offers,Promotion,345,Desktop,YouTube,No,No
S001150,U00300,2026-01-15T19:26:46,/checkout,Checkout,224,Mobile,Email,Yes,Yes
S001151,U00385,2026-05-17T01:00:19,/support,Support,779,Mobile,Email,No,Yes
S001152,U00270,2026-06-24T10:35:55,/cart,Cart,504,Mobile,Email,No,No
S001153,U00327,2026-03-30T14:13:30,/support,Support,675,Desktop,Google,Yes,No
S001154,U00203,2025-06-19T18:52:56,/product/sku-220,Product,323,Mobile,Email,Yes,No
S001155,U00131,2026-03-04T15:01:57,/cart,Cart,96,Desktop,Direct,No,No
S001156,U00118,2026-03-30T13:50:41,/cart,Cart,52,Mobile,Affiliate,No,No
S001157,U00222,2025-11-14T15:25:56,/blog/how-to-buy,Content,386,Mobile,Instagram,No,No
S001158,U00227,2025-07-01T14:10:08,/product/sku-100,Product,281,Mobile,Instagram,Yes,No
S001159,U00263,2026-03-01T14:19:47,/checkout,Checkout,669,Desktop,Instagram,Yes,Yes
S001160,U00185,2025-01-30T17:37:00,/search,Discovery,569,Desktop,Google,No,No
S001161,U00098,2026-04-15T04:00:38,/offers,Promotion,151,Tablet,YouTube,No,Yes
S001162,U00145,2025-09-27T05:41:43,/offers,Promotion,423,Tablet,Affiliate,Yes,No
S001163,U00390,2025-04-26T22:48:07,/checkout,Checkout,417,Desktop,YouTube,Yes,No
S001164,U00301,2026-03-06T05:29:41,/checkout,Checkout,489,Mobile,Email,No,No
S001165,U00097,2025-11-30T01:16:49,/cart,Cart,724,Mobile,Email,No,No
S001166,U00192,2025-04-18T22:13:11,/home,Landing,601,Mobile,Instagram,Yes,No
S001167,U00174,2025-06-25T03:27:00,/cart,Cart,439,Mobile,Email,No,No
S001168,U00291,2025-01-26T00:25:08,/home,Landing,152,Desktop,Instagram,No,No
S001169,U00201,2025-02-19T11:37:35,/product/sku-220,Product,557,Desktop,Email,Yes,No
S001170,U00328,2025-08-25T15:00:11,/blog/how-to-buy,Content,105,Desktop,YouTube,Yes,Yes
S001171,U00014,2025-05-26T00:11:35,/blog/how-to-buy,Content,213,Desktop,Email,No,No
S001172,U00338,2026-02-12T07:26:39,/offers,Promotion,81,Mobile,Instagram,Yes,Yes
S001173,U00201,2025-05-02T23:21:10,/support,Support,123,Desktop,Email,No,No
S001174,U00106,2025-04-11T22:06:47,/support,Support,220,Desktop,YouTube,No,Yes
S001175,U00301,2025-06-07T15:41:16,/offers,Promotion,524,Mobile,Email,No,No
S001176,U00229,2025-02-19T16:29:16,/product/sku-100,Product,418,Mobile,Google,No,No
S001177,U00236,2025-12-26T09:16:06,/blog/how-to-buy,Content,599,Desktop,Direct,No,No
S001178,U00178,2026-06-28T22:50:47,/blog/how-to-buy,Content,738,Mobile,Email,Yes,No
S001179,U00317,2025-12-02T14:29:30,/product/sku-100,Product,478,Desktop,YouTube,Yes,No
S001180,U00202,2026-06-27T15:40:55,/search,Discovery,54,Desktop,Google,No,No
S001181,U00150,2026-06-02T19:23:09,/checkout,Checkout,78,Mobile,YouTube,Yes,No
S001182,U00391,2026-03-06T09:23:03,/support,Support,134,Tablet,Direct,Yes,No
S001183,U00210,2025-12-17T06:03:21,/cart,Cart,178,Desktop,Affiliate,Yes,No
S001184,U00328,2026-06-24T10:09:07,/search,Discovery,701,Mobile,Email,No,No
S001185,U00204,2025-01-30T08:10:14,/product/sku-220,Product,20,Desktop,YouTube,Yes,No
S001186,U00249,2025-12-25T08:19:04,/blog/how-to-buy,Content,79,Desktop,YouTube,Yes,No
S001187,U00072,2026-01-01T16:07:09,/blog/how-to-buy,Content,295,Mobile,Google,Yes,No
S001188,U00151,2025-04-07T10:20:58,/product/sku-100,Product,557,Mobile,Google,Yes,No
S001189,U00347,2025-08-01T05:47:29,/home,Landing,167,Mobile,Google,Yes,No
S001190,U00111,2025-12-10T08:33:39,/checkout,Checkout,723,Desktop,YouTube,Yes,No
S001191,U00228,2025-02-10T17:05:28,/offers,Promotion,622,Desktop,Email,Yes,No
S001192,U00123,2025-06-05T08:00:12,/cart,Cart,103,Desktop,Direct,Yes,No
S001193,U00349,2026-06-04T14:07:18,/product/sku-220,Product,74,Desktop,Direct,Yes,No
S001194,U00213,2026-02-03T01:41:39,/home,Landing,120,Mobile,Instagram,Yes,No
S001195,U00203,2025-11-29T08:16:00,/checkout,Checkout,133,Desktop,Direct,No,No
S001196,U00206,2026-05-23T23:18:31,/home,Landing,333,Desktop,Google,No,No
S001197,U00333,2026-04-30T14:30:50,/offers,Promotion,387,Desktop,Google,No,No
S001198,U00053,2026-02-21T11:08:53,/blog/how-to-buy,Content,592,Desktop,Direct,No,No
S001199,U00348,2026-06-23T19:53:31,/support,Support,146,Desktop,YouTube,No,No
S001200,U00035,2025-09-18T06:48:50,/blog/how-to-buy,Content,28,Mobile,Affiliate,No,No
S001201,U00258,2026-04-02T07:12:26,/product/sku-220,Product,731,Tablet,Google,Yes,No
S001202,U00159,2025-07-03T14:44:48,/search,Discovery,765,Mobile,Google,Yes,Yes
S001203,U00256,2025-08-19T09:17:57,/cart,Cart,216,Desktop,Google,Yes,No
S001204,U00379,2025-09-13T07:13:22,/blog/how-to-buy,Content,147,Desktop,YouTube,Yes,No
S001205,U00332,2025-08-13T01:11:34,/support,Support,778,Desktop,YouTube,No,No
S001206,U00277,2025-02-12T00:00:43,/product/sku-220,Product,690,Tablet,YouTube,Yes,No
S001207,U00267,2025-09-07T19:44:53,/support,Support,197,Mobile,Direct,Yes,No
S001208,U00099,2025-02-10T11:20:32,/search,Discovery,659,Tablet,Google,Yes,Yes
S001209,U00408,2025-06-08T17:47:42,/checkout,Checkout,251,Mobile,Email,No,No
S001210,U00126,2025-11-26T08:14:44,/product/sku-220,Product,190,Mobile,Instagram,No,No
S001211,U00140,2026-01-09T17:40:19,/product/sku-220,Product,91,Tablet,Instagram,No,No
S001212,U00226,2025-11-25T07:38:52,/blog/how-to-buy,Content,527,Mobile,Email,Yes,No
S001213,U00011,2025-10-24T06:10:16,/blog/how-to-buy,Content,447,Mobile,Instagram,Yes,No
S001214,U00132,2025-10-23T12:06:23,/product/sku-100,Product,484,Desktop,Instagram,No,No
S001215,U00037,2025-09-16T19:56:04,/blog/how-to-buy,Content,149,Mobile,Google,Yes,No
S001216,U00007,2026-01-24T21:43:15,/home,Landing,757,Mobile,Email,No,No
S001217,U00381,2025-10-17T19:55:30,/support,Support,403,Mobile,YouTube,Yes,No
S001218,U00064,2025-10-26T21:40:36,/home,Landing,589,Desktop,Email,No,No
S001219,U00261,2026-01-15T12:34:16,/cart,Cart,660,Mobile,YouTube,Yes,No
S001220,U00377,2025-07-11T16:31:58,/support,Support,258,Mobile,Instagram,Yes,No
S001221,U00134,2026-04-16T06:08:17,/product/sku-100,Product,476,Tablet,Google,No,No
S001222,U00007,2025-04-01T16:01:00,/product/sku-100,Product,104,Mobile,Email,No,No
S001223,U00266,2025-05-27T15:55:13,/search,Discovery,443,Desktop,Email,No,No
S001224,U00273,2026-05-27T11:04:11,/checkout,Checkout,401,Mobile,YouTube,No,No
S001225,U00056,2026-05-10T03:15:33,/search,Discovery,596,Mobile,Instagram,Yes,No
S001226,U00384,2025-11-06T02:42:09,/product/sku-220,Product,725,Desktop,Google,No,Yes
S001227,U00397,2026-06-25T20:17:03,/search,Discovery,437,Mobile,YouTube,No,No
S001228,U00091,2025-10-19T00:00:29,/product/sku-100,Product,200,Mobile,Google,No,Yes
S001229,U00231,2026-03-17T11:21:48,/search,Discovery,227,Desktop,Direct,Yes,No
S001230,U00133,2025-11-14T12:26:33,/product/sku-220,Product,461,Mobile,Affiliate,Yes,No
S001231,U00041,2025-08-16T16:15:25,/product/sku-100,Product,97,Desktop,Instagram,Yes,No
S001232,U00245,2026-01-12T20:40:41,/product/sku-220,Product,698,Mobile,Direct,Yes,No
S001233,U00341,2026-03-29T09:34:12,/home,Landing,52,Desktop,Affiliate,Yes,No
S001234,U00390,2025-07-26T11:32:18,/checkout,Checkout,507,Mobile,Instagram,No,No
S001235,U00162,2025-07-06T02:24:44,/cart,Cart,379,Mobile,Email,Yes,No
S001236,U00413,2025-03-19T19:26:29,/cart,Cart,13,Mobile,YouTube,No,No
S001237,U00014,2026-04-13T12:24:01,/product/sku-100,Product,135,Mobile,Instagram,Yes,No
S001238,U00264,2025-11-17T21:14:16,/blog/how-to-buy,Content,686,Desktop,YouTube,No,Yes
S001239,U00024,2025-09-10T20:13:46,/cart,Cart,704,Mobile,Affiliate,No,No
S001240,U00179,2025-11-29T08:56:15,/search,Discovery,497,Tablet,YouTube,Yes,No
S001241,U00311,2025-06-01T12:29:52,/offers,Promotion,739,Desktop,Affiliate,Yes,Yes
S001242,U00155,2026-06-07T18:47:16,/search,Discovery,571,Tablet,Email,Yes,No
S001243,U00247,2026-05-30T16:32:39,/search,Discovery,563,Desktop,Google,Yes,No
S001244,U00055,2025-12-04T19:00:02,/search,Discovery,742,Desktop,Instagram,No,No
S001245,U00369,2025-07-20T02:32:38,/product/sku-220,Product,691,Mobile,YouTube,Yes,No
S001246,U00325,2026-01-18T02:46:35,/checkout,Checkout,102,Mobile,Instagram,Yes,No
S001247,U00330,2025-09-24T14:11:32,/search,Discovery,396,Tablet,YouTube,No,No
S001248,U00224,2025-07-01T06:17:04,/checkout,Checkout,238,Desktop,Instagram,Yes,Yes
S001249,U00380,2026-04-05T23:25:01,/cart,Cart,202,Mobile,Direct,No,Yes
S001250,U00195,2026-03-25T02:30:33,/cart,Cart,764,Desktop,Direct,Yes,No
S001251,U00164,2025-10-11T12:32:15,/support,Support,705,Tablet,Google,Yes,Yes
S001252,U00276,2025-12-24T18:15:28,/home,Landing,333,Desktop,Instagram,Yes,No
S001253,U00076,2026-04-13T04:07:40,/blog/how-to-buy,Content,300,Desktop,YouTube,Yes,No
S001254,U00258,2026-06-19T20:26:03,/offers,Promotion,136,Desktop,YouTube,No,No
S001255,U00254,2025-08-15T09:51:45,/product/sku-220,Product,731,Tablet,Direct,No,Yes
S001256,U00376,2025-06-24T19:38:28,/product/sku-220,Product,727,Mobile,Google,No,No
S001257,U00418,2026-05-28T01:18:59,/offers,Promotion,173,Tablet,Affiliate,No,No
S001258,U00179,2025-10-31T23:31:47,/blog/how-to-buy,Content,410,Desktop,YouTube,No,No
S001259,U00359,2026-03-02T15:38:50,/product/sku-220,Product,413,Desktop,Instagram,Yes,No
S001260,U00235,2026-05-24T11:15:43,/offers,Promotion,177,Mobile,Email,No,No
S001261,U00108,2025-06-19T10:21:30,/product/sku-100,Product,776,Desktop,YouTube,Yes,No
S001262,U00348,2025-04-25T15:33:54,/search,Discovery,395,Tablet,Email,Yes,No
S001263,U00183,2026-01-04T01:41:03,/search,Discovery,193,Tablet,Direct,No,No
S001264,U00322,2025-11-10T18:59:38,/product/sku-100,Product,260,Desktop,Google,No,No
S001265,U00335,2025-10-19T13:26:04,/product/sku-100,Product,718,Tablet,YouTube,Yes,No
S001266,U00141,2026-05-07T03:33:03,/support,Support,678,Mobile,Direct,Yes,Yes
S001267,U00251,2026-05-14T04:44:11,/search,Discovery,694,Tablet,Google,Yes,No
S001268,U00141,2026-06-23T19:59:13,/blog/how-to-buy,Content,773,Desktop,Affiliate,Yes,No
S001269,U00153,2026-03-20T20:05:55,/support,Support,138,Desktop,Direct,Yes,No
S001270,U00202,2026-03-08T21:42:45,/home,Landing,559,Mobile,Affiliate,No,Yes
S001271,U00366,2026-05-22T04:34:51,/checkout,Checkout,137,Mobile,Google,Yes,Yes
S001272,U00003,2026-03-07T20:45:47,/product/sku-100,Product,467,Mobile,Direct,Yes,Yes
S001273,U00335,2025-05-06T05:10:37,/product/sku-220,Product,99,Mobile,Direct,Yes,No
S001274,U00153,2025-10-10T09:14:34,/checkout,Checkout,567,Desktop,YouTube,Yes,No
S001275,U00266,2025-08-16T21:18:47,/home,Landing,684,Mobile,Google,No,No
S001276,U00181,2026-04-16T19:52:03,/checkout,Checkout,561,Mobile,YouTube,Yes,No
S001277,U00122,2025-01-29T12:46:13,/home,Landing,202,Desktop,Google,Yes,No
S001278,U00303,2025-10-06T21:27:35,/product/sku-220,Product,294,Desktop,Affiliate,No,Yes
S001279,U00134,2025-10-24T12:56:17,/offers,Promotion,675,Tablet,Email,No,Yes
S001280,U00347,2025-11-27T08:58:29,/offers,Promotion,721,Desktop,Google,Yes,No
S001281,U00325,2026-06-26T05:20:53,/offers,Promotion,671,Desktop,Instagram,Yes,No
S001282,U00162,2025-12-03T19:23:44,/product/sku-100,Product,398,Desktop,Affiliate,Yes,Yes
S001283,U00273,2025-03-27T10:21:52,/search,Discovery,710,Mobile,Direct,No,No
S001284,U00171,2025-08-01T05:48:18,/cart,Cart,159,Mobile,Google,No,Yes
S001285,U00114,2025-10-22T02:13:06,/support,Support,117,Mobile,Direct,Yes,No
S001286,U00302,2026-01-16T07:09:08,/offers,Promotion,107,Mobile,YouTube,No,No
S001287,U00025,2025-05-13T14:57:45,/search,Discovery,335,Tablet,Email,Yes,No
S001288,U00283,2026-04-07T20:27:49,/checkout,Checkout,422,Mobile,Google,No,Yes
S001289,U00366,2025-05-01T18:34:03,/checkout,Checkout,683,Desktop,Email,No,Yes
S001290,U00363,2025-07-13T11:46:38,/cart,Cart,704,Mobile,YouTube,No,Yes
S001291,U00409,2025-12-31T00:33:50,/cart,Cart,524,Desktop,Email,Yes,No
S001292,U00157,2025-11-12T17:59:05,/search,Discovery,330,Mobile,YouTube,Yes,Yes
S001293,U00048,2025-05-09T05:55:54,/product/sku-220,Product,599,Desktop,YouTube,No,No
S001294,U00414,2025-01-09T07:21:47,/blog/how-to-buy,Content,444,Mobile,YouTube,Yes,No
S001295,U00351,2026-06-10T15:59:05,/checkout,Checkout,555,Mobile,Email,Yes,No
S001296,U00366,2025-11-27T02:10:51,/home,Landing,729,Mobile,Instagram,Yes,No
S001297,U00351,2026-04-19T04:11:31,/checkout,Checkout,53,Mobile,Google,Yes,Yes
S001298,U00069,2026-02-03T23:46:22,/cart,Cart,371,Tablet,Email,No,No
S001299,U00058,2025-09-20T12:00:17,/cart,Cart,705,Desktop,Affiliate,Yes,No
S001300,U00151,2025-07-25T15:18:44,/blog/how-to-buy,Content,228,Desktop,YouTube,No,No
S001301,U00330,2026-02-05T10:09:26,/offers,Promotion,46,Tablet,Affiliate,No,Yes
S001302,U00316,2025-12-24T13:37:05,/home,Landing,346,Desktop,Direct,Yes,No
S001303,U00206,2025-10-03T08:57:41,/product/sku-100,Product,19,Desktop,Email,Yes,Yes
S001304,U00079,2025-11-16T00:21:29,/checkout,Checkout,136,Tablet,Direct,Yes,No
S001305,U00116,2026-01-01T14:27:33,/offers,Promotion,414,Desktop,Instagram,No,No
S001306,U00416,2025-07-29T07:30:09,/checkout,Checkout,121,Tablet,YouTube,No,Yes
S001307,U00383,2025-12-04T01:36:13,/cart,Cart,15,Desktop,YouTube,Yes,Yes
S001308,U00021,2025-04-14T19:58:55,/offers,Promotion,414,Mobile,Instagram,Yes,Yes
S001309,U00246,2026-06-01T17:01:34,/product/sku-220,Product,282,Desktop,Email,No,No
S001310,U00167,2025-11-07T14:13:45,/product/sku-100,Product,523,Mobile,YouTube,No,Yes
S001311,U00406,2025-01-17T10:18:20,/search,Discovery,139,Desktop,Affiliate,Yes,No
S001312,U00027,2026-06-11T20:37:14,/product/sku-220,Product,360,Mobile,Affiliate,Yes,No
S001313,U00145,2026-01-13T10:22:39,/offers,Promotion,94,Mobile,Google,Yes,No
S001314,U00128,2025-08-07T08:48:27,/product/sku-100,Product,127,Mobile,YouTube,Yes,No
S001315,U00102,2026-01-04T02:00:09,/support,Support,733,Mobile,Direct,Yes,Yes
S001316,U00118,2025-04-04T13:33:33,/product/sku-100,Product,145,Mobile,Instagram,Yes,No
S001317,U00010,2026-04-24T19:47:04,/support,Support,214,Desktop,Direct,No,No
S001318,U00359,2026-05-07T21:45:12,/offers,Promotion,246,Desktop,Email,No,Yes
S001319,U00330,2025-02-10T02:55:41,/support,Support,321,Desktop,Instagram,No,No
S001320,U00127,2025-09-06T10:15:58,/support,Support,58,Desktop,Direct,Yes,No
S001321,U00109,2025-08-10T14:41:37,/cart,Cart,493,Desktop,Affiliate,Yes,No
S001322,U00252,2025-10-10T09:38:44,/offers,Promotion,352,Desktop,Direct,Yes,No
S001323,U00170,2025-10-08T01:29:16,/product/sku-100,Product,769,Mobile,YouTube,No,No
S001324,U00108,2026-03-30T20:38:55,/offers,Promotion,403,Desktop,Direct,Yes,No
S001325,U00022,2026-04-01T14:17:52,/search,Discovery,680,Mobile,Google,No,No
S001326,U00280,2026-04-26T19:11:22,/search,Discovery,361,Desktop,Email,Yes,No
S001327,U00023,2025-04-10T06:57:36,/product/sku-100,Product,206,Mobile,YouTube,No,No
S001328,U00178,2025-10-12T06:57:31,/checkout,Checkout,469,Mobile,Direct,No,Yes
S001329,U00269,2026-01-27T08:48:24,/support,Support,32,Desktop,Instagram,Yes,No
S001330,U00407,2026-06-23T21:25:53,/home,Landing,204,Mobile,Email,No,No
S001331,U00039,2025-05-09T13:28:59,/checkout,Checkout,458,Mobile,Email,No,No
S001332,U00106,2025-05-23T23:14:43,/offers,Promotion,13,Desktop,Google,Yes,No
S001333,U00234,2026-01-27T07:50:37,/checkout,Checkout,734,Mobile,Instagram,No,No
S001334,U00363,2025-07-28T13:28:33,/offers,Promotion,575,Desktop,Google,Yes,No
S001335,U00021,2026-05-12T19:17:39,/offers,Promotion,161,Tablet,Instagram,Yes,No
S001336,U00329,2025-07-13T09:50:48,/home,Landing,225,Mobile,Direct,No,No
S001337,U00167,2025-03-06T15:49:14,/cart,Cart,732,Mobile,Instagram,Yes,No
S001338,U00167,2025-02-14T11:28:03,/offers,Promotion,650,Mobile,Instagram,Yes,No
S001339,U00091,2025-07-18T19:56:50,/offers,Promotion,26,Mobile,Affiliate,Yes,No
S001340,U00335,2025-07-19T21:15:41,/support,Support,651,Mobile,Affiliate,Yes,No
S001341,U00167,2025-07-28T18:40:26,/product/sku-220,Product,218,Mobile,Email,Yes,No
S001342,U00189,2025-04-26T05:08:58,/support,Support,500,Desktop,Google,No,Yes
S001343,U00097,2026-03-19T11:11:40,/product/sku-100,Product,512,Tablet,Google,No,Yes
S001344,U00091,2025-11-03T04:22:15,/product/sku-100,Product,713,Mobile,Direct,Yes,Yes
S001345,U00233,2026-05-17T01:53:06,/product/sku-220,Product,422,Desktop,Affiliate,Yes,No
S001346,U00309,2025-03-19T11:06:03,/home,Landing,396,Desktop,Direct,Yes,No
S001347,U00068,2025-07-12T21:26:52,/home,Landing,95,Desktop,YouTube,Yes,No
S001348,U00406,2025-03-24T14:18:05,/home,Landing,565,Mobile,Instagram,Yes,No
S001349,U00389,2026-03-14T04:18:26,/blog/how-to-buy,Content,464,Mobile,Instagram,No,No
S001350,U00029,2026-02-27T04:04:01,/product/sku-220,Product,718,Desktop,Affiliate,Yes,Yes
S001351,U00053,2026-02-28T00:51:52,/home,Landing,313,Desktop,Email,Yes,Yes
S001352,U00013,2025-06-26T01:31:51,/product/sku-220,Product,447,Desktop,Instagram,No,No
S001353,U00352,2025-03-29T07:26:58,/support,Support,513,Desktop,Direct,Yes,Yes
S001354,U00183,2025-03-01T06:08:51,/offers,Promotion,640,Desktop,Instagram,Yes,No
S001355,U00092,2025-11-29T22:12:45,/product/sku-100,Product,553,Desktop,Google,No,Yes
S001356,U00320,2025-08-11T22:10:16,/offers,Promotion,366,Mobile,Instagram,No,No
S001357,U00416,2025-03-01T07:37:49,/offers,Promotion,12,Mobile,Google,Yes,No
S001358,U00229,2026-01-07T14:37:08,/support,Support,78,Desktop,Email,No,Yes
S001359,U00066,2025-05-22T06:20:45,/cart,Cart,404,Desktop,Email,No,No
S001360,U00309,2026-05-10T11:09:43,/support,Support,351,Desktop,YouTube,Yes,No
S001361,U00255,2026-02-23T10:58:35,/checkout,Checkout,556,Mobile,Affiliate,Yes,No
S001362,U00270,2026-03-25T20:23:51,/support,Support,720,Mobile,Google,Yes,No
S001363,U00105,2025-01-14T07:47:09,/home,Landing,381,Mobile,Google,Yes,Yes
S001364,U00185,2025-04-19T05:39:31,/cart,Cart,311,Mobile,Affiliate,No,No
S001365,U00029,2025-04-18T00:48:09,/product/sku-220,Product,130,Tablet,YouTube,Yes,No
S001366,U00357,2025-11-26T21:08:41,/home,Landing,390,Desktop,Direct,Yes,No
S001367,U00016,2025-04-25T02:09:57,/product/sku-100,Product,384,Desktop,Google,Yes,Yes
S001368,U00077,2025-05-22T16:38:21,/support,Support,491,Mobile,YouTube,No,No
S001369,U00228,2026-05-16T20:49:19,/cart,Cart,721,Desktop,Direct,Yes,Yes
S001370,U00310,2025-05-15T19:46:10,/home,Landing,525,Desktop,Email,No,No
S001371,U00284,2025-07-20T10:28:54,/blog/how-to-buy,Content,595,Mobile,YouTube,Yes,No
S001372,U00140,2025-03-13T09:49:15,/product/sku-100,Product,544,Desktop,Google,Yes,No
S001373,U00113,2025-11-01T16:50:00,/home,Landing,198,Mobile,Affiliate,Yes,No
S001374,U00245,2025-09-01T06:16:42,/blog/how-to-buy,Content,678,Mobile,Email,Yes,Yes
S001375,U00332,2025-11-26T12:04:09,/cart,Cart,209,Desktop,Direct,Yes,No
S001376,U00015,2025-07-06T01:09:40,/cart,Cart,298,Desktop,Direct,Yes,No
S001377,U00388,2025-08-29T02:24:59,/home,Landing,202,Mobile,YouTube,Yes,No
S001378,U00292,2026-03-15T16:34:32,/search,Discovery,55,Mobile,Email,Yes,Yes
S001379,U00159,2025-01-07T14:03:17,/search,Discovery,375,Mobile,Email,Yes,No
S001380,U00372,2025-10-04T09:17:16,/support,Support,142,Mobile,Direct,No,No
S001381,U00052,2026-01-26T01:15:35,/checkout,Checkout,163,Desktop,Email,No,No
S001382,U00149,2025-05-06T05:24:52,/home,Landing,165,Mobile,Direct,Yes,No
S001383,U00111,2026-06-14T07:19:48,/product/sku-220,Product,679,Desktop,YouTube,Yes,No
S001384,U00265,2026-04-18T19:42:57,/checkout,Checkout,677,Mobile,Instagram,No,No
S001385,U00149,2025-10-07T20:47:01,/cart,Cart,648,Mobile,Email,Yes,No
S001386,U00123,2025-06-12T04:41:55,/support,Support,635,Mobile,Google,No,Yes
S001387,U00074,2025-08-29T10:17:12,/home,Landing,570,Mobile,Direct,No,Yes
S001388,U00087,2025-08-18T14:32:09,/cart,Cart,175,Desktop,Affiliate,No,No
S001389,U00092,2025-12-24T20:50:15,/search,Discovery,274,Tablet,Instagram,No,No
S001390,U00064,2026-03-18T17:57:35,/product/sku-100,Product,509,Desktop,Instagram,No,No
S001391,U00226,2025-10-12T20:23:05,/product/sku-100,Product,534,Mobile,Instagram,No,Yes
S001392,U00260,2025-12-16T14:19:41,/support,Support,279,Mobile,YouTube,Yes,No
S001393,U00380,2025-07-10T03:42:56,/home,Landing,726,Mobile,Direct,Yes,No
S001394,U00193,2025-05-03T21:10:11,/offers,Promotion,593,Desktop,Direct,Yes,No
S001395,U00343,2025-03-14T15:01:28,/blog/how-to-buy,Content,367,Mobile,YouTube,No,Yes
S001396,U00375,2025-03-26T03:45:33,/product/sku-100,Product,416,Mobile,Google,No,No
S001397,U00176,2026-04-15T10:15:45,/cart,Cart,507,Desktop,YouTube,No,Yes
S001398,U00020,2026-02-28T09:03:01,/blog/how-to-buy,Content,169,Tablet,Google,Yes,No
S001399,U00308,2025-10-23T09:01:22,/home,Landing,73,Tablet,Instagram,No,No
S001400,U00028,2025-06-14T06:30:47,/product/sku-220,Product,33,Tablet,YouTube,No,No
S001401,U00043,2025-04-21T02:11:09,/product/sku-100,Product,80,Desktop,Direct,No,No
S001402,U00215,2026-02-12T14:34:11,/blog/how-to-buy,Content,229,Mobile,Instagram,Yes,No
S001403,U00220,2025-09-23T15:41:56,/search,Discovery,314,Desktop,Instagram,No,No
S001404,U00353,2025-05-05T19:27:46,/checkout,Checkout,723,Mobile,YouTube,No,No
S001405,U00401,2026-04-09T19:17:04,/checkout,Checkout,213,Desktop,YouTube,Yes,No
S001406,U00008,2025-04-27T21:38:25,/cart,Cart,479,Tablet,Email,No,Yes
S001407,U00135,2026-02-09T10:23:48,/support,Support,749,Desktop,Email,Yes,No
S001408,U00019,2025-06-19T19:25:25,/search,Discovery,773,Tablet,Email,Yes,No
S001409,U00179,2025-06-12T22:16:01,/product/sku-220,Product,205,Tablet,Affiliate,Yes,No
S001410,U00009,2025-08-23T12:39:10,/cart,Cart,324,Mobile,Direct,No,No
S001411,U00212,2025-11-15T18:09:52,/blog/how-to-buy,Content,370,Desktop,Affiliate,No,No
S001412,U00059,2025-05-17T13:24:24,/cart,Cart,479,Mobile,Google,Yes,No
S001413,U00146,2026-05-28T07:56:22,/support,Support,715,Mobile,YouTube,No,No
S001414,U00045,2025-03-22T15:11:48,/search,Discovery,101,Mobile,Affiliate,No,Yes
S001415,U00052,2026-05-08T01:45:53,/checkout,Checkout,464,Mobile,Direct,No,No
S001416,U00115,2025-12-20T02:54:54,/product/sku-220,Product,574,Desktop,Google,No,No
S001417,U00407,2025-12-27T08:36:04,/cart,Cart,432,Tablet,YouTube,No,Yes
S001418,U00401,2025-06-23T22:28:50,/cart,Cart,529,Desktop,YouTube,No,No
S001419,U00345,2025-07-07T14:54:04,/support,Support,14,Tablet,Email,Yes,Yes
S001420,U00405,2025-10-18T19:25:43,/product/sku-100,Product,541,Mobile,Affiliate,No,No
S001421,U00124,2026-03-08T15:44:11,/support,Support,410,Desktop,YouTube,No,No
S001422,U00066,2026-05-10T04:59:51,/support,Support,409,Tablet,Google,No,No
S001423,U00082,2025-12-06T17:45:23,/checkout,Checkout,246,Desktop,Google,Yes,No
S001424,U00391,2026-05-03T06:03:43,/support,Support,276,Mobile,Google,No,No
S001425,U00014,2025-12-06T18:07:09,/search,Discovery,21,Mobile,Affiliate,Yes,Yes
S001426,U00041,2026-03-21T03:00:34,/checkout,Checkout,401,Desktop,YouTube,Yes,No
S001427,U00096,2025-07-06T04:44:23,/cart,Cart,678,Mobile,Instagram,Yes,No
S001428,U00372,2025-10-21T16:25:28,/product/sku-220,Product,276,Mobile,Instagram,Yes,No
S001429,U00327,2026-03-26T23:57:07,/home,Landing,115,Desktop,Affiliate,Yes,Yes
S001430,U00135,2025-05-21T07:08:39,/offers,Promotion,105,Desktop,Instagram,Yes,No
S001431,U00408,2025-01-18T01:18:27,/blog/how-to-buy,Content,433,Desktop,YouTube,Yes,No
S001432,U00193,2025-09-01T13:38:48,/support,Support,658,Tablet,Google,Yes,No
S001433,U00338,2026-03-17T15:07:25,/product/sku-100,Product,656,Mobile,Direct,Yes,No
S001434,U00248,2026-04-22T21:52:57,/cart,Cart,624,Mobile,Google,No,No
S001435,U00311,2025-01-23T22:56:58,/product/sku-220,Product,558,Desktop,Affiliate,Yes,No
S001436,U00059,2025-06-18T12:23:10,/cart,Cart,40,Desktop,Google,Yes,No
S001437,U00138,2025-08-01T13:30:46,/product/sku-100,Product,503,Desktop,Direct,No,No
S001438,U00240,2026-01-21T02:24:49,/offers,Promotion,456,Mobile,Email,Yes,No
S001439,U00352,2025-08-07T07:45:44,/product/sku-220,Product,412,Desktop,Affiliate,No,Yes
S001440,U00370,2026-01-14T21:50:37,/product/sku-220,Product,453,Mobile,Email,No,No
S001441,U00311,2025-10-25T12:29:31,/search,Discovery,449,Desktop,Instagram,No,No
S001442,U00231,2025-05-10T21:44:53,/search,Discovery,44,Tablet,Instagram,No,No
S001443,U00181,2025-11-06T08:58:28,/checkout,Checkout,40,Desktop,Instagram,No,No
S001444,U00126,2025-02-26T10:06:50,/cart,Cart,230,Mobile,Instagram,Yes,No
S001445,U00005,2025-09-05T10:55:55,/search,Discovery,714,Desktop,Instagram,Yes,No
S001446,U00120,2026-03-13T05:44:21,/cart,Cart,77,Desktop,Affiliate,Yes,No
S001447,U00288,2025-08-04T23:11:56,/search,Discovery,743,Mobile,YouTube,Yes,No
S001448,U00350,2025-12-05T00:49:11,/support,Support,335,Mobile,Google,Yes,Yes
S001449,U00256,2025-02-06T08:15:47,/blog/how-to-buy,Content,291,Mobile,Direct,No,Yes
S001450,U00303,2025-10-25T08:58:53,/cart,Cart,252,Mobile,Instagram,Yes,No
S001451,U00237,2025-08-09T20:57:47,/home,Landing,144,Mobile,Email,Yes,No
S001452,U00021,2025-09-20T01:24:10,/checkout,Checkout,670,Desktop,Email,Yes,No
S001453,U00371,2025-08-22T19:00:52,/support,Support,291,Desktop,Instagram,No,Yes
S001454,U00253,2026-04-21T14:29:03,/cart,Cart,58,Desktop,YouTube,No,No
S001455,U00192,2026-04-25T23:55:34,/search,Discovery,115,Desktop,Direct,Yes,Yes
S001456,U00353,2025-12-05T09:42:35,/cart,Cart,241,Desktop,Google,No,No
S001457,U00003,2026-06-19T13:44:48,/checkout,Checkout,63,Desktop,Direct,Yes,Yes
S001458,U00039,2025-07-24T20:13:48,/offers,Promotion,347,Mobile,Email,No,No
S001459,U00299,2025-12-24T19:57:15,/product/sku-100,Product,132,Desktop,Google,No,No
S001460,U00268,2026-02-14T18:58:13,/search,Discovery,256,Mobile,YouTube,No,No
S001461,U00396,2026-01-10T22:17:52,/cart,Cart,241,Desktop,Instagram,Yes,No
S001462,U00338,2026-05-18T15:27:25,/product/sku-220,Product,762,Mobile,YouTube,Yes,Yes
S001463,U00031,2025-06-15T00:49:47,/blog/how-to-buy,Content,23,Mobile,Email,No,Yes
S001464,U00175,2025-06-12T01:43:53,/search,Discovery,614,Mobile,Affiliate,No,No
S001465,U00363,2025-12-19T15:34:58,/offers,Promotion,681,Desktop,Affiliate,Yes,No
S001466,U00187,2025-10-27T11:39:10,/product/sku-220,Product,473,Mobile,Affiliate,Yes,No
S001467,U00036,2025-08-04T19:17:01,/product/sku-220,Product,443,Desktop,Instagram,Yes,Yes
S001468,U00382,2025-03-27T14:15:41,/search,Discovery,256,Desktop,Email,Yes,No
S001469,U00339,2026-02-17T08:25:16,/blog/how-to-buy,Content,473,Desktop,Direct,Yes,No
S001470,U00078,2025-11-05T07:16:27,/product/sku-220,Product,524,Mobile,Instagram,Yes,No
S001471,U00051,2025-02-08T03:55:53,/cart,Cart,674,Desktop,Email,Yes,No
S001472,U00091,2026-04-07T09:52:44,/support,Support,292,Mobile,Email,No,Yes
S001473,U00331,2025-07-13T08:39:25,/home,Landing,123,Desktop,Direct,Yes,No
S001474,U00034,2026-02-18T07:39:15,/product/sku-220,Product,113,Desktop,Affiliate,No,No
S001475,U00113,2026-06-22T05:55:13,/search,Discovery,284,Mobile,Google,Yes,No
S001476,U00362,2026-04-09T04:05:14,/offers,Promotion,304,Mobile,Direct,Yes,No
S001477,U00379,2025-08-26T03:39:19,/blog/how-to-buy,Content,714,Desktop,Instagram,Yes,Yes
S001478,U00234,2025-04-21T03:58:15,/cart,Cart,23,Mobile,Email,No,Yes
S001479,U00040,2025-05-13T14:32:48,/offers,Promotion,705,Mobile,Direct,No,No
S001480,U00251,2025-07-12T05:55:43,/home,Landing,493,Desktop,Direct,No,No
S001481,U00258,2025-05-10T22:47:10,/checkout,Checkout,160,Mobile,Direct,No,No
S001482,U00232,2026-01-17T02:35:59,/cart,Cart,762,Desktop,Affiliate,No,No
S001483,U00187,2025-12-23T07:44:02,/offers,Promotion,23,Mobile,Instagram,No,No
S001484,U00058,2025-07-29T15:59:55,/blog/how-to-buy,Content,712,Mobile,YouTube,Yes,Yes
S001485,U00113,2026-05-28T03:29:24,/support,Support,155,Desktop,Direct,Yes,No
S001486,U00185,2025-06-10T05:51:03,/support,Support,772,Desktop,Email,Yes,No
S001487,U00231,2026-02-14T06:15:22,/checkout,Checkout,189,Desktop,YouTube,No,No
S001488,U00302,2025-11-21T02:55:45,/support,Support,292,Desktop,Direct,No,No
S001489,U00222,2025-12-20T10:19:50,/search,Discovery,590,Tablet,Instagram,No,Yes
S001490,U00256,2026-06-17T11:08:38,/home,Landing,160,Mobile,Google,No,No
S001491,U00156,2026-01-14T03:04:19,/product/sku-100,Product,305,Desktop,Instagram,Yes,No
S001492,U00145,2026-04-06T15:39:22,/product/sku-220,Product,136,Desktop,Instagram,Yes,No
S001493,U00026,2025-07-15T07:03:34,/home,Landing,151,Desktop,Instagram,Yes,No
S001494,U00074,2025-06-02T19:15:53,/offers,Promotion,452,Mobile,Direct,No,No
S001495,U00182,2025-07-13T04:38:07,/blog/how-to-buy,Content,704,Mobile,Email,No,No
S001496,U00134,2025-08-23T14:06:37,/search,Discovery,621,Desktop,Affiliate,No,No
S001497,U00412,2026-03-26T01:49:18,/cart,Cart,152,Mobile,Google,No,Yes
S001498,U00103,2025-08-22T20:12:26,/checkout,Checkout,322,Desktop,Affiliate,No,No
S001499,U00401,2025-12-06T08:16:20,/support,Support,108,Desktop,Email,No,No
S001500,U00240,2025-10-03T02:39:06,/cart,Cart,447,Mobile,Email,No,Yes
