event_id,user_id,event_timestamp,country,city,region,latitude,longitude,store_visit,traffic_source
E000001,U00262,2026-03-04T13:40:21,UK,London,England,51.489979,-0.143582,No,Organic
E000002,U00089,2025-08-21T20:17:57,UK,London,England,51.519172,-0.121137,No,Organic
E000003,U00158,2025-07-27T01:56:47,India,Delhi,Delhi,28.592603,77.180919,No,Organic
E000004,U00220,2025-09-18T09:20:50,UK,London,England,51.474022,-0.150733,No,Referral
E000005,U00390,2025-01-09T08:57:31,Singapore,Singapore,Singapore,1.35936,103.814664,Yes,Social
E000006,U00390,2025-04-17T06:25:31,USA,New York,New York,40.699772,-74.033461,No,Referral
E000007,U00102,2026-02-05T13:40:28,India,Bengaluru,Karnataka,12.949687,77.591361,No,Direct
E000008,U00002,2026-04-08T15:09:49,India,Hyderabad,Telangana,17.341322,78.437909,No,Referral
E000009,U00380,2025-07-28T02:19:58,UAE,Dubai,Dubai,25.217382,55.252095,Yes,Email
E000010,U00309,2025-01-13T10:19:32,India,Hyderabad,Telangana,17.358446,78.514723,No,Organic
E000011,U00040,2025-07-23T09:14:32,Germany,Berlin,Berlin,52.548101,13.402696,No,Organic
E000012,U00211,2025-03-14T21:44:15,India,Hyderabad,Telangana,17.383873,78.501454,No,Email
E000013,U00142,2025-06-14T21:09:40,USA,New York,New York,40.758419,-74.003745,No,Email
E000014,U00334,2025-09-30T22:37:16,Singapore,Singapore,Singapore,1.310335,103.845044,No,Social
E000015,U00199,2025-07-01T15:05:40,Singapore,Singapore,Singapore,1.387008,103.782937,No,Organic
E000016,U00045,2026-02-08T11:34:14,UAE,Dubai,Dubai,25.220712,55.309027,No,Referral
E000017,U00077,2025-12-18T17:01:03,Germany,Berlin,Berlin,52.527125,13.448838,No,Direct
E000018,U00398,2026-02-06T14:00:39,India,Delhi,Delhi,28.621586,77.17,No,Organic
E000019,U00198,2025-01-16T20:54:53,UK,London,England,51.522181,-0.093837,No,Paid Search
E000020,U00018,2025-09-20T02:43:39,UAE,Dubai,Dubai,25.19599,55.30903,No,Paid Search
E000021,U00304,2026-01-31T12:06:08,India,Pune,Maharashtra,18.514821,73.898185,Yes,Organic
E000022,U00109,2025-01-18T06:49:44,Singapore,Singapore,Singapore,1.350405,103.813803,No,Email
E000023,U00377,2025-05-23T11:00:38,India,Mumbai,Maharashtra,19.080799,72.841264,No,Email
E000024,U00315,2025-01-13T12:57:31,Germany,Berlin,Berlin,52.534237,13.43261,No,Email
E000025,U00112,2026-01-26T05:04:02,USA,New York,New York,40.727504,-74.012909,No,Direct
E000026,U00242,2025-06-09T10:03:59,Germany,Berlin,Berlin,52.550834,13.359669,No,Paid Search
E000027,U00264,2026-06-23T17:37:55,India,Hyderabad,Telangana,17.402974,78.453616,No,Referral
E000028,U00162,2026-05-11T07:13:31,UK,London,England,51.555941,-0.175193,No,Organic
E000029,U00061,2026-06-24T09:50:46,India,Hyderabad,Telangana,17.3921,78.4506,No,Social
E000030,U00040,2026-02-28T08:44:55,USA,New York,New York,40.705059,-73.985984,No,Direct
E000031,U00096,2025-02-17T12:42:22,UK,London,England,51.460174,-0.138525,No,Email
E000032,U00008,2026-01-04T14:33:43,India,Delhi,Delhi,28.621688,77.255216,Yes,Referral
E000033,U00316,2025-03-04T05:01:30,Germany,Berlin,Berlin,52.487731,13.438698,No,Referral
E000034,U00288,2025-04-30T13:14:52,USA,New York,New York,40.755849,-74.006946,No,Social
E000035,U00047,2025-12-22T09:11:06,India,Pune,Maharashtra,18.547662,73.830038,No,Organic
E000036,U00313,2025-07-23T19:45:40,USA,New York,New York,40.705089,-73.972954,Yes,Referral
E000037,U00357,2026-04-05T07:43:10,India,Hyderabad,Telangana,17.350774,78.457325,No,Direct
E000038,U00395,2025-07-04T09:33:21,India,Pune,Maharashtra,18.567648,73.81541,No,Social
E000039,U00184,2026-03-16T07:11:24,Germany,Berlin,Berlin,52.539233,13.366295,No,Email
E000040,U00092,2025-02-19T07:54:03,UK,London,England,51.459878,-0.139562,No,Referral
E000041,U00311,2026-02-17T01:16:22,UK,London,England,51.476185,-0.140814,Yes,Social
E000042,U00398,2025-08-04T21:06:13,India,Pune,Maharashtra,18.526541,73.857963,No,Paid Search
E000043,U00356,2026-06-11T20:19:35,India,Bengaluru,Karnataka,12.991337,77.622881,No,Organic
E000044,U00242,2026-01-25T21:55:11,UK,London,England,51.529668,-0.166435,No,Organic
E000045,U00139,2026-05-31T05:14:58,Singapore,Singapore,Singapore,1.365502,103.865185,Yes,Organic
E000046,U00387,2025-02-10T05:42:57,UAE,Dubai,Dubai,25.243103,55.27357,Yes,Direct
E000047,U00371,2026-05-27T05:10:26,India,Hyderabad,Telangana,17.423248,78.494792,Yes,Direct
E000048,U00230,2025-02-06T00:36:39,USA,New York,New York,40.672115,-74.055853,Yes,Organic
E000049,U00153,2025-02-03T00:50:26,Germany,Berlin,Berlin,52.567733,13.396227,No,Organic
E000050,U00017,2026-02-07T00:24:58,India,Pune,Maharashtra,18.473509,73.86961,No,Organic
E000051,U00085,2026-04-12T12:42:32,UK,London,England,51.473133,-0.162578,No,Referral
E000052,U00154,2026-02-14T00:06:46,India,Delhi,Delhi,28.629028,77.236039,No,Organic
E000053,U00338,2026-03-27T01:47:54,India,Bengaluru,Karnataka,12.967364,77.596234,No,Referral
E000054,U00142,2025-03-10T23:40:29,India,Delhi,Delhi,28.628059,77.205693,Yes,Referral
E000055,U00058,2026-04-11T21:50:34,India,Bengaluru,Karnataka,12.963898,77.603834,No,Email
E000056,U00201,2025-04-13T20:42:21,India,Mumbai,Maharashtra,19.043149,72.874925,Yes,Organic
E000057,U00320,2025-04-04T05:50:10,USA,New York,New York,40.676147,-74.054326,No,Direct
E000058,U00345,2025-07-25T11:48:15,India,Delhi,Delhi,28.663327,77.201128,No,Paid Search
E000059,U00334,2025-05-23T19:46:46,UAE,Dubai,Dubai,25.235107,55.258949,No,Social
E000060,U00004,2025-03-05T02:06:22,USA,New York,New York,40.730847,-73.968496,Yes,Direct
E000061,U00074,2025-08-20T15:54:21,India,Hyderabad,Telangana,17.416051,78.529745,Yes,Social
E000062,U00047,2025-05-02T07:58:02,India,Pune,Maharashtra,18.511182,73.808557,No,Email
E000063,U00137,2026-03-19T15:15:45,UAE,Dubai,Dubai,25.179664,55.239064,No,Direct
E000064,U00390,2025-12-15T15:20:38,India,Bengaluru,Karnataka,12.946593,77.582272,Yes,Social
E000065,U00392,2026-06-20T17:02:52,India,Pune,Maharashtra,18.507943,73.819996,No,Social
E000066,U00131,2026-01-25T07:38:40,UAE,Dubai,Dubai,25.177031,55.29721,No,Direct
E000067,U00399,2025-08-05T05:24:16,USA,New York,New York,40.744315,-73.977023,No,Paid Search
E000068,U00262,2026-03-01T16:47:56,Singapore,Singapore,Singapore,1.384807,103.796998,Yes,Social
E000069,U00266,2025-10-14T22:50:10,Germany,Berlin,Berlin,52.515177,13.404841,No,Direct
E000070,U00066,2025-06-29T06:49:00,Singapore,Singapore,Singapore,1.343211,103.869706,No,Email
E000071,U00320,2026-02-15T20:08:55,Singapore,Singapore,Singapore,1.38278,103.830232,No,Referral
E000072,U00291,2026-01-12T09:38:00,India,Mumbai,Maharashtra,19.038935,72.885848,No,Direct
E000073,U00132,2025-05-25T11:12:10,India,Delhi,Delhi,28.577389,77.16405,No,Email
E000074,U00318,2025-04-11T01:12:31,India,Delhi,Delhi,28.580479,77.200073,Yes,Email
E000075,U00292,2026-03-30T03:29:33,Singapore,Singapore,Singapore,1.309367,103.81517,No,Paid Search
E000076,U00308,2026-05-26T13:02:23,UAE,Dubai,Dubai,25.192496,55.319327,No,Referral
E000077,U00127,2025-06-17T06:09:30,Germany,Berlin,Berlin,52.549113,13.428402,No,Referral
E000078,U00264,2025-12-27T09:25:29,UK,London,England,51.543716,-0.137618,No,Email
E000079,U00223,2025-01-10T14:21:24,Germany,Berlin,Berlin,52.488729,13.446636,No,Paid Search
E000080,U00414,2025-07-15T07:42:57,India,Hyderabad,Telangana,17.387519,78.441586,No,Paid Search
E000081,U00382,2025-05-28T06:23:19,India,Mumbai,Maharashtra,19.058737,72.888012,No,Referral
E000082,U00006,2025-01-23T18:46:07,India,Mumbai,Maharashtra,19.041476,72.840305,Yes,Organic
E000083,U00338,2026-06-27T11:01:45,India,Hyderabad,Telangana,17.364749,78.501937,No,Email
E000084,U00035,2025-08-25T20:51:36,India,Delhi,Delhi,28.647908,77.231438,No,Direct
E000085,U00375,2026-03-15T02:09:02,India,Pune,Maharashtra,18.555691,73.893772,Yes,Social
E000086,U00295,2026-01-21T00:37:56,India,Mumbai,Maharashtra,19.027668,72.879359,No,Direct
E000087,U00314,2026-02-24T13:03:17,USA,New York,New York,40.709808,-74.052683,No,Social
E000088,U00342,2026-06-26T14:30:59,Singapore,Singapore,Singapore,1.331812,103.844028,Yes,Organic
E000089,U00078,2025-02-13T04:40:04,UAE,Dubai,Dubai,25.216908,55.291742,No,Paid Search
E000090,U00249,2025-11-28T08:53:16,UAE,Dubai,Dubai,25.237965,55.223898,No,Organic
E000091,U00318,2025-11-08T05:11:37,Germany,Berlin,Berlin,52.564328,13.41087,Yes,Referral
E000092,U00018,2026-05-20T02:53:21,USA,New York,New York,40.754922,-73.9581,No,Social
E000093,U00044,2026-01-04T01:21:16,Singapore,Singapore,Singapore,1.355495,103.857735,No,Paid Search
E000094,U00052,2026-02-13T16:56:05,India,Bengaluru,Karnataka,12.966457,77.585449,No,Social
E000095,U00376,2026-05-14T14:54:49,UK,London,England,51.472494,-0.101152,No,Social
E000096,U00158,2026-01-17T04:17:24,India,Bengaluru,Karnataka,12.952562,77.62414,No,Direct
E000097,U00337,2025-05-31T19:36:46,India,Delhi,Delhi,28.595699,77.255437,No,Referral
E000098,U00027,2026-01-21T09:51:01,UAE,Dubai,Dubai,25.239842,55.230493,No,Paid Search
E000099,U00180,2025-02-18T05:48:43,India,Delhi,Delhi,28.571227,77.258058,Yes,Organic
E000100,U00024,2025-04-24T21:03:35,Germany,Berlin,Berlin,52.54618,13.372934,No,Referral
E000101,U00102,2026-02-05T12:09:33,Germany,Berlin,Berlin,52.529762,13.362098,No,Paid Search
E000102,U00095,2025-08-17T07:07:32,UK,London,England,51.461231,-0.147773,No,Social
E000103,U00312,2025-01-01T01:35:32,India,Hyderabad,Telangana,17.419663,78.465361,No,Email
E000104,U00274,2025-11-20T02:28:53,Singapore,Singapore,Singapore,1.304667,103.844779,No,Paid Search
E000105,U00003,2026-06-22T08:36:45,UAE,Dubai,Dubai,25.253445,55.3131,No,Email
E000106,U00037,2026-01-02T00:07:17,UAE,Dubai,Dubai,25.162422,55.296506,No,Direct
E000107,U00046,2026-01-11T09:45:40,USA,New York,New York,40.748133,-73.958501,No,Direct
E000108,U00041,2025-07-28T03:35:38,India,Delhi,Delhi,28.650288,77.218309,No,Paid Search
E000109,U00286,2025-10-02T23:22:08,India,Hyderabad,Telangana,17.338704,78.518094,No,Social
E000110,U00378,2025-03-16T03:03:34,UAE,Dubai,Dubai,25.209261,55.228705,No,Email
E000111,U00201,2026-06-04T16:29:49,India,Hyderabad,Telangana,17.362125,78.516777,No,Referral
E000112,U00252,2026-01-03T05:32:07,India,Mumbai,Maharashtra,19.118183,72.832389,Yes,Social
E000113,U00411,2025-01-10T18:54:29,India,Bengaluru,Karnataka,12.980383,77.633826,No,Social
E000114,U00010,2025-07-13T03:04:14,India,Hyderabad,Telangana,17.346723,78.464329,No,Direct
E000115,U00277,2025-01-19T17:53:01,USA,New York,New York,40.677761,-74.047857,No,Referral
E000116,U00379,2025-01-31T23:53:38,Singapore,Singapore,Singapore,1.341466,103.785832,Yes,Social
E000117,U00143,2026-05-04T01:08:39,USA,New York,New York,40.718268,-73.987551,No,Direct
E000118,U00007,2025-04-28T17:07:46,India,Bengaluru,Karnataka,12.987607,77.598018,No,Paid Search
E000119,U00196,2025-08-08T09:53:37,Germany,Berlin,Berlin,52.539781,13.364054,No,Direct
E000120,U00122,2025-09-24T01:30:59,Germany,Berlin,Berlin,52.490665,13.375372,No,Paid Search
E000121,U00240,2025-08-22T00:03:07,India,Pune,Maharashtra,18.475949,73.825687,No,Organic
E000122,U00391,2025-12-02T13:06:40,USA,New York,New York,40.753588,-73.966,No,Referral
E000123,U00022,2026-04-09T09:04:24,Germany,Berlin,Berlin,52.525839,13.45424,Yes,Direct
E000124,U00277,2026-06-23T01:54:04,India,Mumbai,Maharashtra,19.085949,72.889213,No,Social
E000125,U00075,2025-10-30T18:21:15,India,Pune,Maharashtra,18.478286,73.826669,No,Organic
E000126,U00288,2025-02-06T12:59:43,UAE,Dubai,Dubai,25.208511,55.276154,No,Email
E000127,U00305,2026-05-25T16:24:47,India,Pune,Maharashtra,18.489047,73.81863,No,Social
E000128,U00082,2025-04-24T23:25:58,UK,London,England,51.537072,-0.110376,Yes,Paid Search
E000129,U00244,2026-01-06T19:30:44,Germany,Berlin,Berlin,52.560498,13.422812,No,Social
E000130,U00405,2025-02-14T01:03:38,India,Hyderabad,Telangana,17.364627,78.509341,No,Direct
E000131,U00041,2025-12-11T16:54:06,India,Delhi,Delhi,28.655753,77.24854,No,Social
E000132,U00294,2025-09-21T06:38:38,Singapore,Singapore,Singapore,1.37669,103.852087,No,Referral
E000133,U00412,2025-10-28T23:15:40,India,Hyderabad,Telangana,17.377122,78.515967,No,Paid Search
E000134,U00389,2026-03-24T13:28:56,Singapore,Singapore,Singapore,1.32008,103.802472,No,Organic
E000135,U00384,2025-10-26T13:07:33,UAE,Dubai,Dubai,25.178009,55.222161,Yes,Referral
E000136,U00417,2026-03-08T11:43:05,India,Hyderabad,Telangana,17.336644,78.474097,No,Organic
E000137,U00025,2025-09-14T19:39:09,India,Pune,Maharashtra,18.561085,73.858394,No,Organic
E000138,U00123,2025-12-04T01:50:15,Singapore,Singapore,Singapore,1.32575,103.809423,No,Social
E000139,U00329,2025-03-10T03:24:22,India,Bengaluru,Karnataka,12.934527,77.59769,No,Email
E000140,U00301,2025-04-04T17:41:41,India,Hyderabad,Telangana,17.418742,78.499084,Yes,Paid Search
E000141,U00085,2025-02-15T14:17:21,Germany,Berlin,Berlin,52.47438,13.366827,No,Paid Search
E000142,U00312,2025-07-23T17:28:59,India,Bengaluru,Karnataka,12.935916,77.558126,No,Direct
E000143,U00190,2026-03-18T12:11:08,India,Pune,Maharashtra,18.547139,73.852707,No,Referral
E000144,U00333,2025-05-25T23:50:08,UAE,Dubai,Dubai,25.177927,55.232011,No,Organic
E000145,U00023,2025-04-14T08:11:36,India,Bengaluru,Karnataka,12.983928,77.597945,No,Email
E000146,U00152,2026-05-29T20:51:39,UAE,Dubai,Dubai,25.246523,55.315552,No,Social
E000147,U00147,2026-03-09T12:11:28,Germany,Berlin,Berlin,52.565182,13.359384,No,Social
E000148,U00047,2025-04-07T14:09:31,India,Hyderabad,Telangana,17.427573,78.459213,No,Direct
E000149,U00200,2025-09-28T04:35:41,USA,New York,New York,40.674878,-74.001198,No,Referral
E000150,U00145,2025-09-14T10:50:21,India,Pune,Maharashtra,18.498739,73.890597,No,Email
E000151,U00352,2025-10-16T03:50:31,India,Delhi,Delhi,28.650596,77.218712,Yes,Email
E000152,U00209,2025-10-23T01:35:29,Germany,Berlin,Berlin,52.519504,13.38649,Yes,Email
E000153,U00159,2026-02-25T19:09:09,India,Mumbai,Maharashtra,19.107086,72.911736,No,Email
E000154,U00079,2025-11-24T11:10:54,India,Bengaluru,Karnataka,12.951233,77.630969,No,Email
E000155,U00033,2025-10-12T06:13:17,India,Bengaluru,Karnataka,12.934708,77.579932,No,Organic
E000156,U00003,2025-02-22T16:50:40,India,Mumbai,Maharashtra,19.063446,72.847605,No,Direct
E000157,U00162,2025-11-25T17:53:28,India,Mumbai,Maharashtra,19.068316,72.908596,Yes,Referral
E000158,U00092,2025-07-18T13:50:56,UK,London,England,51.514408,-0.140258,No,Paid Search
E000159,U00291,2025-07-26T02:27:02,India,Pune,Maharashtra,18.529473,73.837459,Yes,Email
E000160,U00050,2026-06-13T04:17:38,India,Hyderabad,Telangana,17.408192,78.473237,No,Direct
E000161,U00236,2025-04-06T14:54:14,UK,London,England,51.515552,-0.145668,No,Direct
E000162,U00327,2026-03-24T01:33:58,India,Mumbai,Maharashtra,19.101847,72.920941,No,Email
E000163,U00110,2025-11-30T17:54:45,India,Hyderabad,Telangana,17.419761,78.477162,No,Organic
E000164,U00366,2026-04-17T16:23:35,USA,New York,New York,40.686305,-73.967889,No,Direct
E000165,U00004,2025-10-18T16:37:29,USA,New York,New York,40.708801,-74.001306,No,Organic
E000166,U00356,2026-01-07T11:34:28,India,Delhi,Delhi,28.660957,77.258382,No,Direct
E000167,U00004,2026-05-14T22:59:58,India,Mumbai,Maharashtra,19.080206,72.852136,Yes,Paid Search
E000168,U00251,2025-07-07T21:15:32,India,Delhi,Delhi,28.566453,77.194988,Yes,Paid Search
E000169,U00350,2025-04-14T12:10:22,Germany,Berlin,Berlin,52.53986,13.37627,Yes,Email
E000170,U00288,2025-04-14T14:13:23,India,Hyderabad,Telangana,17.360908,78.455304,No,Paid Search
E000171,U00236,2025-10-20T02:18:17,Singapore,Singapore,Singapore,1.395577,103.859377,No,Referral
E000172,U00122,2026-04-29T01:58:41,India,Delhi,Delhi,28.589729,77.20293,No,Paid Search
E000173,U00334,2025-04-20T06:40:37,India,Pune,Maharashtra,18.542493,73.893447,Yes,Paid Search
E000174,U00353,2025-01-01T02:28:45,India,Delhi,Delhi,28.566069,77.168392,Yes,Referral
E000175,U00265,2025-08-05T15:04:42,India,Pune,Maharashtra,18.493195,73.886538,No,Paid Search
E000176,U00303,2026-02-12T23:45:56,India,Hyderabad,Telangana,17.384464,78.44376,Yes,Referral
E000177,U00420,2025-09-07T09:24:16,India,Bengaluru,Karnataka,13.00157,77.592927,No,Social
E000178,U00200,2025-02-14T17:20:57,India,Hyderabad,Telangana,17.404004,78.449384,No,Email
E000179,U00319,2025-02-23T22:27:22,UAE,Dubai,Dubai,25.198442,55.289773,Yes,Paid Search
E000180,U00202,2025-08-09T20:35:37,India,Mumbai,Maharashtra,19.028945,72.899362,No,Paid Search
E000181,U00321,2025-04-27T22:24:54,India,Delhi,Delhi,28.582331,77.234837,No,Email
E000182,U00039,2025-11-18T16:38:28,UK,London,England,51.503944,-0.155766,No,Referral
E000183,U00153,2026-01-07T09:13:17,India,Bengaluru,Karnataka,13.017094,77.584781,Yes,Email
E000184,U00122,2025-10-21T22:51:33,India,Bengaluru,Karnataka,12.942334,77.580751,No,Social
E000185,U00408,2025-08-25T07:21:38,Germany,Berlin,Berlin,52.501319,13.41739,Yes,Social
E000186,U00243,2025-08-20T02:00:36,India,Mumbai,Maharashtra,19.098793,72.831459,No,Paid Search
E000187,U00223,2026-01-03T13:53:08,UK,London,England,51.484225,-0.11006,No,Social
E000188,U00071,2025-10-16T08:36:23,USA,New York,New York,40.6795,-74.010656,No,Organic
E000189,U00021,2025-07-10T09:11:11,Singapore,Singapore,Singapore,1.385141,103.771179,No,Paid Search
E000190,U00407,2025-11-10T10:31:50,USA,New York,New York,40.729036,-74.020317,No,Social
E000191,U00230,2025-07-27T14:11:43,Singapore,Singapore,Singapore,1.374993,103.798072,No,Email
E000192,U00112,2026-04-01T23:51:48,Germany,Berlin,Berlin,52.490887,13.407272,No,Referral
E000193,U00363,2025-08-04T18:29:57,UK,London,England,51.532056,-0.093736,No,Referral
E000194,U00260,2025-11-28T20:30:17,India,Mumbai,Maharashtra,19.051769,72.919089,Yes,Direct
E000195,U00008,2025-08-08T02:38:38,Germany,Berlin,Berlin,52.558874,13.436387,No,Direct
E000196,U00224,2025-08-19T09:00:12,India,Pune,Maharashtra,18.484692,73.848395,Yes,Paid Search
E000197,U00196,2025-03-20T18:46:43,India,Pune,Maharashtra,18.567936,73.832426,Yes,Paid Search
E000198,U00274,2026-05-21T13:57:48,USA,New York,New York,40.721372,-73.962544,Yes,Organic
E000199,U00174,2025-06-27T01:49:33,UAE,Dubai,Dubai,25.216392,55.277038,No,Organic
E000200,U00380,2026-06-27T22:31:27,India,Mumbai,Maharashtra,19.044245,72.872743,No,Paid Search
E000201,U00272,2025-08-25T06:26:02,India,Delhi,Delhi,28.654862,77.240662,No,Social
E000202,U00083,2025-09-22T20:50:56,India,Delhi,Delhi,28.646571,77.251914,No,Email
E000203,U00263,2026-01-25T06:48:08,USA,New York,New York,40.732408,-74.049579,No,Paid Search
E000204,U00333,2026-01-11T05:14:34,India,Pune,Maharashtra,18.515425,73.870996,Yes,Direct
E000205,U00199,2026-02-10T13:42:12,USA,New York,New York,40.760053,-74.026988,Yes,Direct
E000206,U00371,2025-07-18T09:20:00,India,Mumbai,Maharashtra,19.124745,72.847693,No,Social
E000207,U00295,2026-04-11T14:42:51,Singapore,Singapore,Singapore,1.332695,103.844559,No,Social
E000208,U00264,2025-11-29T17:36:25,Singapore,Singapore,Singapore,1.30455,103.837745,No,Referral
E000209,U00099,2026-06-11T19:52:59,India,Hyderabad,Telangana,17.391737,78.516378,No,Organic
E000210,U00104,2025-11-03T18:48:06,Germany,Berlin,Berlin,52.555808,13.399477,No,Organic
E000211,U00214,2025-03-06T23:47:48,USA,New York,New York,40.668735,-73.967994,No,Paid Search
E000212,U00164,2025-12-16T05:29:52,India,Bengaluru,Karnataka,12.931496,77.576865,No,Email
E000213,U00268,2025-11-06T14:23:26,India,Hyderabad,Telangana,17.368054,78.503251,No,Social
E000214,U00089,2025-07-17T21:10:36,UK,London,England,51.492407,-0.07848,No,Social
E000215,U00229,2025-09-20T04:55:08,India,Bengaluru,Karnataka,12.922285,77.583241,No,Email
E000216,U00030,2025-10-05T14:40:01,USA,New York,New York,40.748384,-74.026883,Yes,Email
E000217,U00090,2025-07-19T09:00:27,UAE,Dubai,Dubai,25.180335,55.231451,No,Social
E000218,U00242,2025-08-18T23:49:04,India,Mumbai,Maharashtra,19.102984,72.886573,Yes,Paid Search
E000219,U00219,2025-01-14T04:41:23,India,Pune,Maharashtra,18.523328,73.897915,No,Paid Search
E000220,U00374,2025-02-19T08:09:14,UAE,Dubai,Dubai,25.236858,55.307526,No,Paid Search
E000221,U00153,2025-07-27T23:48:09,Singapore,Singapore,Singapore,1.321499,103.85799,Yes,Paid Search
E000222,U00024,2026-06-23T19:15:13,USA,New York,New York,40.727099,-74.049924,No,Organic
E000223,U00016,2026-04-18T19:14:19,USA,New York,New York,40.723946,-74.002533,No,Social
E000224,U00007,2026-03-30T12:20:43,India,Mumbai,Maharashtra,19.047259,72.894497,No,Direct
E000225,U00249,2026-03-24T06:44:28,India,Mumbai,Maharashtra,19.108367,72.875263,No,Paid Search
E000226,U00138,2025-03-27T01:31:26,India,Hyderabad,Telangana,17.368664,78.451986,Yes,Email
E000227,U00163,2025-02-02T19:21:41,Germany,Berlin,Berlin,52.49703,13.356318,No,Social
E000228,U00261,2025-01-11T23:58:30,Singapore,Singapore,Singapore,1.377279,103.819014,No,Email
E000229,U00173,2026-03-30T23:27:33,India,Pune,Maharashtra,18.527704,73.874383,No,Referral
E000230,U00001,2025-05-11T22:40:00,India,Bengaluru,Karnataka,12.935636,77.642859,No,Social
E000231,U00023,2025-07-01T04:26:09,India,Hyderabad,Telangana,17.349714,78.523891,No,Social
E000232,U00171,2026-02-09T08:23:55,USA,New York,New York,40.722846,-73.979729,No,Organic
E000233,U00021,2025-06-26T14:15:15,UK,London,England,51.476321,-0.146382,Yes,Direct
E000234,U00273,2025-12-06T06:17:17,UK,London,England,51.523699,-0.130484,No,Referral
E000235,U00159,2025-02-21T19:15:37,UAE,Dubai,Dubai,25.250367,55.232168,No,Email
E000236,U00370,2025-05-04T11:21:28,India,Hyderabad,Telangana,17.434343,78.505374,Yes,Referral
E000237,U00311,2025-09-06T13:13:56,USA,New York,New York,40.738261,-74.043086,No,Referral
E000238,U00142,2025-03-24T08:22:41,Singapore,Singapore,Singapore,1.371733,103.850398,No,Paid Search
E000239,U00220,2025-01-25T04:16:02,India,Pune,Maharashtra,18.53507,73.828678,No,Social
E000240,U00144,2025-05-09T17:44:09,USA,New York,New York,40.700474,-73.993729,No,Email
E000241,U00228,2025-05-30T11:53:49,India,Hyderabad,Telangana,17.427809,78.457679,No,Email
E000242,U00337,2026-05-14T20:15:00,Singapore,Singapore,Singapore,1.320279,103.828836,No,Organic
E000243,U00409,2025-03-12T03:50:15,UAE,Dubai,Dubai,25.164027,55.301996,No,Referral
E000244,U00196,2025-10-09T00:41:54,India,Delhi,Delhi,28.59339,77.173668,No,Referral
E000245,U00012,2025-11-23T12:58:54,India,Hyderabad,Telangana,17.376432,78.491576,No,Paid Search
E000246,U00335,2026-01-03T23:28:26,India,Delhi,Delhi,28.609917,77.173441,Yes,Referral
E000247,U00078,2025-05-14T00:34:12,USA,New York,New York,40.757384,-74.053303,Yes,Direct
E000248,U00408,2025-11-29T18:12:08,Germany,Berlin,Berlin,52.475661,13.425843,No,Social
E000249,U00344,2026-03-05T21:33:11,USA,New York,New York,40.725569,-74.011198,No,Email
E000250,U00037,2026-05-03T02:21:44,UK,London,England,51.515292,-0.107273,No,Email
E000251,U00269,2025-03-02T02:43:38,UK,London,England,51.488596,-0.157347,No,Referral
E000252,U00232,2025-06-13T05:07:28,USA,New York,New York,40.725232,-74.052021,No,Organic
E000253,U00309,2025-02-15T02:39:17,UAE,Dubai,Dubai,25.213119,55.252841,No,Social
E000254,U00365,2026-05-03T03:37:21,UAE,Dubai,Dubai,25.205793,55.281652,No,Email
E000255,U00263,2025-12-11T07:35:48,USA,New York,New York,40.68381,-74.029643,No,Referral
E000256,U00351,2026-01-08T00:57:30,India,Bengaluru,Karnataka,13.007724,77.640548,No,Paid Search
E000257,U00093,2025-03-30T22:44:18,India,Pune,Maharashtra,18.529768,73.874826,No,Direct
E000258,U00378,2025-03-10T12:27:39,Germany,Berlin,Berlin,52.472786,13.439972,No,Referral
E000259,U00405,2026-02-24T10:42:34,India,Mumbai,Maharashtra,19.041469,72.884407,No,Email
E000260,U00414,2025-01-21T14:58:54,India,Mumbai,Maharashtra,19.077074,72.841082,No,Email
E000261,U00390,2026-04-08T22:04:08,India,Bengaluru,Karnataka,13.013141,77.583402,Yes,Organic
E000262,U00247,2025-04-24T23:19:50,India,Bengaluru,Karnataka,12.967068,77.557796,No,Paid Search
E000263,U00115,2025-08-02T12:31:30,Singapore,Singapore,Singapore,1.357428,103.859147,No,Referral
E000264,U00233,2025-02-05T21:36:23,Singapore,Singapore,Singapore,1.368235,103.830547,Yes,Social
E000265,U00262,2026-04-23T01:12:32,India,Bengaluru,Karnataka,12.963672,77.57739,No,Referral
E000266,U00182,2026-06-21T08:10:11,India,Pune,Maharashtra,18.570054,73.825801,No,Email
E000267,U00088,2026-05-27T05:44:25,UK,London,England,51.480813,-0.167444,No,Paid Search
E000268,U00022,2026-06-14T05:12:06,India,Mumbai,Maharashtra,19.05829,72.861726,No,Social
E000269,U00066,2026-05-15T23:34:36,UK,London,England,51.524812,-0.174327,Yes,Email
E000270,U00114,2026-02-06T05:43:02,Germany,Berlin,Berlin,52.53035,13.442717,No,Social
E000271,U00261,2026-02-22T09:46:02,India,Hyderabad,Telangana,17.339471,78.473464,Yes,Organic
E000272,U00027,2026-05-21T22:59:21,India,Hyderabad,Telangana,17.341389,78.525476,No,Organic
E000273,U00407,2025-09-08T15:38:24,India,Delhi,Delhi,28.657521,77.256778,No,Paid Search
E000274,U00167,2026-05-03T14:45:52,Singapore,Singapore,Singapore,1.355675,103.814197,No,Referral
E000275,U00328,2025-12-07T03:14:41,Germany,Berlin,Berlin,52.477465,13.358747,No,Email
E000276,U00073,2025-06-30T07:02:40,Germany,Berlin,Berlin,52.514641,13.360344,No,Social
E000277,U00135,2025-11-17T00:29:31,India,Hyderabad,Telangana,17.370716,78.487938,No,Referral
E000278,U00119,2025-11-25T18:06:32,India,Hyderabad,Telangana,17.337474,78.512828,No,Email
E000279,U00112,2025-04-15T15:13:26,India,Hyderabad,Telangana,17.41644,78.443339,No,Email
E000280,U00107,2025-04-03T10:47:26,India,Pune,Maharashtra,18.546238,73.857303,No,Email
E000281,U00308,2026-06-04T21:46:26,UAE,Dubai,Dubai,25.200101,55.3125,Yes,Email
E000282,U00287,2025-06-11T20:26:04,India,Pune,Maharashtra,18.480846,73.84605,No,Paid Search
E000283,U00189,2026-05-30T02:30:05,Germany,Berlin,Berlin,52.552987,13.388143,No,Paid Search
E000284,U00193,2025-10-17T14:23:45,India,Pune,Maharashtra,18.493064,73.836709,Yes,Social
E000285,U00409,2025-10-30T04:37:34,India,Hyderabad,Telangana,17.388754,78.495008,Yes,Email
E000286,U00242,2025-07-17T18:14:21,India,Pune,Maharashtra,18.500389,73.886171,No,Direct
E000287,U00183,2026-02-28T03:14:12,India,Mumbai,Maharashtra,19.060538,72.890919,No,Organic
E000288,U00313,2025-03-31T05:58:35,UK,London,England,51.483973,-0.084411,No,Email
E000289,U00085,2025-03-01T17:56:26,India,Bengaluru,Karnataka,12.955267,77.63943,No,Organic
E000290,U00147,2025-03-18T19:17:30,Singapore,Singapore,Singapore,1.358554,103.776981,Yes,Social
E000291,U00030,2026-04-04T21:17:10,India,Hyderabad,Telangana,17.401765,78.47536,No,Referral
E000292,U00148,2025-01-21T01:30:52,India,Pune,Maharashtra,18.539799,73.887786,No,Paid Search
E000293,U00275,2025-11-11T15:00:59,Germany,Berlin,Berlin,52.551036,13.440943,No,Direct
E000294,U00015,2025-04-28T17:19:57,India,Pune,Maharashtra,18.567509,73.883765,No,Direct
E000295,U00295,2026-05-17T14:45:51,UAE,Dubai,Dubai,25.251724,55.29571,No,Direct
E000296,U00213,2025-10-20T21:52:09,India,Delhi,Delhi,28.575558,77.248069,No,Organic
E000297,U00212,2025-12-05T06:26:45,Germany,Berlin,Berlin,52.544625,13.453995,No,Organic
E000298,U00124,2025-08-04T20:08:56,India,Delhi,Delhi,28.663638,77.233661,Yes,Organic
E000299,U00069,2026-06-13T05:02:20,India,Delhi,Delhi,28.643243,77.242829,No,Paid Search
E000300,U00038,2025-06-12T03:30:29,India,Hyderabad,Telangana,17.396372,78.491122,No,Email
E000301,U00184,2026-04-25T09:23:07,USA,New York,New York,40.684871,-74.013902,No,Organic
E000302,U00168,2025-04-27T06:58:54,UK,London,England,51.543624,-0.116173,No,Social
E000303,U00316,2025-05-08T12:59:43,Singapore,Singapore,Singapore,1.31413,103.799177,Yes,Social
E000304,U00185,2025-12-04T07:35:04,India,Mumbai,Maharashtra,19.071792,72.912847,No,Paid Search
E000305,U00197,2025-07-11T07:58:40,Singapore,Singapore,Singapore,1.383456,103.780804,No,Paid Search
E000306,U00401,2025-10-05T01:26:52,Singapore,Singapore,Singapore,1.323919,103.826561,No,Direct
E000307,U00183,2026-03-29T13:20:34,Singapore,Singapore,Singapore,1.391463,103.833171,No,Direct
E000308,U00135,2025-03-13T23:42:33,India,Delhi,Delhi,28.612497,77.202867,No,Organic
E000309,U00406,2026-03-02T07:30:08,India,Bengaluru,Karnataka,12.943233,77.630431,No,Paid Search
E000310,U00107,2025-07-30T13:24:45,UAE,Dubai,Dubai,25.189128,55.293661,No,Direct
E000311,U00073,2025-05-21T06:01:49,India,Hyderabad,Telangana,17.4225,78.476633,No,Referral
E000312,U00387,2025-07-07T08:18:00,India,Pune,Maharashtra,18.527666,73.836769,No,Organic
E000313,U00375,2026-06-25T09:50:28,India,Hyderabad,Telangana,17.427515,78.464299,Yes,Direct
E000314,U00077,2025-10-05T18:06:43,UK,London,England,51.486441,-0.094654,Yes,Social
E000315,U00302,2025-09-04T01:51:46,Germany,Berlin,Berlin,52.515799,13.406706,Yes,Paid Search
E000316,U00147,2025-07-09T09:53:02,India,Bengaluru,Karnataka,12.950551,77.602916,No,Direct
E000317,U00027,2026-06-27T10:28:06,Singapore,Singapore,Singapore,1.344593,103.821183,No,Social
E000318,U00357,2026-02-21T06:09:09,USA,New York,New York,40.66796,-74.046009,No,Paid Search
E000319,U00167,2025-03-13T12:51:13,India,Mumbai,Maharashtra,19.057202,72.88593,No,Social
E000320,U00088,2026-05-06T08:25:18,India,Pune,Maharashtra,18.513713,73.860186,Yes,Organic
E000321,U00234,2025-03-17T14:08:07,UK,London,England,51.537043,-0.169838,Yes,Direct
E000322,U00155,2025-04-11T02:23:02,Singapore,Singapore,Singapore,1.365186,103.801808,No,Email
E000323,U00002,2025-04-21T21:45:33,India,Bengaluru,Karnataka,12.962255,77.599392,No,Referral
E000324,U00037,2025-10-17T03:56:46,India,Pune,Maharashtra,18.494839,73.887564,No,Paid Search
E000325,U00095,2025-06-01T15:29:38,India,Pune,Maharashtra,18.471624,73.810024,Yes,Referral
E000326,U00354,2025-09-18T07:24:37,Singapore,Singapore,Singapore,1.389528,103.867481,No,Organic
E000327,U00148,2025-03-16T05:40:26,UAE,Dubai,Dubai,25.246351,55.234611,Yes,Paid Search
E000328,U00053,2025-09-02T16:43:01,India,Bengaluru,Karnataka,12.961972,77.59264,Yes,Social
E000329,U00206,2025-11-26T15:40:00,Germany,Berlin,Berlin,52.526639,13.356909,No,Paid Search
E000330,U00070,2025-08-04T19:58:19,USA,New York,New York,40.676865,-74.042432,Yes,Social
E000331,U00095,2026-06-01T09:30:05,India,Pune,Maharashtra,18.557306,73.865411,Yes,Social
E000332,U00340,2026-04-22T20:50:34,Singapore,Singapore,Singapore,1.316084,103.772553,No,Organic
E000333,U00158,2025-06-12T09:27:26,India,Mumbai,Maharashtra,19.101816,72.853303,Yes,Organic
E000334,U00093,2026-02-06T14:00:36,India,Pune,Maharashtra,18.493182,73.824131,No,Organic
E000335,U00131,2025-09-18T14:49:36,India,Pune,Maharashtra,18.486232,73.879994,No,Email
E000336,U00096,2026-01-24T19:48:36,India,Hyderabad,Telangana,17.368326,78.458358,No,Social
E000337,U00089,2025-07-24T19:53:23,Germany,Berlin,Berlin,52.514272,13.434305,No,Email
E000338,U00028,2026-03-30T02:18:22,Singapore,Singapore,Singapore,1.321433,103.787187,No,Paid Search
E000339,U00243,2026-05-01T12:45:10,Singapore,Singapore,Singapore,1.377135,103.833466,No,Paid Search
E000340,U00321,2025-10-08T00:38:22,India,Hyderabad,Telangana,17.401187,78.491715,Yes,Email
E000341,U00048,2025-09-17T21:33:05,India,Pune,Maharashtra,18.506021,73.890184,No,Email
E000342,U00034,2025-07-27T18:46:04,Singapore,Singapore,Singapore,1.339193,103.803052,No,Email
E000343,U00328,2026-02-01T19:48:38,India,Delhi,Delhi,28.600873,77.183629,Yes,Email
E000344,U00401,2025-10-14T23:29:34,Singapore,Singapore,Singapore,1.332115,103.79646,Yes,Email
E000345,U00227,2025-07-30T07:58:59,Germany,Berlin,Berlin,52.539797,13.370925,No,Email
E000346,U00174,2025-06-11T20:27:12,Singapore,Singapore,Singapore,1.374068,103.836492,No,Direct
E000347,U00393,2026-03-24T20:21:20,Singapore,Singapore,Singapore,1.314828,103.833179,No,Social
E000348,U00363,2025-10-29T13:38:24,India,Pune,Maharashtra,18.48581,73.826955,No,Referral
E000349,U00042,2025-05-02T16:14:47,India,Delhi,Delhi,28.593681,77.192875,No,Direct
E000350,U00281,2025-06-24T10:57:03,Singapore,Singapore,Singapore,1.39719,103.844295,No,Paid Search
E000351,U00384,2025-11-30T08:13:56,India,Hyderabad,Telangana,17.376082,78.469552,Yes,Referral
E000352,U00375,2026-02-23T04:30:06,India,Bengaluru,Karnataka,12.962896,77.554727,Yes,Referral
E000353,U00312,2026-03-01T09:14:33,UK,London,England,51.516224,-0.153964,No,Organic
E000354,U00345,2026-01-24T10:24:37,Singapore,Singapore,Singapore,1.311718,103.855844,Yes,Email
E000355,U00046,2025-01-23T16:49:46,USA,New York,New York,40.728378,-73.986536,Yes,Email
E000356,U00242,2026-06-21T19:39:33,India,Pune,Maharashtra,18.517798,73.844654,Yes,Organic
E000357,U00418,2026-01-10T08:38:17,India,Mumbai,Maharashtra,19.053387,72.889054,No,Direct
E000358,U00375,2025-08-02T16:12:27,India,Bengaluru,Karnataka,12.977193,77.558594,No,Organic
E000359,U00204,2025-06-02T14:16:01,India,Delhi,Delhi,28.661821,77.256905,No,Social
E000360,U00143,2025-04-22T23:08:51,UK,London,England,51.496886,-0.145269,No,Direct
E000361,U00177,2025-11-11T22:18:45,India,Delhi,Delhi,28.60276,77.229253,Yes,Paid Search
E000362,U00300,2026-04-03T04:52:49,Germany,Berlin,Berlin,52.480888,13.368869,No,Social
E000363,U00135,2026-01-28T17:34:20,India,Bengaluru,Karnataka,12.943123,77.626666,No,Organic
E000364,U00197,2025-08-15T21:43:42,India,Mumbai,Maharashtra,19.044152,72.869061,No,Organic
E000365,U00014,2025-11-16T18:31:50,Germany,Berlin,Berlin,52.511,13.453957,No,Referral
E000366,U00057,2025-01-26T12:34:56,India,Pune,Maharashtra,18.492245,73.828767,Yes,Email
E000367,U00293,2025-01-22T09:22:51,India,Mumbai,Maharashtra,19.042981,72.906227,Yes,Direct
E000368,U00300,2025-01-27T07:42:21,India,Pune,Maharashtra,18.527169,73.833911,No,Organic
E000369,U00140,2025-06-17T08:10:13,India,Pune,Maharashtra,18.493042,73.833918,No,Direct
E000370,U00106,2026-06-17T13:27:49,Singapore,Singapore,Singapore,1.385423,103.835479,No,Organic
E000371,U00409,2026-06-21T23:47:51,India,Hyderabad,Telangana,17.339559,78.493035,No,Direct
E000372,U00253,2026-04-12T10:02:46,India,Bengaluru,Karnataka,13.017101,77.631098,Yes,Organic
E000373,U00206,2025-01-09T02:16:43,India,Hyderabad,Telangana,17.425871,78.445814,No,Referral
E000374,U00013,2025-02-06T22:35:40,Germany,Berlin,Berlin,52.536292,13.363304,No,Direct
E000375,U00272,2026-03-13T09:06:25,India,Delhi,Delhi,28.653263,77.162865,No,Email
E000376,U00279,2025-01-26T14:47:55,Singapore,Singapore,Singapore,1.394683,103.81022,No,Organic
E000377,U00074,2025-04-05T18:07:51,Germany,Berlin,Berlin,52.530222,13.379645,No,Paid Search
E000378,U00169,2025-08-23T20:27:45,India,Hyderabad,Telangana,17.385194,78.510972,No,Paid Search
E000379,U00218,2025-02-17T16:16:10,India,Bengaluru,Karnataka,12.942553,77.564348,No,Referral
E000380,U00303,2025-03-19T10:20:38,India,Mumbai,Maharashtra,19.074566,72.921621,Yes,Referral
E000381,U00247,2025-03-18T19:17:41,Singapore,Singapore,Singapore,1.307976,103.802193,No,Organic
E000382,U00401,2025-03-17T22:23:53,UK,London,England,51.468801,-0.089909,No,Social
E000383,U00238,2026-06-04T15:11:33,India,Bengaluru,Karnataka,13.021236,77.574946,No,Paid Search
E000384,U00149,2025-03-13T11:17:45,USA,New York,New York,40.718365,-73.99048,Yes,Referral
E000385,U00070,2026-01-12T09:12:17,UK,London,England,51.542308,-0.147693,No,Organic
E000386,U00262,2025-10-14T05:22:57,Germany,Berlin,Berlin,52.491313,13.398614,No,Social
E000387,U00284,2025-03-03T21:32:58,Singapore,Singapore,Singapore,1.320852,103.776975,Yes,Direct
E000388,U00337,2025-10-22T08:09:19,UK,London,England,51.487367,-0.080537,Yes,Referral
E000389,U00061,2025-09-28T13:44:06,India,Hyderabad,Telangana,17.351932,78.500842,No,Organic
E000390,U00172,2025-06-19T03:59:34,India,Mumbai,Maharashtra,19.096999,72.83594,No,Email
E000391,U00095,2025-10-29T18:50:13,Germany,Berlin,Berlin,52.536346,13.451581,Yes,Referral
E000392,U00166,2025-05-17T07:33:49,India,Hyderabad,Telangana,17.416415,78.470414,No,Email
E000393,U00325,2025-10-10T04:06:26,India,Hyderabad,Telangana,17.424342,78.436902,No,Direct
E000394,U00278,2026-04-09T20:48:50,India,Mumbai,Maharashtra,19.119424,72.874354,No,Social
E000395,U00219,2025-10-31T06:04:54,USA,New York,New York,40.715371,-73.965018,No,Referral
E000396,U00030,2025-01-24T18:54:03,Germany,Berlin,Berlin,52.568197,13.414788,No,Referral
E000397,U00340,2025-11-09T03:46:50,UAE,Dubai,Dubai,25.198069,55.255587,Yes,Social
E000398,U00095,2025-12-15T04:04:32,USA,New York,New York,40.692424,-74.041436,No,Organic
E000399,U00390,2026-05-23T12:26:52,UK,London,England,51.472806,-0.137179,No,Social
E000400,U00244,2025-01-18T12:27:43,India,Bengaluru,Karnataka,12.947499,77.631996,No,Organic
E000401,U00141,2025-03-28T09:30:26,India,Hyderabad,Telangana,17.420902,78.502091,No,Organic
E000402,U00216,2025-05-20T20:03:04,Singapore,Singapore,Singapore,1.353024,103.865372,No,Direct
E000403,U00003,2025-01-03T15:56:49,USA,New York,New York,40.707308,-73.975197,No,Email
E000404,U00140,2025-03-19T21:33:08,Singapore,Singapore,Singapore,1.35625,103.775699,No,Referral
E000405,U00099,2026-01-25T12:40:42,India,Delhi,Delhi,28.564671,77.199764,No,Organic
E000406,U00072,2025-06-28T03:44:17,UAE,Dubai,Dubai,25.241818,55.28676,Yes,Paid Search
E000407,U00007,2026-02-21T08:41:49,India,Delhi,Delhi,28.581399,77.174502,No,Social
E000408,U00311,2026-04-05T02:04:07,India,Delhi,Delhi,28.616501,77.194792,No,Organic
E000409,U00385,2026-03-07T11:52:18,India,Bengaluru,Karnataka,12.948892,77.548501,No,Referral
E000410,U00053,2025-03-31T16:21:10,India,Mumbai,Maharashtra,19.048817,72.916691,No,Social
E000411,U00161,2025-05-31T20:53:40,India,Bengaluru,Karnataka,13.004204,77.639169,No,Email
E000412,U00304,2025-04-12T22:42:52,India,Delhi,Delhi,28.580373,77.223313,No,Organic
E000413,U00341,2025-10-07T03:24:25,Singapore,Singapore,Singapore,1.331027,103.833756,No,Referral
E000414,U00124,2025-01-23T16:31:33,India,Bengaluru,Karnataka,12.981479,77.591036,Yes,Referral
E000415,U00154,2025-03-21T11:30:26,India,Bengaluru,Karnataka,13.006749,77.546973,No,Direct
E000416,U00171,2025-04-09T01:25:37,UAE,Dubai,Dubai,25.179058,55.22852,No,Referral
E000417,U00241,2026-03-08T14:26:34,India,Mumbai,Maharashtra,19.118983,72.853964,No,Email
E000418,U00282,2025-01-29T06:46:51,India,Hyderabad,Telangana,17.408276,78.499581,Yes,Direct
E000419,U00115,2025-01-18T12:47:16,USA,New York,New York,40.730213,-73.963366,No,Social
E000420,U00364,2025-01-20T08:52:06,UK,London,England,51.555334,-0.121675,No,Paid Search
E000421,U00342,2025-04-24T07:56:25,UK,London,England,51.513031,-0.100289,Yes,Direct
E000422,U00129,2025-07-06T01:33:01,Germany,Berlin,Berlin,52.542539,13.426872,No,Email
E000423,U00170,2026-03-06T04:16:15,Germany,Berlin,Berlin,52.527571,13.386894,No,Social
E000424,U00157,2026-06-27T01:17:26,UK,London,England,51.535625,-0.118364,No,Referral
E000425,U00001,2025-11-22T12:37:29,India,Hyderabad,Telangana,17.353657,78.526179,No,Email
E000426,U00184,2025-04-30T00:20:35,Germany,Berlin,Berlin,52.533763,13.423947,No,Referral
E000427,U00025,2025-10-29T18:18:03,Singapore,Singapore,Singapore,1.303577,103.776468,No,Email
E000428,U00191,2025-12-11T21:43:56,India,Pune,Maharashtra,18.493753,73.882315,No,Organic
E000429,U00048,2025-06-22T22:52:58,Singapore,Singapore,Singapore,1.333935,103.814216,No,Referral
E000430,U00030,2025-04-19T18:02:21,India,Mumbai,Maharashtra,19.055884,72.917592,No,Direct
E000431,U00371,2025-11-06T11:59:12,India,Bengaluru,Karnataka,12.972803,77.564045,No,Paid Search
E000432,U00155,2025-12-24T03:53:21,Germany,Berlin,Berlin,52.554888,13.384576,No,Email
E000433,U00005,2026-02-17T19:56:53,India,Delhi,Delhi,28.596211,77.246644,No,Paid Search
E000434,U00090,2025-06-15T02:59:58,India,Pune,Maharashtra,18.544795,73.896795,No,Organic
E000435,U00065,2025-08-28T02:04:22,India,Bengaluru,Karnataka,12.948991,77.590037,Yes,Social
E000436,U00308,2025-03-25T21:29:47,UAE,Dubai,Dubai,25.17946,55.308111,No,Social
E000437,U00300,2025-01-23T08:45:50,UAE,Dubai,Dubai,25.200654,55.305384,No,Email
E000438,U00143,2025-05-08T19:17:21,Germany,Berlin,Berlin,52.550899,13.356495,No,Organic
E000439,U00337,2025-04-23T03:47:26,India,Pune,Maharashtra,18.570075,73.827989,No,Social
E000440,U00114,2025-03-06T03:09:30,Germany,Berlin,Berlin,52.499112,13.373128,No,Referral
E000441,U00144,2025-01-16T17:35:43,India,Delhi,Delhi,28.616436,77.181636,No,Paid Search
E000442,U00354,2026-04-25T10:07:28,Germany,Berlin,Berlin,52.513508,13.373382,No,Email
E000443,U00081,2026-04-12T05:15:42,India,Delhi,Delhi,28.573821,77.188549,Yes,Paid Search
E000444,U00278,2025-05-18T08:24:52,India,Bengaluru,Karnataka,12.951804,77.585327,No,Social
E000445,U00196,2026-04-15T05:40:49,India,Pune,Maharashtra,18.529434,73.896685,Yes,Organic
E000446,U00182,2025-01-26T15:28:51,Singapore,Singapore,Singapore,1.324229,103.78242,No,Organic
E000447,U00155,2026-02-17T22:27:57,India,Pune,Maharashtra,18.529037,73.856711,No,Social
E000448,U00049,2026-06-06T12:15:30,India,Bengaluru,Karnataka,12.940095,77.549108,No,Organic
E000449,U00192,2026-04-26T18:54:23,Germany,Berlin,Berlin,52.493936,13.379352,Yes,Referral
E000450,U00030,2026-05-17T20:41:32,UK,London,England,51.465675,-0.171421,Yes,Direct
E000451,U00193,2025-04-24T13:49:46,Germany,Berlin,Berlin,52.534803,13.398029,Yes,Social
E000452,U00359,2026-01-18T07:49:16,Singapore,Singapore,Singapore,1.373654,103.837502,Yes,Direct
E000453,U00002,2025-12-16T03:13:56,UAE,Dubai,Dubai,25.19019,55.28077,No,Referral
E000454,U00400,2025-09-25T07:01:26,India,Delhi,Delhi,28.58659,77.187565,No,Paid Search
E000455,U00198,2026-05-21T13:27:39,India,Delhi,Delhi,28.63819,77.167284,No,Email
E000456,U00193,2025-08-13T23:00:25,USA,New York,New York,40.739638,-74.027514,No,Social
E000457,U00061,2026-04-23T15:17:20,India,Pune,Maharashtra,18.514794,73.884937,No,Social
E000458,U00054,2025-03-04T08:31:02,India,Pune,Maharashtra,18.538168,73.87663,No,Email
E000459,U00175,2025-02-15T08:54:11,Singapore,Singapore,Singapore,1.39902,103.84095,No,Direct
E000460,U00035,2025-04-08T02:34:18,UK,London,England,51.52201,-0.101633,Yes,Referral
E000461,U00332,2025-09-07T10:42:37,India,Delhi,Delhi,28.619277,77.241137,No,Organic
E000462,U00320,2025-02-16T12:08:03,Singapore,Singapore,Singapore,1.368318,103.849515,Yes,Paid Search
E000463,U00321,2026-03-01T22:34:48,India,Mumbai,Maharashtra,19.093517,72.866779,No,Email
E000464,U00324,2025-11-29T02:37:54,India,Bengaluru,Karnataka,12.960238,77.627191,Yes,Paid Search
E000465,U00064,2026-02-23T18:30:16,India,Delhi,Delhi,28.579017,77.227396,No,Paid Search
E000466,U00326,2026-02-06T10:09:43,India,Mumbai,Maharashtra,19.1129,72.865555,No,Direct
E000467,U00255,2025-03-07T01:55:20,USA,New York,New York,40.699563,-74.033933,Yes,Paid Search
E000468,U00015,2025-07-10T04:10:15,Germany,Berlin,Berlin,52.501157,13.357157,No,Social
E000469,U00357,2025-04-26T08:17:24,India,Pune,Maharashtra,18.52738,73.860487,No,Direct
E000470,U00177,2026-04-11T14:20:17,India,Mumbai,Maharashtra,19.046718,72.853665,No,Referral
E000471,U00246,2026-02-20T20:04:09,Singapore,Singapore,Singapore,1.340099,103.790669,No,Organic
E000472,U00350,2026-01-21T23:29:22,UK,London,England,51.523111,-0.157429,No,Referral
E000473,U00108,2026-02-11T20:12:26,India,Mumbai,Maharashtra,19.114238,72.861783,Yes,Organic
E000474,U00016,2025-10-29T05:46:22,India,Mumbai,Maharashtra,19.103894,72.89443,No,Paid Search
E000475,U00228,2025-06-21T03:13:47,Singapore,Singapore,Singapore,1.341392,103.788199,No,Social
E000476,U00144,2025-09-03T09:13:31,India,Mumbai,Maharashtra,19.106548,72.876485,No,Paid Search
E000477,U00345,2025-11-01T16:06:18,India,Pune,Maharashtra,18.519301,73.890142,No,Email
E000478,U00271,2025-12-09T18:10:57,Germany,Berlin,Berlin,52.516926,13.396073,No,Referral
E000479,U00411,2026-03-25T18:09:30,Singapore,Singapore,Singapore,1.318074,103.797668,No,Social
E000480,U00071,2025-09-02T14:11:16,India,Mumbai,Maharashtra,19.028168,72.86838,Yes,Email
E000481,U00168,2025-10-25T13:04:56,Germany,Berlin,Berlin,52.482961,13.411748,No,Social
E000482,U00216,2025-04-09T03:46:11,India,Mumbai,Maharashtra,19.040299,72.894917,No,Email
E000483,U00379,2025-09-06T05:20:28,UK,London,England,51.475132,-0.083134,No,Referral
E000484,U00351,2025-07-29T03:56:45,UK,London,England,51.515631,-0.156049,No,Organic
E000485,U00401,2026-05-26T02:34:48,India,Delhi,Delhi,28.621453,77.189116,No,Organic
E000486,U00253,2025-12-25T10:24:25,India,Delhi,Delhi,28.578634,77.178588,No,Direct
E000487,U00253,2026-03-17T14:04:37,India,Bengaluru,Karnataka,12.950287,77.579089,No,Paid Search
E000488,U00358,2026-05-25T02:16:23,UAE,Dubai,Dubai,25.166422,55.272775,Yes,Organic
E000489,U00069,2025-03-14T16:57:55,India,Pune,Maharashtra,18.493418,73.867796,No,Referral
E000490,U00331,2025-05-02T05:10:09,India,Delhi,Delhi,28.641317,77.178307,No,Referral
E000491,U00203,2026-01-15T05:24:34,India,Hyderabad,Telangana,17.366666,78.508477,No,Direct
E000492,U00323,2025-06-20T15:41:08,UK,London,England,51.458375,-0.157887,No,Referral
E000493,U00071,2025-04-28T17:04:20,Singapore,Singapore,Singapore,1.322146,103.781082,Yes,Organic
E000494,U00065,2025-10-29T03:13:09,USA,New York,New York,40.692018,-73.964189,No,Referral
E000495,U00217,2025-12-17T13:56:20,India,Pune,Maharashtra,18.490859,73.881974,No,Email
E000496,U00354,2026-02-24T15:07:36,India,Bengaluru,Karnataka,13.0163,77.595551,No,Email
E000497,U00172,2026-05-13T04:36:29,India,Mumbai,Maharashtra,19.095731,72.865819,No,Referral
E000498,U00307,2025-04-14T08:48:20,India,Hyderabad,Telangana,17.424065,78.524371,Yes,Social
E000499,U00027,2025-03-30T07:58:50,Singapore,Singapore,Singapore,1.330093,103.841319,No,Paid Search
E000500,U00048,2026-03-15T00:19:53,India,Hyderabad,Telangana,17.397163,78.51306,No,Social
E000501,U00001,2025-03-02T03:41:04,India,Bengaluru,Karnataka,13.004087,77.641512,Yes,Social
E000502,U00403,2026-02-17T03:01:56,India,Hyderabad,Telangana,17.37415,78.484219,No,Direct
E000503,U00269,2026-01-31T19:05:36,India,Bengaluru,Karnataka,12.975689,77.549479,No,Direct
E000504,U00032,2025-08-07T21:58:53,India,Bengaluru,Karnataka,12.950184,77.608406,Yes,Paid Search
E000505,U00261,2025-09-22T00:45:47,India,Mumbai,Maharashtra,19.060857,72.866196,Yes,Paid Search
E000506,U00053,2025-08-02T03:56:27,UAE,Dubai,Dubai,25.173893,55.284231,No,Paid Search
E000507,U00259,2025-02-08T18:55:28,UK,London,England,51.488229,-0.145628,Yes,Referral
E000508,U00163,2025-10-24T06:25:47,India,Bengaluru,Karnataka,12.931911,77.584932,No,Organic
E000509,U00135,2025-01-29T00:47:52,UK,London,England,51.541279,-0.13252,Yes,Referral
E000510,U00337,2025-03-21T18:36:22,India,Bengaluru,Karnataka,12.937077,77.590859,No,Referral
E000511,U00105,2026-01-11T17:26:01,USA,New York,New York,40.732191,-73.991416,No,Email
E000512,U00200,2025-11-26T13:23:58,India,Mumbai,Maharashtra,19.03667,72.879296,No,Referral
E000513,U00241,2025-10-27T08:00:21,Singapore,Singapore,Singapore,1.313382,103.826675,No,Referral
E000514,U00212,2025-02-21T00:13:52,USA,New York,New York,40.682996,-74.036079,No,Organic
E000515,U00275,2025-06-11T01:49:53,UAE,Dubai,Dubai,25.241284,55.254084,No,Social
E000516,U00179,2025-11-24T18:18:53,UAE,Dubai,Dubai,25.219162,55.227497,No,Direct
E000517,U00123,2025-07-12T05:05:02,India,Delhi,Delhi,28.618443,77.183691,No,Referral
E000518,U00205,2026-05-28T05:11:27,USA,New York,New York,40.679109,-74.040078,Yes,Email
E000519,U00349,2025-09-14T12:19:21,UK,London,England,51.490715,-0.173269,No,Social
E000520,U00107,2025-01-04T08:09:59,Singapore,Singapore,Singapore,1.344876,103.818288,No,Paid Search
E000521,U00105,2025-05-03T09:41:45,India,Bengaluru,Karnataka,12.936762,77.596144,No,Email
E000522,U00304,2026-03-12T02:25:49,India,Delhi,Delhi,28.611799,77.197425,No,Paid Search
E000523,U00416,2025-02-17T13:24:36,India,Hyderabad,Telangana,17.366666,78.500497,Yes,Paid Search
E000524,U00055,2025-07-05T06:57:12,USA,New York,New York,40.699862,-74.026018,Yes,Referral
E000525,U00004,2026-02-20T16:18:29,UK,London,England,51.539018,-0.083462,No,Email
E000526,U00328,2025-12-21T17:07:54,India,Delhi,Delhi,28.6525,77.243237,No,Paid Search
E000527,U00248,2026-01-05T00:48:02,USA,New York,New York,40.749303,-73.971539,No,Direct
E000528,U00150,2025-04-19T21:40:36,India,Mumbai,Maharashtra,19.038087,72.903696,No,Direct
E000529,U00102,2025-01-01T20:26:38,UK,London,England,51.522447,-0.085446,No,Organic
E000530,U00038,2025-02-07T07:42:57,India,Bengaluru,Karnataka,12.965859,77.552894,No,Direct
E000531,U00149,2026-01-15T17:00:27,India,Hyderabad,Telangana,17.349081,78.46622,Yes,Direct
E000532,U00355,2026-05-30T08:35:05,India,Bengaluru,Karnataka,12.95648,77.610465,No,Email
E000533,U00402,2025-11-28T19:27:29,India,Mumbai,Maharashtra,19.101739,72.911122,No,Direct
E000534,U00193,2025-10-11T07:42:16,Germany,Berlin,Berlin,52.528256,13.402474,No,Email
E000535,U00234,2025-11-12T21:48:13,UAE,Dubai,Dubai,25.231988,55.261064,No,Referral
E000536,U00121,2025-06-01T06:48:05,Germany,Berlin,Berlin,52.542343,13.392763,No,Social
E000537,U00078,2025-05-06T10:08:49,India,Bengaluru,Karnataka,12.923347,77.61594,No,Social
E000538,U00365,2025-10-11T03:19:06,India,Delhi,Delhi,28.662541,77.196986,Yes,Email
E000539,U00066,2025-03-10T12:58:40,Germany,Berlin,Berlin,52.490029,13.424456,No,Social
E000540,U00235,2025-01-17T12:09:03,India,Pune,Maharashtra,18.568807,73.877042,No,Social
E000541,U00391,2025-03-30T13:26:35,UK,London,England,51.524376,-0.135467,No,Direct
E000542,U00169,2025-01-29T20:22:28,Germany,Berlin,Berlin,52.481429,13.445787,No,Organic
E000543,U00078,2025-11-22T11:49:34,India,Bengaluru,Karnataka,12.928524,77.615484,Yes,Referral
E000544,U00293,2025-06-12T06:49:44,India,Bengaluru,Karnataka,12.935055,77.579465,No,Email
E000545,U00105,2025-06-21T09:20:44,UAE,Dubai,Dubai,25.214587,55.307152,No,Referral
E000546,U00046,2026-04-12T03:06:13,USA,New York,New York,40.734173,-74.020184,Yes,Social
E000547,U00419,2025-07-15T20:24:00,Germany,Berlin,Berlin,52.510292,13.412013,No,Direct
E000548,U00199,2025-08-09T07:16:05,USA,New York,New York,40.755213,-73.957505,No,Paid Search
E000549,U00254,2026-06-23T00:21:56,India,Delhi,Delhi,28.566195,77.179767,Yes,Direct
E000550,U00266,2025-04-21T06:49:47,Singapore,Singapore,Singapore,1.344428,103.784425,No,Referral
E000551,U00086,2026-01-22T20:30:39,UAE,Dubai,Dubai,25.181187,55.309697,No,Social
E000552,U00377,2026-06-09T12:31:42,India,Bengaluru,Karnataka,12.92554,77.548038,No,Organic
E000553,U00156,2026-06-02T17:12:01,USA,New York,New York,40.701912,-74.051037,No,Organic
E000554,U00393,2025-09-20T11:17:36,UAE,Dubai,Dubai,25.163402,55.223209,No,Paid Search
E000555,U00334,2025-06-07T14:40:10,UK,London,England,51.544941,-0.137536,No,Direct
E000556,U00216,2026-05-25T02:33:38,India,Pune,Maharashtra,18.569235,73.838727,No,Email
E000557,U00103,2025-01-10T23:47:33,Germany,Berlin,Berlin,52.541277,13.438261,Yes,Organic
E000558,U00270,2026-04-08T07:07:14,India,Bengaluru,Karnataka,12.993838,77.603533,No,Organic
E000559,U00002,2025-08-29T13:38:50,USA,New York,New York,40.707137,-74.044604,No,Referral
E000560,U00119,2025-09-18T22:02:44,India,Bengaluru,Karnataka,12.938949,77.60897,No,Social
E000561,U00308,2025-05-20T14:02:50,India,Mumbai,Maharashtra,19.05951,72.915778,No,Organic
E000562,U00135,2025-06-21T08:44:59,Germany,Berlin,Berlin,52.54396,13.359937,No,Email
E000563,U00202,2025-05-13T08:22:06,Singapore,Singapore,Singapore,1.310952,103.846831,No,Direct
E000564,U00072,2025-04-17T11:49:46,India,Bengaluru,Karnataka,12.972784,77.625677,No,Email
E000565,U00390,2026-03-21T08:19:03,USA,New York,New York,40.669478,-73.970695,No,Email
E000566,U00178,2025-06-21T02:27:56,India,Hyderabad,Telangana,17.41191,78.52138,Yes,Organic
E000567,U00109,2026-06-08T18:40:04,India,Bengaluru,Karnataka,13.019548,77.612688,No,Paid Search
E000568,U00104,2026-04-15T15:41:04,India,Bengaluru,Karnataka,13.007802,77.587865,No,Referral
E000569,U00300,2025-04-07T22:17:28,India,Hyderabad,Telangana,17.432873,78.446166,No,Paid Search
E000570,U00209,2025-10-04T11:54:56,Singapore,Singapore,Singapore,1.36274,103.817237,No,Direct
E000571,U00246,2026-06-21T00:00:25,India,Mumbai,Maharashtra,19.066554,72.876282,No,Referral
E000572,U00065,2026-05-27T05:46:31,UK,London,England,51.505072,-0.090627,No,Paid Search
E000573,U00270,2026-06-01T08:47:42,Singapore,Singapore,Singapore,1.394784,103.813044,No,Organic
E000574,U00398,2026-05-13T00:13:59,India,Mumbai,Maharashtra,19.098871,72.867351,Yes,Email
E000575,U00222,2025-12-04T20:38:23,India,Delhi,Delhi,28.623112,77.177408,No,Direct
E000576,U00100,2025-12-14T14:52:01,USA,New York,New York,40.663919,-73.986076,No,Organic
E000577,U00096,2026-03-04T10:16:42,Singapore,Singapore,Singapore,1.401051,103.802286,No,Referral
E000578,U00150,2026-03-28T02:31:37,USA,New York,New York,40.759546,-74.055932,No,Social
E000579,U00175,2026-04-29T11:59:47,Germany,Berlin,Berlin,52.523546,13.368558,No,Email
E000580,U00254,2025-10-23T07:06:17,India,Delhi,Delhi,28.607283,77.256453,No,Referral
E000581,U00380,2026-02-18T08:56:50,India,Pune,Maharashtra,18.561613,73.843636,Yes,Organic
E000582,U00149,2025-04-07T22:24:42,India,Mumbai,Maharashtra,19.117846,72.921819,No,Organic
E000583,U00097,2026-03-21T00:27:43,Singapore,Singapore,Singapore,1.335066,103.824944,Yes,Paid Search
E000584,U00203,2025-09-30T13:36:06,Germany,Berlin,Berlin,52.565727,13.441297,No,Referral
E000585,U00158,2026-02-13T05:33:39,USA,New York,New York,40.70694,-73.991171,No,Organic
E000586,U00309,2025-05-23T15:13:01,UAE,Dubai,Dubai,25.232187,55.221236,No,Referral
E000587,U00252,2025-09-29T12:39:28,India,Delhi,Delhi,28.616185,77.203721,No,Organic
E000588,U00302,2025-06-02T09:00:12,India,Pune,Maharashtra,18.534656,73.884094,Yes,Organic
E000589,U00330,2026-01-29T22:26:30,India,Delhi,Delhi,28.59789,77.160319,No,Direct
E000590,U00387,2025-01-18T19:57:46,India,Bengaluru,Karnataka,12.970941,77.561692,No,Direct
E000591,U00083,2025-06-26T08:44:28,Germany,Berlin,Berlin,52.504463,13.454546,No,Email
E000592,U00288,2025-01-13T04:14:45,Germany,Berlin,Berlin,52.491082,13.366907,No,Organic
E000593,U00101,2025-01-16T09:20:25,India,Bengaluru,Karnataka,12.999846,77.594447,No,Social
E000594,U00217,2025-04-18T21:08:59,India,Delhi,Delhi,28.65437,77.224121,No,Referral
E000595,U00406,2026-05-09T06:18:29,UK,London,England,51.493548,-0.130643,No,Organic
E000596,U00048,2026-05-14T15:45:56,UAE,Dubai,Dubai,25.204282,55.298989,No,Social
E000597,U00189,2025-11-13T21:47:49,Singapore,Singapore,Singapore,1.396704,103.865903,No,Email
E000598,U00253,2025-06-11T18:35:42,India,Hyderabad,Telangana,17.33997,78.474743,No,Social
E000599,U00170,2025-02-20T22:33:52,India,Hyderabad,Telangana,17.428974,78.458587,No,Direct
E000600,U00340,2025-11-22T07:36:52,Singapore,Singapore,Singapore,1.391732,103.867318,No,Referral
E000601,U00260,2025-06-04T00:33:50,India,Pune,Maharashtra,18.537026,73.893958,No,Referral
E000602,U00336,2026-03-01T21:25:37,India,Pune,Maharashtra,18.536535,73.899383,No,Direct
E000603,U00111,2025-12-04T05:38:17,India,Delhi,Delhi,28.649368,77.242212,No,Social
E000604,U00340,2025-12-24T20:30:08,USA,New York,New York,40.694119,-74.040574,No,Referral
E000605,U00312,2025-08-14T19:33:25,UK,London,England,51.457658,-0.126811,Yes,Direct
E000606,U00112,2026-05-26T05:15:54,Singapore,Singapore,Singapore,1.379245,103.830808,No,Social
E000607,U00221,2026-04-09T18:03:38,India,Hyderabad,Telangana,17.359386,78.53424,No,Referral
E000608,U00405,2025-08-26T08:49:34,India,Bengaluru,Karnataka,12.957203,77.620916,No,Organic
E000609,U00090,2026-02-18T05:24:58,UAE,Dubai,Dubai,25.254253,55.223988,No,Email
E000610,U00235,2025-06-03T01:43:14,India,Delhi,Delhi,28.637182,77.159819,No,Referral
E000611,U00229,2025-06-26T12:44:29,India,Pune,Maharashtra,18.527114,73.876394,No,Email
E000612,U00139,2026-05-09T04:04:08,India,Delhi,Delhi,28.648354,77.218029,No,Social
E000613,U00033,2025-11-24T13:14:47,India,Bengaluru,Karnataka,12.945769,77.637138,Yes,Referral
E000614,U00068,2026-06-20T06:16:14,UAE,Dubai,Dubai,25.165794,55.224645,No,Organic
E000615,U00095,2026-03-13T18:32:04,India,Hyderabad,Telangana,17.434246,78.439016,Yes,Paid Search
E000616,U00238,2026-04-09T09:53:49,UAE,Dubai,Dubai,25.177498,55.227273,No,Direct
E000617,U00318,2025-09-14T19:02:58,India,Pune,Maharashtra,18.552836,73.88176,Yes,Direct
E000618,U00181,2026-03-24T11:21:55,India,Mumbai,Maharashtra,19.037168,72.8516,Yes,Paid Search
E000619,U00419,2025-07-25T04:54:13,Singapore,Singapore,Singapore,1.337897,103.858292,Yes,Email
E000620,U00177,2025-03-28T05:22:01,Singapore,Singapore,Singapore,1.392711,103.850412,No,Referral
E000621,U00284,2026-06-10T18:16:33,UAE,Dubai,Dubai,25.204391,55.273653,No,Social
E000622,U00388,2025-12-02T01:40:17,UAE,Dubai,Dubai,25.250256,55.246754,No,Referral
E000623,U00041,2026-01-06T05:08:51,India,Mumbai,Maharashtra,19.08446,72.860118,No,Social
E000624,U00351,2025-06-20T19:35:49,UAE,Dubai,Dubai,25.23768,55.252066,No,Direct
E000625,U00243,2025-05-25T20:10:58,India,Bengaluru,Karnataka,13.013981,77.586388,No,Organic
E000626,U00129,2025-10-27T05:58:35,Singapore,Singapore,Singapore,1.347663,103.794545,Yes,Paid Search
E000627,U00192,2025-11-25T16:37:02,India,Mumbai,Maharashtra,19.09278,72.910746,No,Direct
E000628,U00052,2025-05-15T23:51:49,India,Delhi,Delhi,28.640005,77.184733,No,Organic
E000629,U00402,2026-05-24T18:08:08,USA,New York,New York,40.688554,-74.044147,No,Paid Search
E000630,U00218,2026-03-20T12:34:59,India,Bengaluru,Karnataka,12.980516,77.637891,Yes,Referral
E000631,U00121,2026-04-26T09:03:01,Singapore,Singapore,Singapore,1.32615,103.84881,No,Organic
E000632,U00160,2025-09-18T15:47:31,Singapore,Singapore,Singapore,1.376573,103.863902,Yes,Social
E000633,U00065,2026-06-10T23:32:35,Germany,Berlin,Berlin,52.552151,13.408985,No,Email
E000634,U00089,2025-06-17T05:43:33,UK,London,England,51.479956,-0.097217,No,Paid Search
E000635,U00020,2025-08-28T16:16:56,USA,New York,New York,40.754776,-74.002941,No,Organic
E000636,U00190,2026-04-18T02:20:17,India,Hyderabad,Telangana,17.400021,78.442418,No,Email
E000637,U00075,2026-03-06T12:14:21,India,Hyderabad,Telangana,17.371627,78.522602,Yes,Direct
E000638,U00242,2025-10-09T00:39:44,India,Pune,Maharashtra,18.481107,73.832235,No,Email
E000639,U00033,2025-03-27T14:15:37,Singapore,Singapore,Singapore,1.348756,103.830438,No,Social
E000640,U00133,2025-05-31T17:57:36,Germany,Berlin,Berlin,52.472428,13.383524,No,Referral
E000641,U00315,2025-10-17T08:07:47,India,Pune,Maharashtra,18.53509,73.831573,Yes,Organic
E000642,U00341,2026-03-31T13:57:29,India,Bengaluru,Karnataka,12.990168,77.630175,No,Organic
E000643,U00350,2026-03-31T00:44:16,India,Mumbai,Maharashtra,19.058069,72.8685,Yes,Direct
E000644,U00401,2025-09-21T21:03:50,UK,London,England,51.517696,-0.138617,No,Email
E000645,U00219,2025-04-20T17:10:34,India,Pune,Maharashtra,18.556123,73.857623,No,Organic
E000646,U00420,2026-04-26T10:39:57,India,Bengaluru,Karnataka,12.994715,77.593517,Yes,Organic
E000647,U00039,2025-09-08T07:25:04,Germany,Berlin,Berlin,52.524994,13.394707,No,Direct
E000648,U00396,2025-01-21T21:32:45,UK,London,England,51.500715,-0.129195,No,Referral
E000649,U00227,2026-05-15T19:08:15,USA,New York,New York,40.731044,-74.007268,No,Referral
E000650,U00101,2025-02-13T20:51:28,Germany,Berlin,Berlin,52.554049,13.363098,No,Social
E000651,U00004,2025-04-12T16:45:07,India,Bengaluru,Karnataka,12.922635,77.643419,No,Email
E000652,U00314,2025-01-27T13:48:59,USA,New York,New York,40.687204,-74.006563,No,Direct
E000653,U00088,2026-04-07T17:15:51,India,Hyderabad,Telangana,17.398795,78.52475,No,Email
E000654,U00333,2025-02-06T21:54:47,UK,London,England,51.533323,-0.172877,No,Referral
E000655,U00236,2026-06-12T17:18:23,India,Pune,Maharashtra,18.497714,73.875184,No,Direct
E000656,U00123,2025-11-26T07:15:51,India,Mumbai,Maharashtra,19.079647,72.90006,No,Organic
E000657,U00282,2026-06-01T13:04:20,India,Bengaluru,Karnataka,12.929152,77.568959,Yes,Paid Search
E000658,U00052,2025-07-09T06:36:21,India,Mumbai,Maharashtra,19.030847,72.902734,Yes,Email
E000659,U00077,2025-01-03T06:28:12,India,Bengaluru,Karnataka,12.931655,77.57565,Yes,Referral
E000660,U00089,2025-01-25T11:41:32,USA,New York,New York,40.679706,-73.976391,No,Direct
E000661,U00386,2026-06-07T01:11:40,India,Pune,Maharashtra,18.538914,73.81438,No,Organic
E000662,U00122,2026-02-22T11:11:10,Singapore,Singapore,Singapore,1.324326,103.85391,No,Direct
E000663,U00126,2025-10-23T10:42:55,India,Mumbai,Maharashtra,19.090851,72.897841,No,Email
E000664,U00249,2025-11-29T18:09:13,USA,New York,New York,40.722051,-74.025374,No,Organic
E000665,U00132,2026-06-27T17:37:56,India,Bengaluru,Karnataka,12.923913,77.55754,No,Organic
E000666,U00223,2025-07-07T12:50:45,UK,London,England,51.548532,-0.131925,No,Social
E000667,U00311,2025-09-07T01:10:53,India,Bengaluru,Karnataka,13.001046,77.611729,Yes,Paid Search
E000668,U00392,2025-03-27T12:57:24,UK,London,England,51.457842,-0.140469,No,Referral
E000669,U00156,2025-10-09T00:34:22,India,Mumbai,Maharashtra,19.088222,72.907555,No,Social
E000670,U00203,2025-09-25T06:48:30,Singapore,Singapore,Singapore,1.362651,103.783977,No,Organic
E000671,U00041,2025-07-03T13:27:41,Germany,Berlin,Berlin,52.488606,13.397779,No,Direct
E000672,U00257,2025-11-19T13:15:45,India,Mumbai,Maharashtra,19.09481,72.895273,No,Email
E000673,U00069,2025-11-09T00:41:48,India,Pune,Maharashtra,18.528865,73.846779,No,Email
E000674,U00191,2025-10-10T07:19:07,UK,London,England,51.51159,-0.083604,No,Email
E000675,U00269,2026-01-07T03:20:51,India,Mumbai,Maharashtra,19.04556,72.912307,No,Organic
E000676,U00336,2025-08-13T05:34:02,India,Delhi,Delhi,28.636844,77.180742,No,Organic
E000677,U00196,2025-05-17T15:10:36,India,Hyderabad,Telangana,17.364712,78.475798,No,Paid Search
E000678,U00057,2025-02-25T15:03:47,India,Pune,Maharashtra,18.470485,73.901843,No,Email
E000679,U00344,2025-03-21T10:22:41,India,Mumbai,Maharashtra,19.09442,72.845112,No,Social
E000680,U00273,2025-11-24T09:17:45,USA,New York,New York,40.685476,-73.995903,Yes,Email
E000681,U00199,2025-09-01T06:21:15,India,Hyderabad,Telangana,17.38292,78.520872,No,Referral
E000682,U00012,2025-06-18T02:55:54,Singapore,Singapore,Singapore,1.361416,103.860039,No,Referral
E000683,U00113,2026-01-13T19:33:04,India,Pune,Maharashtra,18.470699,73.83453,No,Direct
E000684,U00041,2025-09-25T14:13:57,India,Pune,Maharashtra,18.510556,73.829401,No,Paid Search
E000685,U00305,2025-03-30T05:56:00,India,Delhi,Delhi,28.641846,77.229695,No,Paid Search
E000686,U00307,2025-06-23T06:01:54,UK,London,England,51.550704,-0.13927,No,Organic
E000687,U00352,2025-04-23T17:51:56,India,Hyderabad,Telangana,17.339988,78.510983,No,Organic
E000688,U00081,2025-08-07T01:51:14,USA,New York,New York,40.707966,-74.043172,No,Referral
E000689,U00229,2026-06-26T00:08:07,India,Pune,Maharashtra,18.472442,73.860347,No,Email
E000690,U00347,2025-12-15T03:02:45,India,Bengaluru,Karnataka,13.006398,77.592646,No,Direct
E000691,U00245,2025-08-10T06:09:55,USA,New York,New York,40.728417,-73.972737,No,Email
E000692,U00070,2025-03-24T16:28:31,Germany,Berlin,Berlin,52.530027,13.386572,No,Organic
E000693,U00172,2025-11-21T06:55:49,India,Hyderabad,Telangana,17.389629,78.477622,No,Direct
E000694,U00053,2025-01-08T07:28:26,India,Mumbai,Maharashtra,19.081289,72.881154,No,Email
E000695,U00362,2025-09-01T09:53:02,India,Pune,Maharashtra,18.533584,73.875171,No,Paid Search
E000696,U00049,2025-05-11T14:47:05,India,Mumbai,Maharashtra,19.125315,72.847712,No,Social
E000697,U00386,2025-11-18T21:18:23,UAE,Dubai,Dubai,25.199663,55.238601,Yes,Referral
E000698,U00288,2026-01-29T21:20:17,India,Hyderabad,Telangana,17.39588,78.458492,Yes,Referral
E000699,U00303,2026-05-19T12:38:00,India,Pune,Maharashtra,18.522956,73.875674,No,Referral
E000700,U00086,2026-06-26T22:03:33,India,Bengaluru,Karnataka,12.960796,77.642403,Yes,Paid Search
E000701,U00253,2025-09-28T08:17:25,India,Bengaluru,Karnataka,12.971559,77.587202,Yes,Direct
E000702,U00354,2025-06-01T01:10:57,India,Delhi,Delhi,28.575392,77.18118,No,Organic
E000703,U00270,2025-09-13T20:53:18,India,Pune,Maharashtra,18.478088,73.868092,No,Organic
E000704,U00029,2025-07-08T11:44:43,India,Bengaluru,Karnataka,12.952647,77.604805,No,Paid Search
E000705,U00265,2025-09-16T13:51:36,Germany,Berlin,Berlin,52.505726,13.384585,No,Social
E000706,U00121,2026-06-13T05:39:22,Singapore,Singapore,Singapore,1.392481,103.851833,No,Referral
E000707,U00247,2025-08-05T06:42:54,USA,New York,New York,40.73865,-74.043634,No,Paid Search
E000708,U00165,2025-09-23T15:49:19,Germany,Berlin,Berlin,52.533212,13.36955,Yes,Social
E000709,U00095,2025-09-08T15:01:41,India,Mumbai,Maharashtra,19.109363,72.897756,No,Organic
E000710,U00092,2025-03-24T13:27:28,India,Hyderabad,Telangana,17.418207,78.523465,No,Paid Search
E000711,U00357,2026-02-25T23:36:44,India,Pune,Maharashtra,18.510982,73.810432,No,Referral
E000712,U00107,2026-03-07T23:18:58,Germany,Berlin,Berlin,52.496112,13.380821,No,Paid Search
E000713,U00027,2026-04-14T10:44:35,India,Mumbai,Maharashtra,19.057395,72.849463,Yes,Email
E000714,U00173,2026-04-28T22:29:27,Germany,Berlin,Berlin,52.509994,13.421148,Yes,Referral
E000715,U00404,2026-03-26T22:50:19,Singapore,Singapore,Singapore,1.371676,103.800385,No,Paid Search
E000716,U00384,2026-04-20T19:03:56,India,Hyderabad,Telangana,17.426467,78.439911,No,Paid Search
E000717,U00097,2025-09-13T05:57:31,India,Mumbai,Maharashtra,19.07209,72.891305,No,Organic
E000718,U00106,2025-06-17T14:39:58,Singapore,Singapore,Singapore,1.342146,103.776237,No,Email
E000719,U00245,2026-06-22T19:28:07,India,Pune,Maharashtra,18.563831,73.851982,Yes,Email
E000720,U00362,2025-05-21T00:17:03,India,Pune,Maharashtra,18.541061,73.904162,No,Direct
E000721,U00139,2025-03-15T01:21:39,India,Delhi,Delhi,28.628534,77.232498,No,Referral
E000722,U00345,2025-07-10T18:56:28,India,Pune,Maharashtra,18.551476,73.812833,Yes,Paid Search
E000723,U00049,2026-02-27T18:04:47,Singapore,Singapore,Singapore,1.333367,103.859979,Yes,Social
E000724,U00284,2025-07-30T07:10:02,India,Hyderabad,Telangana,17.361846,78.466353,Yes,Direct
E000725,U00414,2025-10-13T17:19:38,India,Bengaluru,Karnataka,12.937334,77.572551,Yes,Referral
E000726,U00047,2025-04-02T15:57:54,India,Hyderabad,Telangana,17.378922,78.471804,No,Referral
E000727,U00214,2025-08-01T19:04:02,Singapore,Singapore,Singapore,1.367837,103.867787,Yes,Referral
E000728,U00099,2026-04-28T08:13:34,India,Hyderabad,Telangana,17.345305,78.486199,No,Direct
E000729,U00164,2025-08-30T14:19:08,India,Mumbai,Maharashtra,19.115725,72.874446,No,Paid Search
E000730,U00351,2026-05-08T00:08:04,India,Hyderabad,Telangana,17.418877,78.535712,No,Referral
E000731,U00400,2025-02-24T20:03:47,India,Delhi,Delhi,28.602454,77.166609,Yes,Paid Search
E000732,U00093,2026-03-25T20:58:15,UAE,Dubai,Dubai,25.193133,55.28245,No,Paid Search
E000733,U00246,2025-10-24T21:18:11,India,Bengaluru,Karnataka,12.985017,77.56205,No,Email
E000734,U00308,2025-05-15T13:58:09,Germany,Berlin,Berlin,52.536397,13.454898,No,Referral
E000735,U00048,2026-03-18T16:59:05,UAE,Dubai,Dubai,25.178173,55.274526,No,Organic
E000736,U00347,2025-01-13T14:47:01,USA,New York,New York,40.741044,-74.036813,No,Paid Search
E000737,U00077,2025-08-17T09:36:11,India,Hyderabad,Telangana,17.347682,78.502071,Yes,Email
E000738,U00210,2025-05-29T14:22:42,India,Delhi,Delhi,28.615139,77.177782,Yes,Social
E000739,U00122,2025-07-19T21:25:52,USA,New York,New York,40.71668,-74.032993,Yes,Social
E000740,U00196,2025-12-05T18:59:03,India,Mumbai,Maharashtra,19.119907,72.901458,No,Social
E000741,U00186,2025-08-12T16:09:07,India,Bengaluru,Karnataka,12.972373,77.622205,Yes,Paid Search
E000742,U00069,2026-03-07T16:21:03,USA,New York,New York,40.68046,-73.961622,No,Organic
E000743,U00012,2026-03-25T15:34:29,UK,London,England,51.484099,-0.143597,No,Paid Search
E000744,U00414,2026-04-28T16:54:37,USA,New York,New York,40.72616,-73.962405,No,Referral
E000745,U00324,2025-01-07T09:55:00,India,Hyderabad,Telangana,17.422914,78.528816,Yes,Email
E000746,U00168,2025-06-12T17:54:32,Germany,Berlin,Berlin,52.557362,13.397195,No,Organic
E000747,U00235,2025-04-07T18:43:38,UK,London,England,51.497686,-0.17312,No,Referral
E000748,U00409,2026-04-03T06:13:05,India,Pune,Maharashtra,18.470853,73.882902,No,Paid Search
E000749,U00141,2025-08-10T05:05:34,USA,New York,New York,40.713666,-74.010467,No,Referral
E000750,U00223,2025-11-30T18:10:44,Singapore,Singapore,Singapore,1.368796,103.821434,No,Referral
E000751,U00210,2026-06-29T07:47:18,Germany,Berlin,Berlin,52.527939,13.400699,Yes,Direct
E000752,U00222,2026-03-30T19:03:41,India,Bengaluru,Karnataka,13.008818,77.631254,Yes,Social
E000753,U00014,2025-06-16T21:53:31,Germany,Berlin,Berlin,52.514031,13.363204,No,Social
E000754,U00184,2025-11-22T07:34:54,UK,London,England,51.467463,-0.138381,No,Social
E000755,U00373,2026-01-28T09:17:49,India,Bengaluru,Karnataka,12.986862,77.552257,No,Organic
E000756,U00134,2026-03-14T06:37:00,India,Mumbai,Maharashtra,19.064436,72.893919,No,Direct
E000757,U00189,2026-04-20T08:12:12,India,Delhi,Delhi,28.584341,77.228429,No,Email
E000758,U00143,2025-09-09T19:37:18,Germany,Berlin,Berlin,52.521712,13.356865,No,Organic
E000759,U00363,2026-03-24T20:52:00,UAE,Dubai,Dubai,25.232954,55.261653,No,Paid Search
E000760,U00365,2025-07-25T06:47:16,UK,London,England,51.491516,-0.173044,No,Referral
E000761,U00275,2026-04-02T13:53:47,Singapore,Singapore,Singapore,1.30931,103.852944,Yes,Social
E000762,U00067,2025-09-14T15:49:06,UK,London,England,51.469637,-0.081703,Yes,Direct
E000763,U00252,2025-11-29T07:22:37,India,Pune,Maharashtra,18.524292,73.893829,No,Email
E000764,U00323,2025-11-16T10:40:03,India,Hyderabad,Telangana,17.386416,78.515659,No,Paid Search
E000765,U00389,2025-11-13T06:49:50,USA,New York,New York,40.727483,-73.998703,No,Organic
E000766,U00114,2025-01-15T17:09:59,Singapore,Singapore,Singapore,1.321686,103.821015,No,Organic
E000767,U00073,2025-12-08T04:40:42,India,Bengaluru,Karnataka,12.998578,77.629615,No,Email
E000768,U00313,2026-05-19T17:19:44,Germany,Berlin,Berlin,52.503346,13.451684,Yes,Social
E000769,U00363,2026-01-16T09:08:45,USA,New York,New York,40.748765,-74.041257,No,Referral
E000770,U00111,2025-10-28T19:37:56,Singapore,Singapore,Singapore,1.377999,103.774677,No,Paid Search
E000771,U00111,2025-07-17T01:51:34,India,Bengaluru,Karnataka,13.016135,77.619336,No,Social
E000772,U00261,2026-04-10T06:51:22,India,Pune,Maharashtra,18.533287,73.832516,No,Direct
E000773,U00346,2025-04-27T22:15:15,India,Pune,Maharashtra,18.493663,73.860422,Yes,Social
E000774,U00366,2025-02-07T03:22:35,UK,London,England,51.525163,-0.168722,No,Paid Search
E000775,U00183,2025-12-25T01:21:58,India,Mumbai,Maharashtra,19.114591,72.857845,No,Email
E000776,U00199,2025-07-10T07:11:12,India,Delhi,Delhi,28.63142,77.248019,No,Email
E000777,U00315,2026-03-07T12:18:15,USA,New York,New York,40.694116,-74.051886,No,Referral
E000778,U00254,2025-10-18T18:05:14,UK,London,England,51.538572,-0.151103,No,Direct
E000779,U00258,2025-09-17T15:28:24,India,Hyderabad,Telangana,17.400006,78.530795,Yes,Social
E000780,U00130,2025-01-22T08:34:09,India,Pune,Maharashtra,18.515013,73.85267,No,Paid Search
E000781,U00244,2025-08-07T13:32:14,UK,London,England,51.496129,-0.135611,Yes,Paid Search
E000782,U00240,2025-10-03T11:55:42,India,Bengaluru,Karnataka,13.01743,77.592602,Yes,Referral
E000783,U00039,2025-09-04T06:59:13,UK,London,England,51.492273,-0.147795,No,Paid Search
E000784,U00404,2025-01-26T02:27:18,India,Pune,Maharashtra,18.476339,73.865536,No,Organic
E000785,U00408,2025-11-14T17:04:49,Germany,Berlin,Berlin,52.555111,13.428847,No,Social
E000786,U00370,2025-07-24T13:58:28,USA,New York,New York,40.677802,-73.981513,No,Referral
E000787,U00126,2025-09-23T14:31:49,UAE,Dubai,Dubai,25.220269,55.263067,No,Paid Search
E000788,U00017,2026-05-06T08:14:39,India,Delhi,Delhi,28.658049,77.201984,No,Direct
E000789,U00239,2025-01-23T10:47:37,India,Bengaluru,Karnataka,13.00777,77.548282,No,Referral
E000790,U00418,2025-08-27T23:17:23,India,Mumbai,Maharashtra,19.033014,72.901261,No,Direct
E000791,U00308,2026-06-20T11:59:51,UAE,Dubai,Dubai,25.237247,55.22858,No,Referral
E000792,U00161,2025-03-04T09:49:43,Germany,Berlin,Berlin,52.529157,13.39491,Yes,Organic
E000793,U00230,2025-08-03T21:43:22,UAE,Dubai,Dubai,25.205038,55.295688,No,Organic
E000794,U00218,2025-03-14T05:49:15,India,Hyderabad,Telangana,17.408017,78.483738,No,Direct
E000795,U00144,2025-12-25T12:04:11,Singapore,Singapore,Singapore,1.353212,103.836693,No,Email
E000796,U00197,2026-03-02T07:15:35,Singapore,Singapore,Singapore,1.369221,103.85565,No,Direct
E000797,U00069,2025-10-14T12:03:02,Germany,Berlin,Berlin,52.471582,13.392286,No,Referral
E000798,U00317,2025-02-22T15:52:21,Germany,Berlin,Berlin,52.507493,13.407675,No,Paid Search
E000799,U00093,2026-03-23T00:49:28,India,Pune,Maharashtra,18.539566,73.807061,No,Email
E000800,U00162,2025-08-05T02:45:35,Singapore,Singapore,Singapore,1.392927,103.855337,No,Direct
E000801,U00080,2025-02-22T02:33:40,India,Pune,Maharashtra,18.532714,73.848933,No,Social
E000802,U00199,2025-10-20T02:56:44,India,Mumbai,Maharashtra,19.047628,72.836524,Yes,Email
E000803,U00283,2026-04-04T20:57:06,India,Hyderabad,Telangana,17.380107,78.461064,No,Social
E000804,U00086,2025-07-22T20:11:30,UK,London,England,51.530523,-0.127566,No,Social
E000805,U00135,2025-08-08T01:20:43,India,Delhi,Delhi,28.564166,77.191731,Yes,Direct
E000806,U00259,2026-01-09T11:42:33,India,Delhi,Delhi,28.655532,77.181593,No,Social
E000807,U00359,2025-11-12T13:44:36,India,Mumbai,Maharashtra,19.079727,72.902472,No,Email
E000808,U00105,2025-10-12T15:28:30,UK,London,England,51.487445,-0.157221,Yes,Direct
E000809,U00192,2025-06-01T22:09:43,India,Pune,Maharashtra,18.471266,73.842234,No,Email
E000810,U00108,2026-04-29T02:56:04,UAE,Dubai,Dubai,25.208251,55.228653,No,Referral
E000811,U00251,2026-03-04T11:46:38,UAE,Dubai,Dubai,25.21857,55.290177,No,Social
E000812,U00296,2026-02-10T20:22:32,Germany,Berlin,Berlin,52.550673,13.360789,No,Direct
E000813,U00284,2025-10-19T08:31:19,India,Mumbai,Maharashtra,19.117667,72.924813,No,Referral
E000814,U00318,2025-05-19T02:42:10,India,Mumbai,Maharashtra,19.063679,72.862216,Yes,Paid Search
E000815,U00391,2026-03-21T05:43:42,India,Mumbai,Maharashtra,19.08476,72.858805,Yes,Direct
E000816,U00273,2025-02-20T12:15:33,India,Bengaluru,Karnataka,12.994834,77.643875,No,Email
E000817,U00419,2025-05-15T09:52:28,India,Pune,Maharashtra,18.496312,73.877058,No,Paid Search
E000818,U00295,2025-12-26T20:43:46,India,Mumbai,Maharashtra,19.094914,72.91533,No,Paid Search
E000819,U00053,2025-05-15T16:12:10,India,Bengaluru,Karnataka,13.005642,77.618151,Yes,Social
E000820,U00047,2025-03-09T16:42:22,India,Delhi,Delhi,28.611118,77.178319,No,Email
E000821,U00329,2025-10-04T19:00:11,India,Mumbai,Maharashtra,19.045664,72.836085,No,Organic
E000822,U00031,2025-08-27T16:42:28,India,Mumbai,Maharashtra,19.058073,72.831599,No,Email
E000823,U00052,2025-02-06T20:34:52,UK,London,England,51.510482,-0.110428,No,Direct
E000824,U00340,2025-09-01T00:10:19,Singapore,Singapore,Singapore,1.338156,103.824703,No,Email
E000825,U00167,2025-08-24T19:03:49,Singapore,Singapore,Singapore,1.325838,103.849822,Yes,Referral
E000826,U00209,2026-04-22T19:27:07,India,Delhi,Delhi,28.623664,77.168828,No,Referral
E000827,U00158,2026-06-16T14:48:37,India,Hyderabad,Telangana,17.369124,78.442208,Yes,Referral
E000828,U00356,2025-10-25T01:17:47,India,Mumbai,Maharashtra,19.028291,72.92487,No,Email
E000829,U00386,2026-06-30T12:11:41,Germany,Berlin,Berlin,52.479328,13.360887,No,Direct
E000830,U00410,2025-04-06T22:10:03,India,Delhi,Delhi,28.579904,77.184006,No,Paid Search
E000831,U00078,2026-06-18T14:52:14,Singapore,Singapore,Singapore,1.384523,103.862306,Yes,Email
E000832,U00333,2025-10-23T22:53:32,UAE,Dubai,Dubai,25.247587,55.261011,No,Referral
E000833,U00100,2026-05-06T10:39:21,Singapore,Singapore,Singapore,1.39756,103.772848,No,Referral
E000834,U00292,2025-06-28T22:51:56,India,Mumbai,Maharashtra,19.100576,72.828812,Yes,Direct
E000835,U00283,2026-05-03T05:40:07,UAE,Dubai,Dubai,25.204028,55.296806,No,Direct
E000836,U00331,2026-05-29T10:05:07,India,Pune,Maharashtra,18.48619,73.809751,No,Social
E000837,U00066,2025-07-17T08:33:19,USA,New York,New York,40.69676,-74.006665,No,Referral
E000838,U00180,2025-03-10T15:22:45,UK,London,England,51.551128,-0.163125,No,Paid Search
E000839,U00412,2026-05-15T01:25:43,India,Bengaluru,Karnataka,12.954718,77.644185,Yes,Paid Search
E000840,U00023,2025-08-12T17:22:57,USA,New York,New York,40.702743,-73.975399,No,Paid Search
E000841,U00184,2025-08-22T08:31:52,India,Delhi,Delhi,28.590115,77.200851,No,Social
E000842,U00311,2025-09-22T21:55:10,UK,London,England,51.552662,-0.137686,Yes,Referral
E000843,U00258,2026-03-30T22:26:47,India,Bengaluru,Karnataka,12.947318,77.552943,No,Email
E000844,U00019,2025-03-14T19:58:07,Singapore,Singapore,Singapore,1.398394,103.795759,No,Social
E000845,U00264,2026-03-11T01:58:48,UAE,Dubai,Dubai,25.197942,55.234254,No,Referral
E000846,U00178,2025-11-27T13:09:42,USA,New York,New York,40.70708,-73.967993,No,Referral
E000847,U00200,2026-05-27T20:41:08,Germany,Berlin,Berlin,52.552959,13.362407,No,Email
E000848,U00303,2025-01-18T21:18:43,India,Delhi,Delhi,28.652405,77.172805,No,Organic
E000849,U00144,2026-01-10T09:01:36,India,Pune,Maharashtra,18.526001,73.807612,No,Social
E000850,U00296,2026-04-23T23:51:46,UK,London,England,51.547455,-0.169636,Yes,Referral
E000851,U00370,2025-07-19T02:43:40,India,Bengaluru,Karnataka,12.942331,77.556725,No,Referral
E000852,U00374,2025-07-10T23:45:24,Germany,Berlin,Berlin,52.549764,13.43153,No,Direct
E000853,U00365,2025-04-05T18:54:06,Germany,Berlin,Berlin,52.498985,13.362342,No,Referral
E000854,U00226,2025-04-10T12:48:39,India,Bengaluru,Karnataka,13.017303,77.567936,No,Referral
E000855,U00210,2026-01-04T08:19:38,UAE,Dubai,Dubai,25.24307,55.316531,Yes,Organic
E000856,U00337,2025-11-02T21:46:09,Germany,Berlin,Berlin,52.503138,13.377106,No,Referral
E000857,U00207,2026-05-02T20:12:10,India,Hyderabad,Telangana,17.421453,78.512614,No,Email
E000858,U00304,2025-05-10T13:21:32,UAE,Dubai,Dubai,25.1928,55.286883,No,Direct
E000859,U00082,2026-02-13T04:43:20,USA,New York,New York,40.729155,-73.968736,No,Direct
E000860,U00057,2026-02-14T06:55:01,USA,New York,New York,40.752907,-73.979986,Yes,Paid Search
E000861,U00262,2026-02-04T10:06:50,UAE,Dubai,Dubai,25.175767,55.264479,No,Referral
E000862,U00249,2025-11-15T01:42:42,India,Hyderabad,Telangana,17.403151,78.51988,No,Referral
E000863,U00166,2026-03-05T11:45:48,India,Bengaluru,Karnataka,12.982681,77.584522,Yes,Social
E000864,U00244,2025-09-17T23:41:17,India,Hyderabad,Telangana,17.392453,78.519795,Yes,Paid Search
E000865,U00245,2025-09-08T09:32:48,UAE,Dubai,Dubai,25.218418,55.228916,No,Direct
E000866,U00258,2026-06-28T17:19:21,UAE,Dubai,Dubai,25.21477,55.236664,No,Social
E000867,U00045,2026-06-17T16:49:14,USA,New York,New York,40.733654,-73.959463,Yes,Direct
E000868,U00081,2025-11-29T20:36:30,India,Hyderabad,Telangana,17.432073,78.475277,No,Organic
E000869,U00218,2025-07-19T18:01:53,India,Mumbai,Maharashtra,19.104991,72.889582,No,Social
E000870,U00037,2025-10-06T05:09:13,Germany,Berlin,Berlin,52.510626,13.433713,No,Email
E000871,U00226,2026-02-16T04:30:55,India,Hyderabad,Telangana,17.423672,78.497838,No,Paid Search
E000872,U00106,2025-09-30T14:24:48,India,Bengaluru,Karnataka,13.012951,77.549582,No,Paid Search
E000873,U00099,2025-01-30T05:38:40,India,Bengaluru,Karnataka,13.005107,77.5842,Yes,Direct
E000874,U00080,2025-05-15T00:36:05,UAE,Dubai,Dubai,25.212361,55.286021,No,Paid Search
E000875,U00406,2025-06-16T23:15:57,India,Delhi,Delhi,28.616333,77.234932,No,Direct
E000876,U00284,2025-02-07T22:04:06,Germany,Berlin,Berlin,52.486739,13.393157,No,Referral
E000877,U00043,2026-05-08T06:17:55,India,Hyderabad,Telangana,17.378589,78.506116,No,Organic
E000878,U00154,2026-03-06T22:53:49,India,Hyderabad,Telangana,17.335811,78.457098,Yes,Social
E000879,U00407,2026-02-14T07:41:08,India,Pune,Maharashtra,18.514263,73.830901,No,Direct
E000880,U00134,2025-07-31T16:59:29,UK,London,England,51.467633,-0.143008,No,Organic
E000881,U00202,2025-02-01T18:29:07,UAE,Dubai,Dubai,25.179305,55.236224,No,Email
E000882,U00207,2026-05-07T15:49:37,UK,London,England,51.542779,-0.084461,No,Email
E000883,U00106,2025-11-03T20:58:08,India,Delhi,Delhi,28.568708,77.192276,No,Social
E000884,U00354,2025-04-29T23:03:12,Germany,Berlin,Berlin,52.527339,13.365709,No,Social
E000885,U00350,2025-04-30T06:38:17,Singapore,Singapore,Singapore,1.346545,103.832454,No,Social
E000886,U00183,2025-09-07T07:32:39,India,Bengaluru,Karnataka,12.938671,77.553149,No,Direct
E000887,U00345,2026-01-22T03:07:36,India,Pune,Maharashtra,18.526108,73.89279,No,Social
E000888,U00198,2025-05-22T16:03:07,USA,New York,New York,40.676676,-73.964581,No,Paid Search
E000889,U00263,2025-07-27T09:08:46,Germany,Berlin,Berlin,52.507078,13.402769,No,Email
E000890,U00012,2026-01-09T05:07:31,India,Bengaluru,Karnataka,12.966181,77.605551,No,Organic
E000891,U00311,2026-01-28T03:30:15,Germany,Berlin,Berlin,52.539697,13.448816,Yes,Email
E000892,U00347,2026-06-19T09:06:27,UAE,Dubai,Dubai,25.191833,55.236118,No,Organic
E000893,U00106,2026-06-07T02:25:26,India,Hyderabad,Telangana,17.395402,78.453221,Yes,Social
E000894,U00345,2025-07-09T22:30:12,Germany,Berlin,Berlin,52.52415,13.407001,No,Direct
E000895,U00226,2025-12-12T14:18:24,UAE,Dubai,Dubai,25.221096,55.268387,No,Email
E000896,U00010,2025-10-08T21:32:48,UAE,Dubai,Dubai,25.213035,55.22447,No,Direct
E000897,U00108,2026-05-12T01:14:37,Germany,Berlin,Berlin,52.496332,13.434379,No,Paid Search
E000898,U00053,2025-09-19T04:49:05,Singapore,Singapore,Singapore,1.355804,103.835524,No,Referral
E000899,U00299,2025-07-26T07:43:47,India,Delhi,Delhi,28.658975,77.231592,No,Organic
E000900,U00124,2025-08-20T19:39:48,UK,London,England,51.497692,-0.082654,No,Social
E000901,U00064,2025-02-09T13:50:11,India,Pune,Maharashtra,18.506394,73.853081,No,Organic
E000902,U00237,2025-12-20T07:05:45,India,Mumbai,Maharashtra,19.120975,72.892045,No,Social
E000903,U00037,2026-05-28T01:33:24,Germany,Berlin,Berlin,52.566094,13.379039,No,Referral
E000904,U00188,2025-12-30T17:42:54,UK,London,England,51.470549,-0.14236,No,Social
E000905,U00139,2026-05-19T10:32:12,Singapore,Singapore,Singapore,1.327556,103.792125,No,Direct
E000906,U00169,2026-05-19T20:40:07,UK,London,England,51.488102,-0.138249,No,Paid Search
E000907,U00075,2026-02-21T15:20:42,Germany,Berlin,Berlin,52.536519,13.370165,No,Social
E000908,U00346,2026-03-29T02:37:38,UAE,Dubai,Dubai,25.210069,55.304199,No,Social
E000909,U00250,2025-10-09T06:30:22,UK,London,England,51.531884,-0.147459,No,Organic
E000910,U00272,2025-07-23T21:11:40,Singapore,Singapore,Singapore,1.342345,103.785338,No,Organic
E000911,U00380,2026-05-24T21:49:59,India,Pune,Maharashtra,18.511454,73.830534,No,Direct
E000912,U00239,2025-03-21T00:58:51,India,Hyderabad,Telangana,17.379404,78.466758,No,Referral
E000913,U00374,2026-01-18T16:35:40,UK,London,England,51.52056,-0.167998,No,Email
E000914,U00179,2025-09-06T00:57:40,India,Pune,Maharashtra,18.567819,73.819149,No,Organic
E000915,U00146,2025-10-17T14:40:32,USA,New York,New York,40.734087,-74.006069,No,Email
E000916,U00312,2025-10-29T14:30:38,India,Bengaluru,Karnataka,12.933866,77.54714,Yes,Organic
E000917,U00338,2025-01-31T12:51:35,UK,London,England,51.491993,-0.10982,No,Email
E000918,U00405,2026-05-17T22:08:54,India,Bengaluru,Karnataka,13.015612,77.590601,No,Organic
E000919,U00092,2026-02-15T21:18:48,UK,London,England,51.5115,-0.107527,No,Direct
E000920,U00057,2025-10-11T15:10:24,India,Mumbai,Maharashtra,19.065787,72.898064,No,Paid Search
E000921,U00218,2025-12-12T18:33:47,USA,New York,New York,40.739865,-73.963665,No,Paid Search
E000922,U00250,2025-07-06T12:46:18,UAE,Dubai,Dubai,25.254621,55.299859,No,Direct
E000923,U00024,2026-01-15T20:32:54,UAE,Dubai,Dubai,25.225123,55.280235,Yes,Paid Search
E000924,U00399,2025-03-08T07:30:02,India,Delhi,Delhi,28.617298,77.18044,No,Paid Search
E000925,U00314,2025-01-06T16:06:25,UAE,Dubai,Dubai,25.236827,55.296128,Yes,Paid Search
E000926,U00159,2025-05-09T03:14:08,India,Bengaluru,Karnataka,12.98196,77.635678,No,Social
E000927,U00345,2025-06-24T18:36:04,Germany,Berlin,Berlin,52.492671,13.395519,No,Direct
E000928,U00033,2026-06-24T10:29:40,Germany,Berlin,Berlin,52.511405,13.431863,No,Organic
E000929,U00342,2025-01-09T13:07:38,India,Pune,Maharashtra,18.540759,73.892115,No,Email
E000930,U00224,2025-10-11T07:34:16,India,Pune,Maharashtra,18.550859,73.884118,No,Paid Search
E000931,U00176,2025-05-21T22:56:03,Singapore,Singapore,Singapore,1.384536,103.821167,No,Direct
E000932,U00415,2026-04-05T06:35:01,Singapore,Singapore,Singapore,1.325828,103.842746,No,Direct
E000933,U00391,2026-02-11T07:06:13,India,Mumbai,Maharashtra,19.040149,72.878358,No,Referral
E000934,U00066,2025-06-02T08:01:03,India,Mumbai,Maharashtra,19.034846,72.840326,No,Paid Search
E000935,U00166,2025-05-04T13:13:05,India,Mumbai,Maharashtra,19.052385,72.893467,No,Organic
E000936,U00280,2026-03-17T20:59:39,India,Mumbai,Maharashtra,19.084558,72.906672,No,Paid Search
E000937,U00202,2025-09-05T08:46:14,UAE,Dubai,Dubai,25.235801,55.307315,No,Social
E000938,U00110,2025-05-21T11:32:22,India,Hyderabad,Telangana,17.372754,78.47393,No,Social
E000939,U00267,2025-03-17T18:34:14,India,Hyderabad,Telangana,17.363641,78.444341,No,Direct
E000940,U00357,2025-09-24T02:41:31,USA,New York,New York,40.729373,-73.979549,Yes,Email
E000941,U00352,2025-09-20T15:09:07,UK,London,England,51.475958,-0.080963,Yes,Paid Search
E000942,U00052,2026-06-20T22:50:38,USA,New York,New York,40.745353,-73.991653,No,Email
E000943,U00275,2025-08-06T01:28:50,Singapore,Singapore,Singapore,1.353399,103.847832,No,Organic
E000944,U00015,2025-02-27T20:47:44,India,Hyderabad,Telangana,17.3732,78.450158,No,Referral
E000945,U00031,2025-03-17T16:31:25,India,Pune,Maharashtra,18.490233,73.839064,Yes,Email
E000946,U00006,2025-06-01T22:09:23,India,Delhi,Delhi,28.61807,77.250142,Yes,Email
E000947,U00248,2025-02-05T21:24:52,Singapore,Singapore,Singapore,1.394113,103.816671,No,Organic
E000948,U00056,2026-02-27T02:53:10,Singapore,Singapore,Singapore,1.36824,103.818117,Yes,Email
E000949,U00002,2026-01-11T07:10:52,Singapore,Singapore,Singapore,1.316538,103.83017,No,Email
E000950,U00049,2026-01-23T13:48:14,India,Mumbai,Maharashtra,19.089651,72.846254,Yes,Social
E000951,U00288,2025-02-08T07:29:54,USA,New York,New York,40.715155,-74.004385,No,Organic
E000952,U00023,2025-06-25T16:27:13,USA,New York,New York,40.701793,-73.99857,No,Direct
E000953,U00169,2025-11-08T03:49:52,India,Delhi,Delhi,28.602612,77.188737,No,Email
E000954,U00043,2025-11-08T16:21:53,UK,London,England,51.487051,-0.118718,Yes,Direct
E000955,U00402,2025-07-14T07:33:21,India,Pune,Maharashtra,18.531323,73.808743,No,Referral
E000956,U00385,2026-01-13T21:48:49,India,Bengaluru,Karnataka,13.018126,77.616532,No,Paid Search
E000957,U00059,2026-04-09T01:39:27,India,Hyderabad,Telangana,17.348069,78.518135,No,Organic
E000958,U00192,2026-03-10T22:03:04,India,Mumbai,Maharashtra,19.081231,72.901439,No,Paid Search
E000959,U00201,2025-12-27T19:46:52,Singapore,Singapore,Singapore,1.401447,103.78402,No,Email
E000960,U00127,2025-02-22T00:41:07,India,Hyderabad,Telangana,17.352515,78.532773,No,Direct
E000961,U00175,2025-05-14T11:55:54,Singapore,Singapore,Singapore,1.374963,103.847896,No,Organic
E000962,U00377,2025-01-20T11:35:53,India,Delhi,Delhi,28.581323,77.201344,No,Referral
E000963,U00006,2025-04-20T22:57:16,UK,London,England,51.493884,-0.149966,No,Referral
E000964,U00280,2025-06-29T06:14:42,India,Pune,Maharashtra,18.490299,73.906065,No,Social
E000965,U00043,2025-01-04T07:26:39,India,Pune,Maharashtra,18.538644,73.868856,No,Email
E000966,U00044,2026-01-08T20:11:01,India,Pune,Maharashtra,18.558939,73.839327,No,Social
E000967,U00362,2025-09-26T02:16:13,Singapore,Singapore,Singapore,1.359491,103.846949,Yes,Paid Search
E000968,U00392,2025-03-10T16:24:04,India,Mumbai,Maharashtra,19.056426,72.918435,Yes,Referral
E000969,U00189,2026-02-03T15:14:55,India,Pune,Maharashtra,18.48934,73.863836,No,Referral
E000970,U00113,2025-09-21T05:05:00,UK,London,England,51.513826,-0.176407,No,Referral
E000971,U00042,2026-01-13T10:26:14,UK,London,England,51.467197,-0.084705,No,Paid Search
E000972,U00030,2026-03-22T03:54:24,India,Bengaluru,Karnataka,12.95614,77.594632,No,Paid Search
E000973,U00003,2025-09-14T06:53:34,India,Hyderabad,Telangana,17.426008,78.506565,Yes,Email
E000974,U00325,2026-05-06T06:21:37,India,Hyderabad,Telangana,17.389087,78.459886,No,Social
E000975,U00133,2025-03-31T13:24:34,India,Pune,Maharashtra,18.494307,73.845218,No,Email
E000976,U00224,2025-02-17T02:25:49,Singapore,Singapore,Singapore,1.347851,103.856367,Yes,Social
E000977,U00336,2026-04-02T00:45:10,India,Pune,Maharashtra,18.501416,73.900874,No,Email
E000978,U00242,2025-07-03T13:35:21,India,Pune,Maharashtra,18.554676,73.870605,Yes,Paid Search
E000979,U00384,2025-12-17T10:46:05,India,Delhi,Delhi,28.59032,77.238125,No,Email
E000980,U00400,2025-01-01T06:00:28,India,Hyderabad,Telangana,17.434454,78.470729,No,Social
E000981,U00359,2025-12-07T19:37:19,USA,New York,New York,40.748679,-73.997335,No,Paid Search
E000982,U00199,2025-01-16T04:08:05,India,Mumbai,Maharashtra,19.08014,72.926783,No,Social
E000983,U00400,2026-03-30T08:30:43,India,Delhi,Delhi,28.612265,77.204501,No,Social
E000984,U00245,2025-11-18T05:15:10,Germany,Berlin,Berlin,52.541812,13.38489,No,Organic
E000985,U00295,2026-01-03T02:57:18,India,Mumbai,Maharashtra,19.031122,72.923036,No,Email
E000986,U00215,2025-09-23T04:32:21,UAE,Dubai,Dubai,25.183793,55.295118,No,Referral
E000987,U00199,2026-06-15T14:20:40,Germany,Berlin,Berlin,52.549025,13.37017,No,Social
E000988,U00349,2025-01-20T04:59:02,USA,New York,New York,40.696585,-73.961673,No,Referral
E000989,U00351,2025-10-23T07:55:06,India,Bengaluru,Karnataka,12.982486,77.570382,No,Social
E000990,U00371,2026-04-04T08:52:18,Singapore,Singapore,Singapore,1.303241,103.813187,No,Paid Search
E000991,U00210,2026-03-02T12:52:35,Singapore,Singapore,Singapore,1.308868,103.82174,No,Referral
E000992,U00225,2026-04-09T00:55:05,UK,London,England,51.545515,-0.088563,No,Organic
E000993,U00209,2025-04-23T02:13:41,India,Pune,Maharashtra,18.52735,73.896008,No,Email
E000994,U00414,2025-12-11T21:29:29,UK,London,England,51.516126,-0.089666,Yes,Organic
E000995,U00184,2025-04-06T16:39:53,India,Bengaluru,Karnataka,13.016235,77.620529,Yes,Referral
E000996,U00017,2025-11-13T00:32:37,Singapore,Singapore,Singapore,1.319339,103.835869,No,Direct
E000997,U00099,2026-06-16T14:20:36,India,Delhi,Delhi,28.592642,77.175396,No,Paid Search
E000998,U00302,2025-06-28T11:30:26,India,Bengaluru,Karnataka,13.000379,77.566168,No,Email
E000999,U00015,2025-10-21T11:33:27,India,Bengaluru,Karnataka,13.00035,77.62604,No,Social
E001000,U00314,2025-09-25T00:42:25,India,Pune,Maharashtra,18.538405,73.806931,No,Paid Search
E001001,U00166,2025-04-20T04:30:14,UAE,Dubai,Dubai,25.198565,55.308795,No,Organic
E001002,U00367,2025-02-07T17:13:36,India,Delhi,Delhi,28.614485,77.183244,Yes,Email
E001003,U00285,2025-09-19T05:40:41,India,Hyderabad,Telangana,17.360381,78.525278,No,Email
E001004,U00297,2026-05-06T16:41:43,UAE,Dubai,Dubai,25.179341,55.232445,No,Referral
E001005,U00160,2025-04-22T04:55:49,India,Bengaluru,Karnataka,12.947193,77.580811,No,Organic
E001006,U00390,2025-08-24T02:25:32,UAE,Dubai,Dubai,25.179558,55.265207,No,Social
E001007,U00218,2026-03-04T16:49:59,UAE,Dubai,Dubai,25.234871,55.268767,No,Email
E001008,U00022,2025-06-27T14:59:42,USA,New York,New York,40.702489,-73.988126,No,Paid Search
E001009,U00247,2025-01-27T13:12:39,India,Delhi,Delhi,28.576134,77.247771,No,Organic
E001010,U00287,2025-11-08T16:28:16,Germany,Berlin,Berlin,52.566884,13.445357,No,Paid Search
E001011,U00277,2026-01-02T14:15:28,Germany,Berlin,Berlin,52.547569,13.421183,No,Email
E001012,U00104,2026-06-28T10:45:12,India,Delhi,Delhi,28.655869,77.210939,Yes,Paid Search
E001013,U00089,2026-03-24T14:35:11,India,Hyderabad,Telangana,17.391738,78.51642,No,Email
E001014,U00219,2025-01-07T11:30:20,Germany,Berlin,Berlin,52.50923,13.385042,Yes,Paid Search
E001015,U00003,2025-01-16T01:23:01,USA,New York,New York,40.718471,-74.055337,No,Direct
E001016,U00174,2026-06-16T21:07:35,India,Bengaluru,Karnataka,12.93948,77.593367,Yes,Organic
E001017,U00336,2025-01-03T19:36:07,India,Delhi,Delhi,28.632011,77.232062,Yes,Email
E001018,U00035,2025-11-06T09:45:38,UAE,Dubai,Dubai,25.184556,55.315512,No,Email
E001019,U00035,2025-02-13T03:35:41,Germany,Berlin,Berlin,52.483749,13.441489,No,Social
E001020,U00164,2026-05-21T01:14:21,Singapore,Singapore,Singapore,1.343605,103.857245,No,Organic
E001021,U00293,2025-12-14T10:35:01,UAE,Dubai,Dubai,25.171912,55.288895,No,Paid Search
E001022,U00029,2026-01-09T19:44:11,India,Bengaluru,Karnataka,12.944581,77.616731,No,Social
E001023,U00413,2025-05-27T12:29:29,India,Hyderabad,Telangana,17.408494,78.5299,Yes,Referral
E001024,U00122,2026-06-20T00:03:35,UAE,Dubai,Dubai,25.205569,55.270141,No,Email
E001025,U00026,2025-03-10T07:01:55,USA,New York,New York,40.733522,-74.054953,No,Social
E001026,U00069,2025-11-08T17:26:38,UK,London,England,51.554982,-0.162247,No,Social
E001027,U00318,2026-05-08T15:36:32,USA,New York,New York,40.697024,-73.985631,No,Organic
E001028,U00222,2026-01-21T12:39:41,UAE,Dubai,Dubai,25.159228,55.231486,No,Email
E001029,U00038,2026-03-20T20:44:09,India,Delhi,Delhi,28.566671,77.171913,Yes,Organic
E001030,U00181,2025-04-09T02:55:19,USA,New York,New York,40.678274,-73.983618,Yes,Direct
E001031,U00002,2025-07-28T16:02:44,India,Delhi,Delhi,28.660853,77.203996,No,Paid Search
E001032,U00304,2025-03-22T02:40:50,UK,London,England,51.515749,-0.127048,No,Direct
E001033,U00040,2025-11-30T11:46:54,UAE,Dubai,Dubai,25.246249,55.301855,No,Referral
E001034,U00010,2025-12-29T10:54:11,UK,London,England,51.465528,-0.117446,No,Email
E001035,U00406,2025-08-29T14:35:13,India,Hyderabad,Telangana,17.404599,78.44777,No,Social
E001036,U00299,2025-11-17T01:04:59,USA,New York,New York,40.74387,-73.973327,Yes,Paid Search
E001037,U00280,2025-07-04T15:41:39,UAE,Dubai,Dubai,25.214929,55.272513,No,Paid Search
E001038,U00406,2025-12-31T22:12:27,India,Hyderabad,Telangana,17.400314,78.531947,No,Paid Search
E001039,U00088,2025-07-20T07:17:13,Singapore,Singapore,Singapore,1.372928,103.815909,No,Direct
E001040,U00156,2026-04-29T14:46:27,India,Hyderabad,Telangana,17.354755,78.525034,No,Referral
E001041,U00193,2025-10-09T02:21:50,UK,London,England,51.473679,-0.080151,No,Social
E001042,U00115,2026-02-07T18:03:03,Singapore,Singapore,Singapore,1.377368,103.854941,No,Direct
E001043,U00293,2025-02-06T09:49:04,India,Bengaluru,Karnataka,13.005092,77.605938,No,Paid Search
E001044,U00329,2025-08-19T13:17:34,India,Hyderabad,Telangana,17.42781,78.501427,Yes,Email
E001045,U00321,2025-01-24T17:53:17,Germany,Berlin,Berlin,52.556414,13.451101,No,Referral
E001046,U00358,2025-10-03T05:18:50,India,Hyderabad,Telangana,17.335948,78.443282,No,Email
E001047,U00208,2025-10-24T15:56:00,Singapore,Singapore,Singapore,1.314844,103.857698,No,Direct
E001048,U00079,2025-01-26T16:09:06,India,Delhi,Delhi,28.576489,77.18517,Yes,Referral
E001049,U00368,2025-07-28T11:53:57,India,Pune,Maharashtra,18.475705,73.882747,No,Direct
E001050,U00076,2025-12-29T13:03:19,India,Bengaluru,Karnataka,13.012837,77.612477,Yes,Direct
E001051,U00094,2025-11-04T14:00:41,India,Mumbai,Maharashtra,19.101214,72.846135,No,Organic
E001052,U00216,2026-03-20T22:59:02,India,Hyderabad,Telangana,17.384134,78.523328,No,Organic
E001053,U00065,2026-04-20T02:14:28,India,Bengaluru,Karnataka,12.985013,77.59677,No,Paid Search
E001054,U00140,2025-12-15T06:19:04,UAE,Dubai,Dubai,25.215882,55.319305,No,Paid Search
E001055,U00407,2026-05-18T20:03:04,India,Delhi,Delhi,28.621421,77.222737,No,Referral
E001056,U00247,2026-01-06T05:42:13,Singapore,Singapore,Singapore,1.370539,103.860959,No,Organic
E001057,U00405,2025-05-12T02:51:36,UAE,Dubai,Dubai,25.17972,55.280313,Yes,Paid Search
E001058,U00207,2025-09-10T00:08:06,India,Hyderabad,Telangana,17.381497,78.514637,Yes,Direct
E001059,U00295,2025-01-30T11:10:14,India,Pune,Maharashtra,18.484725,73.862977,No,Direct
E001060,U00209,2025-02-22T11:17:30,India,Bengaluru,Karnataka,12.964832,77.628843,No,Direct
E001061,U00251,2025-07-13T17:31:02,India,Hyderabad,Telangana,17.365111,78.481861,No,Direct
E001062,U00027,2025-08-09T16:45:25,UAE,Dubai,Dubai,25.18661,55.286666,Yes,Paid Search
E001063,U00074,2025-02-17T12:12:04,India,Mumbai,Maharashtra,19.066055,72.876971,No,Email
E001064,U00293,2025-06-24T11:28:42,UAE,Dubai,Dubai,25.235942,55.247564,No,Social
E001065,U00010,2025-08-04T06:56:47,India,Pune,Maharashtra,18.538791,73.846725,No,Paid Search
E001066,U00353,2025-09-27T08:04:04,Germany,Berlin,Berlin,52.556513,13.434118,Yes,Email
E001067,U00102,2025-07-12T17:17:29,USA,New York,New York,40.732191,-74.022563,No,Referral
E001068,U00247,2025-06-30T13:03:36,India,Mumbai,Maharashtra,19.115194,72.852327,No,Paid Search
E001069,U00217,2025-08-29T23:02:05,India,Pune,Maharashtra,18.475447,73.905276,Yes,Paid Search
E001070,U00130,2025-01-17T19:22:35,India,Delhi,Delhi,28.593212,77.206565,No,Referral
E001071,U00081,2025-02-12T16:37:00,UAE,Dubai,Dubai,25.173888,55.302693,Yes,Social
E001072,U00025,2025-04-08T11:44:28,India,Bengaluru,Karnataka,12.95402,77.551862,Yes,Paid Search
E001073,U00363,2025-03-11T17:30:59,UAE,Dubai,Dubai,25.164384,55.223634,No,Social
E001074,U00412,2026-04-02T12:36:52,UAE,Dubai,Dubai,25.208232,55.270666,No,Social
E001075,U00332,2026-06-18T16:02:37,India,Bengaluru,Karnataka,12.948938,77.559831,No,Social
E001076,U00318,2025-05-02T09:04:24,Singapore,Singapore,Singapore,1.332655,103.77767,No,Social
E001077,U00411,2025-01-28T15:30:27,India,Mumbai,Maharashtra,19.03916,72.850957,No,Referral
E001078,U00376,2025-09-26T04:06:01,India,Mumbai,Maharashtra,19.084638,72.912148,No,Social
E001079,U00131,2025-02-23T02:43:34,India,Pune,Maharashtra,18.543323,73.837706,No,Email
E001080,U00388,2025-09-01T22:29:00,India,Mumbai,Maharashtra,19.059318,72.877421,No,Organic
E001081,U00264,2026-05-06T17:40:22,Singapore,Singapore,Singapore,1.345324,103.792861,No,Social
E001082,U00221,2025-04-04T11:00:47,Singapore,Singapore,Singapore,1.326703,103.85379,No,Paid Search
E001083,U00337,2025-10-11T06:12:01,India,Mumbai,Maharashtra,19.093135,72.914961,No,Direct
E001084,U00399,2025-01-01T14:27:47,Singapore,Singapore,Singapore,1.325845,103.782942,No,Organic
E001085,U00161,2026-04-17T13:24:50,UAE,Dubai,Dubai,25.158954,55.236184,No,Email
E001086,U00216,2026-04-08T15:39:15,USA,New York,New York,40.743668,-73.989236,No,Organic
E001087,U00217,2025-01-19T14:59:42,India,Hyderabad,Telangana,17.353985,78.458277,No,Referral
E001088,U00056,2025-02-04T06:40:03,India,Bengaluru,Karnataka,12.996116,77.603886,Yes,Social
E001089,U00376,2025-06-18T04:46:00,Singapore,Singapore,Singapore,1.375373,103.854758,No,Email
E001090,U00276,2026-04-07T07:02:20,USA,New York,New York,40.715245,-74.000273,Yes,Social
E001091,U00125,2026-03-07T23:23:18,Singapore,Singapore,Singapore,1.367744,103.808387,No,Email
E001092,U00181,2025-03-10T19:31:48,USA,New York,New York,40.710113,-74.002434,No,Direct
E001093,U00024,2025-09-30T06:07:01,UAE,Dubai,Dubai,25.24806,55.313896,No,Direct
E001094,U00389,2026-03-09T11:35:06,Germany,Berlin,Berlin,52.508181,13.454326,No,Paid Search
E001095,U00007,2026-01-08T04:19:40,Singapore,Singapore,Singapore,1.349963,103.822201,No,Direct
E001096,U00327,2026-03-07T06:51:23,UK,London,England,51.472859,-0.177422,Yes,Direct
E001097,U00235,2025-06-13T17:11:34,India,Hyderabad,Telangana,17.379743,78.499927,No,Social
E001098,U00371,2025-01-23T08:27:59,India,Bengaluru,Karnataka,12.968211,77.566928,No,Paid Search
E001099,U00267,2026-04-10T19:15:53,India,Bengaluru,Karnataka,12.998465,77.604966,No,Referral
E001100,U00146,2026-04-17T21:49:48,UAE,Dubai,Dubai,25.165124,55.24633,No,Email
E001101,U00247,2025-07-24T14:47:35,UK,London,England,51.54637,-0.151579,No,Email
E001102,U00231,2025-10-17T09:17:14,Singapore,Singapore,Singapore,1.354786,103.842122,Yes,Referral
E001103,U00044,2025-11-27T02:19:26,UAE,Dubai,Dubai,25.231086,55.310122,No,Email
E001104,U00188,2025-11-09T09:00:18,India,Bengaluru,Karnataka,12.956709,77.605362,Yes,Social
E001105,U00025,2026-05-02T02:04:14,India,Pune,Maharashtra,18.563013,73.81564,No,Paid Search
E001106,U00017,2025-04-15T15:02:26,Germany,Berlin,Berlin,52.5632,13.356626,No,Social
E001107,U00123,2025-12-31T20:19:01,Singapore,Singapore,Singapore,1.335228,103.848901,No,Email
E001108,U00194,2026-01-20T13:52:28,India,Pune,Maharashtra,18.472243,73.826706,No,Email
E001109,U00213,2025-03-25T16:15:17,India,Mumbai,Maharashtra,19.08519,72.843789,No,Referral
E001110,U00053,2025-04-22T12:28:30,UK,London,England,51.52453,-0.176338,No,Organic
E001111,U00149,2025-09-19T18:25:10,India,Delhi,Delhi,28.659294,77.25453,No,Direct
E001112,U00017,2026-01-30T00:23:59,India,Bengaluru,Karnataka,13.021279,77.574179,No,Direct
E001113,U00282,2025-06-12T03:57:25,India,Bengaluru,Karnataka,12.988181,77.603215,No,Email
E001114,U00262,2026-01-07T12:21:05,Singapore,Singapore,Singapore,1.36521,103.79349,Yes,Email
E001115,U00409,2025-08-08T02:41:46,India,Mumbai,Maharashtra,19.065173,72.829019,Yes,Paid Search
E001116,U00150,2025-06-23T12:30:29,India,Bengaluru,Karnataka,12.92435,77.602626,No,Referral
E001117,U00010,2026-01-17T22:17:56,India,Hyderabad,Telangana,17.396846,78.459303,No,Direct
E001118,U00290,2026-05-16T01:38:14,India,Hyderabad,Telangana,17.345636,78.535859,No,Social
E001119,U00318,2026-01-21T16:00:15,Singapore,Singapore,Singapore,1.377559,103.78506,No,Social
E001120,U00081,2025-04-23T20:04:07,India,Mumbai,Maharashtra,19.078187,72.907545,No,Email
E001121,U00085,2025-04-09T22:48:37,UAE,Dubai,Dubai,25.217984,55.226369,Yes,Paid Search
E001122,U00191,2025-10-24T21:30:02,India,Pune,Maharashtra,18.560064,73.835397,No,Email
E001123,U00189,2026-02-07T20:28:08,India,Mumbai,Maharashtra,19.044445,72.835581,No,Organic
E001124,U00323,2025-05-09T22:29:50,India,Hyderabad,Telangana,17.345229,78.488358,No,Referral
E001125,U00221,2025-02-03T17:51:52,India,Bengaluru,Karnataka,12.955281,77.585882,No,Organic
E001126,U00270,2026-03-06T18:43:49,India,Delhi,Delhi,28.585651,77.171709,No,Social
E001127,U00286,2025-10-24T09:51:48,UK,London,England,51.520689,-0.174235,No,Email
E001128,U00314,2025-09-08T20:23:36,India,Mumbai,Maharashtra,19.058639,72.875064,No,Social
E001129,U00082,2025-07-21T13:50:00,India,Hyderabad,Telangana,17.365293,78.438181,No,Paid Search
E001130,U00098,2025-02-24T18:09:06,India,Hyderabad,Telangana,17.388669,78.520339,Yes,Email
E001131,U00022,2025-06-25T19:43:34,India,Pune,Maharashtra,18.516602,73.83672,No,Organic
E001132,U00348,2025-10-23T15:48:04,USA,New York,New York,40.665957,-74.04075,No,Organic
E001133,U00128,2026-06-05T01:03:31,India,Hyderabad,Telangana,17.413799,78.497128,No,Organic
E001134,U00401,2025-03-13T20:36:08,Singapore,Singapore,Singapore,1.310627,103.796169,No,Referral
E001135,U00412,2026-04-24T04:20:06,India,Mumbai,Maharashtra,19.109082,72.909158,Yes,Social
E001136,U00074,2025-08-24T22:45:14,Singapore,Singapore,Singapore,1.397741,103.837454,No,Email
E001137,U00149,2025-02-19T05:41:06,USA,New York,New York,40.718021,-73.978294,No,Paid Search
E001138,U00387,2025-02-24T04:25:49,India,Hyderabad,Telangana,17.342849,78.446024,No,Organic
E001139,U00176,2025-03-08T17:44:12,USA,New York,New York,40.726149,-74.024795,No,Paid Search
E001140,U00301,2026-06-04T06:03:00,India,Delhi,Delhi,28.595386,77.170584,Yes,Social
E001141,U00001,2026-03-21T16:37:57,UK,London,England,51.461055,-0.141484,No,Organic
E001142,U00419,2026-01-26T22:43:28,Singapore,Singapore,Singapore,1.347424,103.799391,No,Paid Search
E001143,U00415,2025-10-02T17:12:42,India,Mumbai,Maharashtra,19.028178,72.838157,No,Email
E001144,U00392,2025-04-29T10:10:32,India,Hyderabad,Telangana,17.36647,78.449214,No,Direct
E001145,U00233,2025-07-27T22:49:52,UK,London,England,51.517164,-0.098544,Yes,Paid Search
E001146,U00298,2026-04-22T11:17:31,UK,London,England,51.483752,-0.115776,No,Referral
E001147,U00127,2026-04-18T14:29:25,UK,London,England,51.457571,-0.083343,Yes,Paid Search
E001148,U00148,2025-03-11T02:21:50,Singapore,Singapore,Singapore,1.376879,103.869688,Yes,Direct
E001149,U00198,2025-01-14T03:26:14,Singapore,Singapore,Singapore,1.398447,103.776881,Yes,Email
E001150,U00360,2026-05-17T16:31:08,UK,London,England,51.492259,-0.08357,No,Social
E001151,U00045,2026-06-17T09:37:21,UK,London,England,51.549746,-0.137942,No,Organic
E001152,U00330,2025-09-16T02:17:01,India,Bengaluru,Karnataka,13.021245,77.604856,No,Organic
E001153,U00199,2025-08-13T04:16:28,India,Delhi,Delhi,28.596112,77.198616,Yes,Social
E001154,U00238,2026-04-11T14:30:14,UK,London,England,51.486259,-0.125495,No,Referral
E001155,U00418,2026-02-07T23:36:21,Singapore,Singapore,Singapore,1.37959,103.833415,No,Referral
E001156,U00333,2025-07-11T10:16:47,India,Hyderabad,Telangana,17.386676,78.48343,No,Organic
E001157,U00234,2025-12-30T22:07:52,India,Bengaluru,Karnataka,13.020423,77.636735,Yes,Organic
E001158,U00114,2026-05-23T20:30:02,UK,London,England,51.505829,-0.082024,No,Referral
E001159,U00418,2025-01-29T17:12:46,India,Hyderabad,Telangana,17.394552,78.517594,No,Organic
E001160,U00055,2026-03-22T15:11:04,India,Mumbai,Maharashtra,19.119158,72.835088,No,Email
E001161,U00013,2025-05-13T05:09:11,India,Bengaluru,Karnataka,13.02087,77.572403,No,Social
E001162,U00415,2025-10-05T00:51:15,India,Hyderabad,Telangana,17.364372,78.531181,No,Referral
E001163,U00120,2026-06-01T23:22:21,Singapore,Singapore,Singapore,1.346874,103.792545,No,Social
E001164,U00176,2025-10-18T12:20:33,Germany,Berlin,Berlin,52.543041,13.453493,No,Paid Search
E001165,U00349,2025-01-21T14:15:04,Germany,Berlin,Berlin,52.568564,13.403004,No,Direct
E001166,U00388,2025-02-13T00:45:13,India,Pune,Maharashtra,18.506419,73.897387,No,Direct
E001167,U00207,2025-09-28T06:53:06,Germany,Berlin,Berlin,52.528361,13.393473,Yes,Email
E001168,U00332,2025-12-21T11:12:16,India,Mumbai,Maharashtra,19.121724,72.889042,Yes,Email
E001169,U00391,2025-11-29T02:31:05,India,Pune,Maharashtra,18.566553,73.893605,No,Paid Search
E001170,U00078,2025-06-02T07:07:25,India,Hyderabad,Telangana,17.385657,78.508466,No,Referral
E001171,U00169,2026-05-29T14:40:05,UAE,Dubai,Dubai,25.23938,55.258412,Yes,Referral
E001172,U00199,2026-03-06T20:16:30,India,Delhi,Delhi,28.650476,77.224885,No,Organic
E001173,U00124,2025-08-01T10:01:43,India,Hyderabad,Telangana,17.40513,78.535803,No,Organic
E001174,U00018,2025-12-01T07:37:50,UK,London,England,51.548941,-0.138548,Yes,Social
E001175,U00118,2025-09-06T02:36:24,USA,New York,New York,40.726908,-74.008231,No,Paid Search
E001176,U00070,2025-09-21T07:26:24,India,Mumbai,Maharashtra,19.114084,72.839844,Yes,Direct
E001177,U00190,2025-07-24T06:10:51,Germany,Berlin,Berlin,52.525729,13.373798,No,Email
E001178,U00306,2025-12-14T20:43:24,India,Pune,Maharashtra,18.552361,73.860211,Yes,Social
E001179,U00119,2026-04-11T11:45:27,UAE,Dubai,Dubai,25.190862,55.22129,No,Social
E001180,U00051,2026-02-25T05:05:26,India,Delhi,Delhi,28.611444,77.242993,No,Email
E001181,U00065,2026-04-15T09:39:12,Germany,Berlin,Berlin,52.566488,13.391212,No,Direct
E001182,U00089,2025-10-30T11:30:14,India,Bengaluru,Karnataka,12.954527,77.606714,No,Organic
E001183,U00408,2025-03-28T06:47:30,India,Bengaluru,Karnataka,12.988281,77.622977,No,Direct
E001184,U00038,2025-11-19T13:20:45,India,Bengaluru,Karnataka,12.929916,77.57727,Yes,Referral
E001185,U00130,2026-04-30T06:37:57,UK,London,England,51.476453,-0.151808,No,Organic
E001186,U00001,2025-02-06T09:53:01,India,Delhi,Delhi,28.658656,77.244542,No,Referral
E001187,U00272,2025-08-24T07:29:46,USA,New York,New York,40.676793,-73.979622,No,Email
E001188,U00352,2026-03-12T11:52:30,Germany,Berlin,Berlin,52.532449,13.431416,No,Email
E001189,U00038,2025-02-17T15:51:28,India,Delhi,Delhi,28.583564,77.252217,No,Social
E001190,U00239,2026-05-03T20:34:38,USA,New York,New York,40.675287,-73.988373,Yes,Email
E001191,U00036,2026-04-16T14:57:05,UAE,Dubai,Dubai,25.251743,55.293264,Yes,Organic
E001192,U00011,2025-11-15T23:16:13,USA,New York,New York,40.717495,-73.968121,Yes,Organic
E001193,U00148,2025-04-05T10:07:18,USA,New York,New York,40.735524,-74.016236,No,Organic
E001194,U00212,2025-07-23T08:16:35,India,Pune,Maharashtra,18.553247,73.822254,No,Direct
E001195,U00097,2025-09-04T02:46:33,Singapore,Singapore,Singapore,1.362855,103.812156,No,Referral
E001196,U00223,2025-08-01T18:08:48,Germany,Berlin,Berlin,52.476612,13.439762,Yes,Paid Search
E001197,U00035,2026-03-20T22:44:49,India,Delhi,Delhi,28.586433,77.216741,No,Direct
E001198,U00274,2025-04-26T21:00:34,India,Delhi,Delhi,28.661651,77.172991,No,Direct
E001199,U00090,2025-10-23T13:40:24,Singapore,Singapore,Singapore,1.382604,103.860951,No,Paid Search
E001200,U00320,2026-03-17T22:08:40,UK,London,England,51.515517,-0.117099,No,Paid Search
E001201,U00213,2025-07-19T19:43:48,India,Delhi,Delhi,28.595202,77.2497,No,Direct
E001202,U00411,2026-05-05T04:12:25,USA,New York,New York,40.690642,-73.959857,No,Direct
E001203,U00060,2025-02-27T18:38:47,USA,New York,New York,40.706301,-74.044703,No,Paid Search
E001204,U00310,2026-02-08T16:36:16,India,Pune,Maharashtra,18.475033,73.83245,Yes,Referral
E001205,U00163,2026-06-30T15:11:09,UK,London,England,51.50509,-0.093509,No,Direct
E001206,U00358,2025-05-10T15:13:52,India,Bengaluru,Karnataka,12.998692,77.635585,No,Referral
E001207,U00183,2026-03-25T06:25:57,UK,London,England,51.550107,-0.172387,Yes,Paid Search
E001208,U00200,2025-07-02T19:48:42,India,Bengaluru,Karnataka,12.992924,77.571245,No,Organic
E001209,U00204,2025-11-04T00:21:46,Singapore,Singapore,Singapore,1.319958,103.842248,No,Paid Search
E001210,U00038,2026-02-20T16:36:58,India,Delhi,Delhi,28.582926,77.209872,No,Paid Search
E001211,U00302,2026-03-18T00:04:21,Germany,Berlin,Berlin,52.501947,13.420789,No,Email
E001212,U00408,2026-03-20T16:52:30,India,Pune,Maharashtra,18.542548,73.903717,Yes,Social
E001213,U00178,2025-02-22T09:19:20,UK,London,England,51.542471,-0.146015,No,Direct
E001214,U00350,2025-03-08T06:49:23,India,Delhi,Delhi,28.589386,77.204144,Yes,Email
E001215,U00234,2025-01-10T04:53:23,India,Pune,Maharashtra,18.569164,73.903018,Yes,Referral
E001216,U00335,2025-12-26T15:15:06,Singapore,Singapore,Singapore,1.316942,103.805315,No,Organic
E001217,U00150,2025-05-05T13:28:15,India,Mumbai,Maharashtra,19.042031,72.922507,Yes,Organic
E001218,U00128,2025-01-25T21:53:27,India,Bengaluru,Karnataka,12.975904,77.580749,No,Referral
E001219,U00130,2026-05-11T03:44:46,India,Delhi,Delhi,28.621704,77.175613,No,Referral
E001220,U00088,2025-03-27T22:18:12,UK,London,England,51.479517,-0.086689,Yes,Email
E001221,U00326,2025-12-09T19:51:32,USA,New York,New York,40.715276,-74.047678,Yes,Email
E001222,U00179,2025-04-27T00:00:33,UAE,Dubai,Dubai,25.23105,55.249861,Yes,Email
E001223,U00012,2026-03-04T12:26:43,India,Delhi,Delhi,28.564558,77.220718,No,Referral
E001224,U00224,2026-06-14T15:08:04,UK,London,England,51.482538,-0.110258,No,Email
E001225,U00108,2026-05-04T17:42:33,Germany,Berlin,Berlin,52.539819,13.431203,No,Organic
E001226,U00181,2025-09-15T21:14:38,India,Delhi,Delhi,28.626371,77.232066,Yes,Direct
E001227,U00042,2025-01-26T03:15:15,India,Bengaluru,Karnataka,12.923432,77.580943,No,Referral
E001228,U00364,2025-04-11T02:49:55,India,Hyderabad,Telangana,17.403864,78.513558,Yes,Paid Search
E001229,U00215,2025-01-09T08:07:16,India,Pune,Maharashtra,18.539408,73.807986,No,Paid Search
E001230,U00382,2026-05-24T03:03:18,India,Delhi,Delhi,28.587963,77.162829,No,Organic
E001231,U00420,2026-05-12T21:42:36,India,Pune,Maharashtra,18.537367,73.87498,No,Email
E001232,U00223,2026-03-22T03:52:10,UAE,Dubai,Dubai,25.235488,55.278232,Yes,Referral
E001233,U00213,2025-11-04T21:20:37,India,Bengaluru,Karnataka,13.008047,77.555786,Yes,Email
E001234,U00242,2026-06-10T02:41:45,Singapore,Singapore,Singapore,1.363322,103.853415,No,Paid Search
E001235,U00143,2025-07-16T07:03:36,India,Pune,Maharashtra,18.556213,73.832124,Yes,Organic
E001236,U00298,2025-12-27T15:19:27,Singapore,Singapore,Singapore,1.312059,103.808896,Yes,Direct
E001237,U00170,2026-03-05T23:58:23,USA,New York,New York,40.691539,-73.977122,Yes,Social
E001238,U00298,2025-11-17T16:31:55,India,Mumbai,Maharashtra,19.07498,72.857632,No,Paid Search
E001239,U00050,2025-04-03T10:36:20,USA,New York,New York,40.663159,-74.043041,No,Social
E001240,U00209,2026-04-23T21:32:09,India,Bengaluru,Karnataka,12.98702,77.641032,No,Direct
E001241,U00100,2025-04-05T21:23:45,Singapore,Singapore,Singapore,1.311972,103.841684,No,Paid Search
E001242,U00357,2025-05-07T07:55:00,UAE,Dubai,Dubai,25.192048,55.290613,Yes,Referral
E001243,U00099,2025-12-21T04:59:54,India,Bengaluru,Karnataka,12.954038,77.628345,No,Direct
E001244,U00379,2025-02-14T11:30:53,India,Hyderabad,Telangana,17.358501,78.528823,No,Direct
E001245,U00175,2026-06-10T08:18:17,India,Hyderabad,Telangana,17.384694,78.477159,Yes,Social
E001246,U00169,2025-05-04T14:54:29,India,Bengaluru,Karnataka,12.998759,77.553294,No,Social
E001247,U00238,2025-12-12T21:23:32,USA,New York,New York,40.731382,-73.972518,No,Referral
E001248,U00043,2025-12-12T18:03:07,USA,New York,New York,40.680517,-74.051962,No,Referral
E001249,U00184,2026-02-19T11:53:47,India,Bengaluru,Karnataka,13.018537,77.546587,No,Referral
E001250,U00061,2026-02-27T04:51:10,India,Bengaluru,Karnataka,12.99227,77.603901,No,Social
E001251,U00113,2025-10-13T19:34:23,India,Delhi,Delhi,28.581709,77.258165,No,Social
E001252,U00093,2025-02-05T02:30:23,India,Hyderabad,Telangana,17.401075,78.473147,No,Social
E001253,U00254,2026-04-11T17:03:45,Germany,Berlin,Berlin,52.510677,13.387118,No,Organic
E001254,U00304,2026-03-02T20:09:27,India,Mumbai,Maharashtra,19.094062,72.906225,Yes,Direct
E001255,U00074,2025-12-10T10:18:32,India,Hyderabad,Telangana,17.41086,78.483474,No,Social
E001256,U00282,2026-03-19T17:19:45,India,Mumbai,Maharashtra,19.034776,72.866605,No,Social
E001257,U00020,2025-03-26T16:27:41,USA,New York,New York,40.719844,-73.964844,No,Direct
E001258,U00104,2025-10-22T07:30:00,India,Delhi,Delhi,28.582053,77.236659,No,Referral
E001259,U00101,2025-07-31T11:56:21,Singapore,Singapore,Singapore,1.308179,103.861341,No,Direct
E001260,U00296,2026-02-05T22:56:45,India,Mumbai,Maharashtra,19.03899,72.878459,No,Direct
E001261,U00254,2025-08-07T01:48:24,India,Pune,Maharashtra,18.471103,73.905539,No,Organic
E001262,U00293,2026-04-15T08:55:48,India,Mumbai,Maharashtra,19.10077,72.900752,No,Email
E001263,U00065,2025-12-29T08:58:44,Germany,Berlin,Berlin,52.558386,13.439564,Yes,Social
E001264,U00113,2025-06-14T01:52:02,Singapore,Singapore,Singapore,1.395604,103.861037,No,Email
E001265,U00075,2026-02-03T17:47:55,USA,New York,New York,40.750993,-73.988337,No,Direct
E001266,U00263,2026-05-22T09:26:10,USA,New York,New York,40.748878,-74.00479,Yes,Social
E001267,U00357,2025-07-08T12:29:35,India,Pune,Maharashtra,18.567315,73.853441,Yes,Referral
E001268,U00255,2026-04-02T05:39:34,India,Bengaluru,Karnataka,12.986105,77.591626,No,Referral
E001269,U00335,2025-08-19T20:00:09,Germany,Berlin,Berlin,52.554965,13.449264,No,Social
E001270,U00130,2025-08-29T13:21:15,UK,London,England,51.525599,-0.113343,No,Organic
E001271,U00088,2025-11-27T22:01:17,UK,London,England,51.497499,-0.087037,Yes,Direct
E001272,U00394,2025-12-18T00:29:05,UAE,Dubai,Dubai,25.183281,55.244026,No,Referral
E001273,U00410,2025-07-21T06:15:50,India,Mumbai,Maharashtra,19.094937,72.830799,Yes,Referral
E001274,U00169,2026-05-02T18:03:44,USA,New York,New York,40.68373,-73.994878,No,Referral
E001275,U00401,2026-03-21T12:28:35,India,Bengaluru,Karnataka,12.967806,77.605197,No,Social
E001276,U00388,2025-06-23T04:25:51,USA,New York,New York,40.748307,-74.010956,No,Email
E001277,U00283,2025-02-25T22:59:08,UAE,Dubai,Dubai,25.196464,55.319422,No,Referral
E001278,U00157,2026-06-10T23:44:45,India,Hyderabad,Telangana,17.4346,78.458508,Yes,Direct
E001279,U00344,2025-03-18T00:16:26,India,Pune,Maharashtra,18.476079,73.850986,No,Email
E001280,U00352,2026-05-10T15:12:11,UK,London,England,51.55293,-0.168208,No,Social
E001281,U00261,2026-02-20T05:41:38,India,Bengaluru,Karnataka,12.985792,77.544861,Yes,Referral
E001282,U00365,2026-01-25T04:14:11,India,Delhi,Delhi,28.578761,77.178737,No,Organic
E001283,U00301,2026-04-15T03:39:05,India,Pune,Maharashtra,18.560819,73.84758,No,Referral
E001284,U00096,2025-06-24T03:32:45,UAE,Dubai,Dubai,25.223012,55.225122,Yes,Paid Search
E001285,U00122,2025-09-01T13:13:07,Singapore,Singapore,Singapore,1.333606,103.785662,No,Direct
E001286,U00231,2025-05-02T01:43:25,UAE,Dubai,Dubai,25.235686,55.249274,No,Direct
E001287,U00126,2025-07-28T00:52:05,India,Bengaluru,Karnataka,12.940437,77.641458,No,Organic
E001288,U00018,2026-03-31T12:10:26,India,Hyderabad,Telangana,17.377388,78.497937,Yes,Social
E001289,U00022,2025-04-26T13:46:05,UAE,Dubai,Dubai,25.191614,55.290286,Yes,Email
E001290,U00215,2025-08-29T03:18:41,India,Mumbai,Maharashtra,19.073026,72.835064,No,Social
E001291,U00201,2025-03-28T08:07:04,Germany,Berlin,Berlin,52.497409,13.402011,No,Organic
E001292,U00306,2025-03-14T10:11:24,USA,New York,New York,40.719172,-73.963283,No,Paid Search
E001293,U00008,2025-11-22T00:57:26,UK,London,England,51.5249,-0.102018,No,Email
E001294,U00077,2026-02-25T05:21:03,Singapore,Singapore,Singapore,1.312437,103.785182,No,Direct
E001295,U00215,2026-03-09T23:45:22,India,Bengaluru,Karnataka,12.958068,77.574204,No,Paid Search
E001296,U00166,2025-09-22T04:05:53,India,Bengaluru,Karnataka,13.015281,77.581698,No,Organic
E001297,U00171,2025-11-29T23:37:12,India,Delhi,Delhi,28.660853,77.180225,Yes,Email
E001298,U00345,2025-08-31T00:53:43,UK,London,England,51.534016,-0.117028,No,Paid Search
E001299,U00099,2026-03-24T19:49:36,India,Pune,Maharashtra,18.535017,73.855516,No,Organic
E001300,U00015,2026-02-08T13:05:15,India,Hyderabad,Telangana,17.402837,78.477806,Yes,Direct
E001301,U00339,2025-04-21T09:15:10,India,Pune,Maharashtra,18.510431,73.844403,No,Email
E001302,U00095,2025-04-27T05:59:20,Germany,Berlin,Berlin,52.471737,13.449695,Yes,Email
E001303,U00206,2025-03-22T22:07:11,UAE,Dubai,Dubai,25.24969,55.288453,No,Referral
E001304,U00237,2025-01-19T10:51:44,India,Bengaluru,Karnataka,12.964767,77.638455,No,Organic
E001305,U00029,2025-06-10T22:36:24,UAE,Dubai,Dubai,25.222622,55.238064,No,Paid Search
E001306,U00224,2026-04-11T08:38:29,India,Hyderabad,Telangana,17.365934,78.440016,No,Paid Search
E001307,U00283,2026-05-20T03:13:58,India,Mumbai,Maharashtra,19.064239,72.900512,Yes,Paid Search
E001308,U00038,2026-04-09T03:15:17,India,Pune,Maharashtra,18.529217,73.870219,Yes,Email
E001309,U00173,2025-06-24T05:50:20,Germany,Berlin,Berlin,52.484671,13.355244,Yes,Organic
E001310,U00029,2026-03-11T08:43:15,India,Delhi,Delhi,28.581234,77.20079,Yes,Paid Search
E001311,U00384,2025-08-06T06:30:46,USA,New York,New York,40.686117,-74.00967,Yes,Organic
E001312,U00252,2026-02-25T13:48:05,UAE,Dubai,Dubai,25.183407,55.276766,No,Email
E001313,U00032,2025-11-07T20:48:57,India,Delhi,Delhi,28.652966,77.252353,Yes,Paid Search
E001314,U00014,2025-03-03T11:28:05,USA,New York,New York,40.745859,-73.981271,No,Paid Search
E001315,U00150,2025-07-20T22:15:40,Singapore,Singapore,Singapore,1.399704,103.825141,No,Email
E001316,U00380,2025-07-30T07:10:41,UAE,Dubai,Dubai,25.205127,55.253204,No,Organic
E001317,U00010,2026-05-18T07:57:55,Germany,Berlin,Berlin,52.511696,13.424261,No,Social
E001318,U00419,2025-09-24T03:17:45,UK,London,England,51.472763,-0.114837,Yes,Email
E001319,U00129,2025-12-31T11:53:35,India,Pune,Maharashtra,18.515705,73.853278,No,Referral
E001320,U00357,2026-06-27T23:41:52,India,Hyderabad,Telangana,17.336409,78.43706,No,Email
E001321,U00028,2025-12-04T01:54:18,UAE,Dubai,Dubai,25.202655,55.266615,Yes,Referral
E001322,U00079,2026-02-28T21:37:37,USA,New York,New York,40.712812,-74.010624,No,Email
E001323,U00263,2025-04-24T21:20:13,USA,New York,New York,40.66893,-73.996126,No,Direct
E001324,U00132,2025-04-03T20:07:58,India,Mumbai,Maharashtra,19.096744,72.903289,No,Organic
E001325,U00331,2026-02-05T17:55:46,UAE,Dubai,Dubai,25.174388,55.270069,No,Organic
E001326,U00278,2026-02-05T06:05:39,UAE,Dubai,Dubai,25.193519,55.292524,Yes,Paid Search
E001327,U00206,2025-10-21T14:24:36,India,Mumbai,Maharashtra,19.094997,72.92407,No,Email
E001328,U00074,2025-12-29T02:49:24,Germany,Berlin,Berlin,52.553811,13.418598,No,Paid Search
E001329,U00135,2025-04-14T17:17:39,India,Mumbai,Maharashtra,19.114012,72.903797,No,Social
E001330,U00139,2025-03-06T15:04:09,India,Pune,Maharashtra,18.568698,73.873925,No,Organic
E001331,U00316,2026-03-09T03:25:50,India,Mumbai,Maharashtra,19.08368,72.83626,No,Referral
E001332,U00360,2025-04-03T00:59:51,India,Bengaluru,Karnataka,12.97383,77.544876,No,Direct
E001333,U00249,2025-03-21T19:48:13,USA,New York,New York,40.740744,-73.987485,No,Organic
E001334,U00029,2026-01-02T01:35:13,UK,London,England,51.503934,-0.167254,No,Organic
E001335,U00281,2026-03-26T16:59:27,India,Hyderabad,Telangana,17.357609,78.479165,No,Email
E001336,U00332,2025-08-17T02:25:16,Germany,Berlin,Berlin,52.507931,13.424939,No,Direct
E001337,U00018,2026-03-20T05:41:07,India,Bengaluru,Karnataka,12.954352,77.551337,No,Organic
E001338,U00285,2025-10-09T06:25:06,UK,London,England,51.4623,-0.166986,Yes,Paid Search
E001339,U00341,2025-08-13T12:28:00,India,Bengaluru,Karnataka,12.958822,77.55946,No,Paid Search
E001340,U00017,2025-03-05T14:52:59,India,Pune,Maharashtra,18.540733,73.868477,Yes,Direct
E001341,U00187,2026-04-30T23:06:21,India,Delhi,Delhi,28.62591,77.24757,No,Email
E001342,U00335,2026-05-31T10:36:31,India,Hyderabad,Telangana,17.399842,78.504144,No,Social
E001343,U00305,2025-12-17T12:56:05,India,Pune,Maharashtra,18.557216,73.848926,No,Social
E001344,U00348,2026-06-13T12:38:09,India,Delhi,Delhi,28.598555,77.197358,No,Direct
E001345,U00145,2025-03-06T18:19:37,India,Hyderabad,Telangana,17.401895,78.453276,No,Organic
E001346,U00150,2025-01-31T13:31:31,UAE,Dubai,Dubai,25.232656,55.241919,No,Direct
E001347,U00097,2025-07-05T03:16:04,UAE,Dubai,Dubai,25.164092,55.310607,No,Referral
E001348,U00408,2025-11-04T04:05:20,India,Pune,Maharashtra,18.55724,73.885641,No,Direct
E001349,U00381,2026-06-10T02:39:53,Germany,Berlin,Berlin,52.514729,13.408357,No,Organic
E001350,U00046,2025-12-22T14:06:19,USA,New York,New York,40.694823,-74.00636,No,Direct
E001351,U00316,2025-10-31T16:29:51,India,Bengaluru,Karnataka,13.001594,77.596696,No,Organic
E001352,U00264,2025-02-15T07:00:56,India,Hyderabad,Telangana,17.362287,78.497927,Yes,Social
E001353,U00024,2026-06-08T09:17:47,USA,New York,New York,40.702877,-74.027676,No,Social
E001354,U00296,2026-03-10T06:54:41,India,Hyderabad,Telangana,17.36807,78.493194,No,Paid Search
E001355,U00075,2025-12-09T19:46:08,India,Hyderabad,Telangana,17.372389,78.461049,No,Organic
E001356,U00030,2026-06-29T14:05:42,India,Mumbai,Maharashtra,19.116136,72.836753,No,Direct
E001357,U00347,2025-11-26T13:21:19,India,Mumbai,Maharashtra,19.122216,72.852729,No,Referral
E001358,U00306,2025-06-22T17:19:25,USA,New York,New York,40.729631,-73.98331,No,Organic
E001359,U00061,2026-01-24T10:10:07,India,Pune,Maharashtra,18.506097,73.864387,No,Organic
E001360,U00141,2026-06-23T09:48:40,UK,London,England,51.529521,-0.157744,No,Referral
E001361,U00080,2025-04-25T19:07:49,India,Bengaluru,Karnataka,13.009358,77.548588,No,Email
E001362,U00254,2026-05-30T17:34:55,India,Hyderabad,Telangana,17.350486,78.49832,No,Organic
E001363,U00084,2026-03-23T04:27:20,UAE,Dubai,Dubai,25.239956,55.250451,No,Email
E001364,U00073,2025-02-19T21:28:40,USA,New York,New York,40.749246,-73.984174,No,Social
E001365,U00374,2026-02-24T07:12:18,UK,London,England,51.554374,-0.152062,No,Social
E001366,U00127,2025-12-20T22:15:08,Singapore,Singapore,Singapore,1.302592,103.78725,No,Email
E001367,U00407,2025-05-20T23:52:30,USA,New York,New York,40.754685,-73.987781,Yes,Email
E001368,U00275,2025-02-06T19:57:34,India,Mumbai,Maharashtra,19.071801,72.877604,No,Social
E001369,U00217,2025-12-13T10:18:28,India,Delhi,Delhi,28.626049,77.248706,No,Email
E001370,U00317,2025-12-20T09:44:26,Germany,Berlin,Berlin,52.561948,13.406847,No,Referral
E001371,U00151,2025-08-05T12:50:54,USA,New York,New York,40.708902,-74.008936,No,Social
E001372,U00121,2025-08-04T15:29:24,UK,London,England,51.533049,-0.080952,Yes,Referral
E001373,U00355,2025-06-15T11:08:39,India,Delhi,Delhi,28.636104,77.217124,No,Organic
E001374,U00357,2025-12-19T09:10:44,UAE,Dubai,Dubai,25.251056,55.264296,No,Organic
E001375,U00128,2026-02-05T17:40:43,Germany,Berlin,Berlin,52.490879,13.392688,No,Organic
E001376,U00271,2025-08-11T09:48:57,India,Delhi,Delhi,28.64793,77.243149,No,Email
E001377,U00343,2025-09-29T10:38:32,Germany,Berlin,Berlin,52.49424,13.426877,No,Organic
E001378,U00070,2025-04-13T18:29:28,UAE,Dubai,Dubai,25.195759,55.301132,No,Paid Search
E001379,U00015,2026-05-26T11:40:17,India,Bengaluru,Karnataka,13.018209,77.625739,No,Referral
E001380,U00119,2025-03-21T07:59:32,India,Hyderabad,Telangana,17.386846,78.523339,No,Paid Search
E001381,U00124,2025-07-12T16:28:04,India,Delhi,Delhi,28.608851,77.25138,Yes,Email
E001382,U00367,2026-01-18T04:37:31,India,Delhi,Delhi,28.644743,77.250359,Yes,Email
E001383,U00181,2025-11-21T22:58:42,India,Delhi,Delhi,28.592327,77.204657,Yes,Organic
E001384,U00279,2026-06-27T13:30:54,India,Mumbai,Maharashtra,19.039006,72.83535,Yes,Referral
E001385,U00389,2025-02-06T21:12:16,India,Delhi,Delhi,28.61966,77.207827,No,Email
E001386,U00178,2026-04-29T13:47:10,India,Mumbai,Maharashtra,19.057895,72.9159,No,Social
E001387,U00222,2025-09-11T07:00:32,USA,New York,New York,40.702934,-74.032835,No,Social
E001388,U00322,2026-03-04T22:55:28,India,Mumbai,Maharashtra,19.078289,72.830572,No,Paid Search
E001389,U00340,2026-02-11T11:14:05,UAE,Dubai,Dubai,25.168751,55.314614,No,Email
E001390,U00162,2026-04-22T11:35:17,Singapore,Singapore,Singapore,1.3605,103.860933,No,Referral
E001391,U00275,2026-01-25T12:39:57,Germany,Berlin,Berlin,52.522597,13.386016,No,Direct
E001392,U00019,2025-09-13T00:40:28,USA,New York,New York,40.761815,-74.011099,Yes,Paid Search
E001393,U00086,2026-04-25T03:44:01,India,Mumbai,Maharashtra,19.092985,72.911674,No,Email
E001394,U00086,2025-06-12T19:22:46,India,Mumbai,Maharashtra,19.105267,72.903164,No,Organic
E001395,U00268,2025-12-06T00:33:15,India,Pune,Maharashtra,18.557146,73.901165,No,Paid Search
E001396,U00280,2025-10-30T07:11:40,UK,London,England,51.550147,-0.102703,Yes,Referral
E001397,U00237,2025-10-22T03:50:04,UAE,Dubai,Dubai,25.173415,55.235203,No,Direct
E001398,U00248,2025-12-15T14:54:21,India,Pune,Maharashtra,18.485354,73.857282,No,Social
E001399,U00004,2025-11-12T21:26:08,UK,London,England,51.554195,-0.081941,Yes,Referral
E001400,U00325,2025-09-27T11:46:46,India,Pune,Maharashtra,18.552788,73.833296,No,Direct
E001401,U00218,2025-05-15T17:58:51,UAE,Dubai,Dubai,25.202834,55.255012,Yes,Direct
E001402,U00232,2026-01-24T03:11:26,India,Delhi,Delhi,28.649778,77.244137,No,Organic
E001403,U00272,2025-10-04T20:45:46,India,Bengaluru,Karnataka,12.947069,77.565897,No,Email
E001404,U00237,2025-06-21T08:46:24,India,Pune,Maharashtra,18.47649,73.819283,No,Direct
E001405,U00415,2025-12-15T02:20:57,India,Delhi,Delhi,28.580922,77.193439,No,Organic
E001406,U00022,2025-04-29T08:48:40,India,Hyderabad,Telangana,17.405919,78.515566,No,Social
E001407,U00372,2026-06-28T23:37:02,India,Hyderabad,Telangana,17.425824,78.488821,No,Referral
E001408,U00333,2025-01-31T01:00:04,UK,London,England,51.546437,-0.079294,No,Organic
E001409,U00036,2025-10-07T09:00:59,Singapore,Singapore,Singapore,1.349768,103.825592,No,Email
E001410,U00120,2026-02-14T19:59:11,India,Hyderabad,Telangana,17.374973,78.501192,No,Social
E001411,U00143,2026-02-04T22:25:04,Singapore,Singapore,Singapore,1.362972,103.799502,No,Social
E001412,U00096,2025-05-19T12:02:51,Singapore,Singapore,Singapore,1.352046,103.792626,No,Organic
E001413,U00181,2026-02-20T06:46:01,India,Delhi,Delhi,28.592242,77.219229,No,Direct
E001414,U00217,2025-05-06T13:57:00,UK,London,England,51.460101,-0.111676,Yes,Referral
E001415,U00304,2026-06-11T05:18:48,India,Hyderabad,Telangana,17.429002,78.494968,No,Paid Search
E001416,U00013,2026-05-10T03:15:20,Singapore,Singapore,Singapore,1.329559,103.818619,No,Social
E001417,U00368,2025-02-06T15:50:36,India,Pune,Maharashtra,18.476316,73.819577,Yes,Paid Search
E001418,U00124,2026-01-27T21:34:42,Germany,Berlin,Berlin,52.521165,13.424381,No,Email
E001419,U00218,2026-03-03T23:35:38,India,Delhi,Delhi,28.61833,77.183775,No,Social
E001420,U00277,2026-06-08T05:54:20,USA,New York,New York,40.740306,-74.04843,Yes,Organic
E001421,U00144,2025-06-03T13:54:05,UAE,Dubai,Dubai,25.236661,55.241471,No,Email
E001422,U00252,2025-05-09T16:53:10,India,Bengaluru,Karnataka,12.93453,77.610194,No,Email
E001423,U00188,2026-04-18T08:47:32,India,Mumbai,Maharashtra,19.125798,72.9203,No,Referral
E001424,U00342,2025-08-18T18:23:36,UAE,Dubai,Dubai,25.201068,55.312452,No,Email
E001425,U00190,2025-10-13T17:07:10,UAE,Dubai,Dubai,25.211635,55.281961,Yes,Social
E001426,U00323,2025-10-28T09:02:00,UAE,Dubai,Dubai,25.244455,55.244799,Yes,Direct
E001427,U00187,2025-08-11T07:37:13,India,Mumbai,Maharashtra,19.070311,72.857736,No,Referral
E001428,U00354,2025-09-01T01:40:24,India,Pune,Maharashtra,18.532827,73.900906,Yes,Direct
E001429,U00233,2026-06-04T10:07:28,UAE,Dubai,Dubai,25.169141,55.314103,No,Direct
E001430,U00202,2026-05-20T22:57:13,USA,New York,New York,40.679203,-73.980069,No,Organic
E001431,U00154,2025-10-18T16:43:41,Germany,Berlin,Berlin,52.532915,13.373497,No,Direct
E001432,U00105,2025-02-01T08:22:06,India,Hyderabad,Telangana,17.366967,78.442704,No,Direct
E001433,U00319,2025-07-23T13:28:14,India,Delhi,Delhi,28.611258,77.197572,No,Organic
E001434,U00154,2025-02-14T00:39:25,USA,New York,New York,40.735865,-74.001307,Yes,Direct
E001435,U00371,2025-03-13T02:50:16,UAE,Dubai,Dubai,25.22312,55.244997,No,Direct
E001436,U00378,2026-06-30T10:31:42,India,Hyderabad,Telangana,17.422805,78.465273,Yes,Paid Search
E001437,U00407,2025-01-18T03:04:44,Singapore,Singapore,Singapore,1.325455,103.834199,No,Organic
E001438,U00283,2025-01-31T03:00:30,India,Delhi,Delhi,28.643622,77.167855,No,Direct
E001439,U00299,2026-03-18T07:42:02,India,Delhi,Delhi,28.599258,77.216167,Yes,Organic
E001440,U00130,2025-03-10T18:31:01,India,Hyderabad,Telangana,17.427507,78.484545,Yes,Direct
E001441,U00209,2025-01-07T08:08:00,India,Pune,Maharashtra,18.560824,73.839192,Yes,Referral
E001442,U00105,2025-08-24T00:57:29,India,Mumbai,Maharashtra,19.121481,72.905873,No,Direct
E001443,U00188,2026-01-03T09:12:04,India,Pune,Maharashtra,18.496599,73.856934,Yes,Paid Search
E001444,U00355,2025-05-17T15:01:31,Germany,Berlin,Berlin,52.546714,13.417341,No,Email
E001445,U00123,2025-08-14T12:35:35,USA,New York,New York,40.704401,-74.037436,No,Organic
E001446,U00318,2025-03-09T00:58:46,India,Mumbai,Maharashtra,19.041074,72.905027,No,Direct
E001447,U00021,2025-03-13T15:58:49,India,Pune,Maharashtra,18.52065,73.906093,No,Social
E001448,U00309,2025-02-09T09:50:56,USA,New York,New York,40.666237,-73.994193,No,Direct
E001449,U00347,2025-11-17T03:22:45,USA,New York,New York,40.73394,-73.99816,No,Social
E001450,U00056,2026-06-10T03:25:28,India,Delhi,Delhi,28.582726,77.24145,No,Referral
E001451,U00112,2025-05-30T06:44:32,India,Bengaluru,Karnataka,12.972914,77.55161,No,Referral
E001452,U00120,2025-12-01T19:07:59,India,Pune,Maharashtra,18.47981,73.90261,No,Direct
E001453,U00365,2026-06-25T10:08:28,Singapore,Singapore,Singapore,1.351006,103.86897,No,Email
E001454,U00354,2026-03-02T12:46:21,India,Mumbai,Maharashtra,19.027135,72.893219,No,Organic
E001455,U00391,2026-01-08T03:41:52,Germany,Berlin,Berlin,52.481515,13.405618,No,Social
E001456,U00401,2025-05-04T09:53:25,India,Bengaluru,Karnataka,12.932801,77.616818,Yes,Paid Search
E001457,U00189,2025-11-30T21:07:17,India,Hyderabad,Telangana,17.430269,78.46305,Yes,Email
E001458,U00395,2025-10-31T13:47:44,India,Mumbai,Maharashtra,19.05161,72.879624,No,Direct
E001459,U00079,2025-10-06T03:34:44,UK,London,England,51.502578,-0.102487,No,Direct
E001460,U00194,2025-06-12T07:26:16,UK,London,England,51.472402,-0.170076,Yes,Organic
E001461,U00258,2025-03-01T16:12:08,India,Pune,Maharashtra,18.536614,73.902668,Yes,Direct
E001462,U00387,2025-12-08T08:43:55,India,Bengaluru,Karnataka,12.953146,77.633481,No,Organic
E001463,U00195,2025-06-09T19:54:37,India,Pune,Maharashtra,18.546369,73.864033,Yes,Email
E001464,U00312,2025-08-07T05:00:56,UK,London,England,51.459471,-0.143063,No,Referral
E001465,U00367,2025-04-17T08:27:48,Singapore,Singapore,Singapore,1.341821,103.83026,No,Paid Search
E001466,U00253,2025-03-25T23:02:09,India,Pune,Maharashtra,18.539402,73.812627,No,Social
E001467,U00297,2026-01-20T20:22:06,USA,New York,New York,40.744679,-73.977865,No,Organic
E001468,U00102,2025-07-13T21:45:38,India,Hyderabad,Telangana,17.400596,78.492643,Yes,Social
E001469,U00208,2025-09-20T06:09:48,India,Pune,Maharashtra,18.554838,73.886608,No,Email
E001470,U00356,2026-02-13T15:49:31,India,Hyderabad,Telangana,17.363531,78.506284,No,Referral
E001471,U00375,2025-01-05T01:00:45,India,Delhi,Delhi,28.588241,77.192505,No,Email
E001472,U00167,2026-02-25T18:45:07,India,Delhi,Delhi,28.578114,77.244092,No,Paid Search
E001473,U00141,2025-10-04T13:38:21,UAE,Dubai,Dubai,25.209841,55.254567,No,Organic
E001474,U00295,2025-11-23T20:51:00,India,Pune,Maharashtra,18.532421,73.818133,No,Paid Search
E001475,U00385,2025-07-02T16:35:26,India,Hyderabad,Telangana,17.386938,78.453209,No,Referral
E001476,U00251,2025-06-01T19:29:25,USA,New York,New York,40.753688,-74.00122,No,Referral
E001477,U00009,2025-01-26T06:37:07,India,Pune,Maharashtra,18.484937,73.830752,No,Paid Search
E001478,U00160,2025-11-18T00:22:52,Singapore,Singapore,Singapore,1.327634,103.806209,No,Social
E001479,U00365,2025-07-26T09:55:10,USA,New York,New York,40.705873,-74.008039,Yes,Paid Search
E001480,U00205,2025-06-27T01:56:51,UK,London,England,51.533872,-0.164573,Yes,Social
E001481,U00247,2025-11-07T09:45:08,UAE,Dubai,Dubai,25.243826,55.278309,Yes,Social
E001482,U00053,2025-03-28T03:28:39,UAE,Dubai,Dubai,25.206139,55.221287,No,Social
E001483,U00092,2026-02-27T13:49:46,India,Hyderabad,Telangana,17.414925,78.473687,Yes,Social
E001484,U00038,2025-11-18T14:50:57,India,Pune,Maharashtra,18.540705,73.895863,No,Organic
E001485,U00102,2025-10-19T07:28:41,India,Mumbai,Maharashtra,19.056692,72.919443,Yes,Referral
E001486,U00012,2025-09-16T12:43:40,Germany,Berlin,Berlin,52.486639,13.429852,No,Direct
E001487,U00133,2025-05-17T06:37:26,India,Hyderabad,Telangana,17.372908,78.471763,No,Referral
E001488,U00399,2025-06-29T18:59:24,India,Pune,Maharashtra,18.508377,73.882006,No,Organic
E001489,U00410,2026-06-10T13:49:46,India,Hyderabad,Telangana,17.415695,78.45654,No,Direct
E001490,U00291,2025-10-03T02:15:01,UAE,Dubai,Dubai,25.182881,55.254596,No,Email
E001491,U00045,2025-03-14T00:20:54,India,Bengaluru,Karnataka,12.922487,77.643848,No,Email
E001492,U00113,2026-02-10T23:04:34,India,Delhi,Delhi,28.579119,77.236544,No,Referral
E001493,U00354,2025-03-18T21:12:28,UK,London,England,51.54791,-0.108901,No,Direct
E001494,U00200,2026-02-16T22:56:35,UK,London,England,51.531574,-0.097308,Yes,Social
E001495,U00348,2026-05-06T02:20:11,India,Bengaluru,Karnataka,13.01583,77.577084,No,Referral
E001496,U00310,2026-03-22T12:25:54,India,Pune,Maharashtra,18.496264,73.884789,Yes,Direct
E001497,U00097,2025-11-16T21:41:15,UAE,Dubai,Dubai,25.158115,55.23215,No,Social
E001498,U00322,2025-07-15T15:20:18,India,Bengaluru,Karnataka,12.945655,77.626225,No,Paid Search
E001499,U00354,2025-11-23T04:51:12,UK,London,England,51.538495,-0.174207,Yes,Email
E001500,U00172,2025-04-07T09:38:41,Germany,Berlin,Berlin,52.503072,13.421077,No,Paid Search
