order_id,user_id,order_timestamp,product_category,product_name,quantity,unit_price,discount_pct,payment_method,order_value,is_returned
O000001,U00315,2025-08-23T20:57:28,Beauty,Face Serum,4,55.93,5,Debit Card,212.53,No
O000002,U00151,2025-02-11T13:59:01,Groceries,Almond Milk,5,302.45,20,Wallet,1209.8,No
O000003,U00044,2025-02-12T11:32:48,Electronics,Wireless Mouse,5,257.44,0,UPI,1287.2,No
O000004,U00290,2026-01-09T23:12:43,Electronics,Mechanical Keyboard,5,60.79,10,Cash On Delivery,273.56,No
O000005,U00368,2025-02-11T04:22:09,Electronics,Smart Earbuds,5,373.53,25,Cash On Delivery,1400.74,No
O000006,U00328,2025-05-01T05:13:27,Fashion,Casual Sneakers,2,129.16,25,UPI,193.74,No
O000007,U00035,2025-01-01T00:39:56,Electronics,Wireless Mouse,5,380.77,0,Debit Card,1903.85,No
O000008,U00013,2026-01-28T20:52:45,Electronics,Smart Earbuds,2,118.73,15,Wallet,201.84,No
O000009,U00420,2025-07-02T11:22:21,Electronics,Mechanical Keyboard,4,270.18,5,Net Banking,1026.68,No
O000010,U00326,2025-01-17T19:43:55,Beauty,Hair Mask,5,74.77,5,Debit Card,355.16,No
O000011,U00103,2026-01-05T20:14:09,Fashion,Running Shoes,5,409.98,20,Wallet,1639.92,No
O000012,U00198,2026-06-26T21:11:20,Electronics,Wireless Mouse,3,369.89,15,Credit Card,943.22,No
O000013,U00289,2025-10-30T11:29:24,Home,Air Purifier,1,161.61,0,Credit Card,161.61,No
O000014,U00072,2025-12-30T10:25:14,Electronics,Wireless Mouse,1,500.19,10,Cash On Delivery,450.17,No
O000015,U00258,2025-06-13T17:13:35,Electronics,4K Monitor,3,279.35,30,UPI,586.63,No
O000016,U00078,2025-10-01T07:16:34,Beauty,Hair Mask,5,42.02,25,Cash On Delivery,157.58,No
O000017,U00338,2025-08-24T07:01:20,Groceries,Olive Oil,2,158.86,30,Wallet,222.4,Yes
O000018,U00295,2026-01-29T18:47:46,Home,Ceramic Set,4,336.37,5,Cash On Delivery,1278.21,No
O000019,U00300,2026-04-25T14:34:07,Fashion,Cotton Shirt,5,525.72,10,Wallet,2365.74,Yes
O000020,U00256,2026-06-12T15:29:06,Electronics,4K Monitor,2,60.32,0,Wallet,120.64,No
O000021,U00373,2025-10-26T07:50:04,Fashion,Running Shoes,1,495.69,5,Wallet,470.91,No
O000022,U00038,2025-12-09T22:41:12,Electronics,Mechanical Keyboard,1,28.28,25,UPI,21.21,No
O000023,U00194,2025-04-14T11:20:17,Electronics,4K Monitor,3,66.35,15,Cash On Delivery,169.19,No
O000024,U00147,2025-06-25T03:33:36,Fashion,Running Shoes,3,274.18,25,Debit Card,616.9,No
O000025,U00343,2025-03-16T17:24:43,Home,Air Purifier,1,323.5,25,Debit Card,242.62,Yes
O000026,U00280,2025-02-25T21:31:37,Fashion,Denim Jacket,3,427.72,20,UPI,1026.53,No
O000027,U00243,2026-01-25T00:31:33,Beauty,Hair Mask,2,459.16,20,UPI,734.66,No
O000028,U00193,2025-02-25T01:04:05,Beauty,Body Lotion,1,245.87,25,Net Banking,184.4,No
O000029,U00027,2026-04-13T04:34:42,Beauty,Lip Tint,1,71.92,5,Net Banking,68.32,No
O000030,U00035,2025-05-03T14:46:47,Fashion,Cotton Shirt,3,219.61,10,UPI,592.95,No
O000031,U00160,2025-11-07T01:59:37,Beauty,Body Lotion,5,513.04,20,Net Banking,2052.16,Yes
O000032,U00174,2025-11-24T07:34:17,Electronics,Wireless Mouse,3,362.05,0,UPI,1086.15,No
O000033,U00169,2026-05-31T05:28:53,Electronics,4K Monitor,2,304.52,25,Credit Card,456.78,No
O000034,U00307,2026-04-21T16:34:19,Electronics,Smart Earbuds,3,539.73,15,Credit Card,1376.31,No
O000035,U00019,2026-01-21T17:14:01,Home,Air Purifier,3,400.04,0,Net Banking,1200.12,No
O000036,U00117,2025-01-17T15:43:52,Groceries,Olive Oil,4,172.45,30,Credit Card,482.86,Yes
O000037,U00199,2025-10-21T00:02:09,Fashion,Casual Sneakers,1,307.45,0,Cash On Delivery,307.45,No
O000038,U00189,2025-10-01T05:49:26,Home,Air Purifier,1,245.37,20,Debit Card,196.3,No
O000039,U00117,2025-11-17T20:05:55,Electronics,4K Monitor,2,57.86,0,Cash On Delivery,115.72,No
O000040,U00417,2025-02-14T04:23:17,Beauty,Face Serum,1,481.3,5,Credit Card,457.24,Yes
O000041,U00309,2026-05-24T21:58:48,Home,Air Purifier,3,31.7,10,Debit Card,85.59,No
O000042,U00040,2025-03-01T07:47:12,Fashion,Casual Sneakers,4,364.41,25,UPI,1093.23,No
O000043,U00113,2025-12-11T12:13:08,Fashion,Casual Sneakers,3,494.52,30,Cash On Delivery,1038.49,No
O000044,U00164,2026-06-26T23:24:25,Groceries,Protein Granola,2,293.55,10,Net Banking,528.39,No
O000045,U00249,2025-08-06T07:32:56,Electronics,Mechanical Keyboard,4,390.38,20,Credit Card,1249.22,No
O000046,U00063,2025-10-17T05:51:08,Fashion,Running Shoes,3,410.11,5,Cash On Delivery,1168.81,No
O000047,U00392,2025-12-19T10:45:18,Fashion,Denim Jacket,2,386.5,25,Credit Card,579.75,Yes
O000048,U00044,2025-02-16T09:15:44,Electronics,Mechanical Keyboard,3,326.83,10,UPI,882.44,No
O000049,U00228,2025-02-04T11:57:57,Home,Ceramic Set,1,475.62,15,Debit Card,404.28,No
O000050,U00017,2026-02-25T15:12:29,Fashion,Casual Sneakers,5,36.32,10,UPI,163.44,No
O000051,U00111,2025-01-22T05:45:01,Beauty,Lip Tint,3,447.15,20,UPI,1073.16,No
O000052,U00386,2025-02-14T08:46:03,Beauty,Hair Mask,4,432.18,25,Credit Card,1296.54,No
O000053,U00394,2026-02-08T01:14:12,Groceries,Olive Oil,4,318.35,20,UPI,1018.72,No
O000054,U00144,2026-06-15T04:33:45,Home,Ceramic Set,2,79.48,0,UPI,158.96,No
O000055,U00316,2025-08-02T00:45:40,Fashion,Cotton Shirt,3,317.53,0,UPI,952.59,No
O000056,U00165,2025-07-25T10:57:51,Groceries,Organic Coffee,1,174.34,25,Debit Card,130.75,No
O000057,U00246,2026-05-11T08:23:34,Electronics,Wireless Mouse,1,260.81,10,Net Banking,234.73,No
O000058,U00161,2025-02-19T17:51:25,Electronics,Smart Earbuds,3,494.2,20,Wallet,1186.08,No
O000059,U00090,2025-04-25T02:26:51,Groceries,Protein Granola,4,76.95,25,Net Banking,230.85,No
O000060,U00226,2026-03-27T09:56:47,Fashion,Denim Jacket,1,107.87,20,UPI,86.3,Yes
O000061,U00348,2025-10-02T10:38:33,Fashion,Denim Jacket,3,536.6,0,Net Banking,1609.8,No
O000062,U00228,2025-03-29T21:52:33,Beauty,Body Lotion,3,67.17,20,Net Banking,161.21,No
O000063,U00349,2025-11-20T02:14:12,Fashion,Cotton Shirt,5,209.28,30,Credit Card,732.48,No
O000064,U00185,2025-09-18T04:35:15,Groceries,Almond Milk,1,184.98,30,Wallet,129.49,No
O000065,U00189,2025-02-04T15:36:05,Groceries,Olive Oil,3,345.08,5,UPI,983.48,No
O000066,U00161,2026-02-01T17:55:48,Beauty,Face Serum,1,338.1,30,Cash On Delivery,236.67,No
O000067,U00017,2026-05-26T08:28:25,Beauty,Lip Tint,2,213.33,20,Cash On Delivery,341.33,No
O000068,U00323,2026-03-02T19:48:15,Electronics,Smart Earbuds,2,314.45,20,Cash On Delivery,503.12,No
O000069,U00267,2025-12-09T13:09:37,Electronics,Smart Earbuds,5,264.0,20,UPI,1056.0,No
O000070,U00394,2025-10-09T03:30:57,Beauty,Lip Tint,2,186.15,30,Debit Card,260.61,No
O000071,U00186,2025-03-03T21:31:50,Electronics,4K Monitor,4,405.18,15,UPI,1377.61,No
O000072,U00403,2025-11-22T07:56:03,Electronics,Mechanical Keyboard,4,336.03,15,Debit Card,1142.5,No
O000073,U00071,2026-04-16T08:11:21,Fashion,Running Shoes,4,373.36,25,UPI,1120.08,No
O000074,U00259,2025-04-26T06:20:59,Groceries,Protein Granola,1,52.18,15,Net Banking,44.35,No
O000075,U00215,2025-07-24T13:41:12,Fashion,Running Shoes,4,16.41,0,Net Banking,65.64,No
O000076,U00221,2025-01-19T14:06:53,Home,Desk Lamp,2,479.25,30,Cash On Delivery,670.95,No
O000077,U00217,2025-10-03T05:53:38,Electronics,4K Monitor,5,477.85,15,Debit Card,2030.86,No
O000078,U00173,2026-04-05T09:56:56,Beauty,Body Lotion,3,72.51,30,Net Banking,152.27,No
O000079,U00323,2025-12-16T08:01:00,Electronics,Smart Earbuds,3,522.86,15,Cash On Delivery,1333.29,No
O000080,U00393,2026-04-03T22:09:36,Groceries,Olive Oil,2,405.53,25,Net Banking,608.29,No
O000081,U00091,2026-01-31T02:14:37,Electronics,Mechanical Keyboard,4,213.62,15,Cash On Delivery,726.31,No
O000082,U00289,2026-02-07T02:12:38,Electronics,4K Monitor,3,275.37,0,Net Banking,826.11,No
O000083,U00092,2025-04-22T05:22:38,Home,Storage Basket,3,216.16,30,Credit Card,453.94,No
O000084,U00161,2025-03-19T06:11:26,Fashion,Casual Sneakers,5,158.81,20,UPI,635.24,No
O000085,U00087,2025-08-13T01:38:05,Electronics,Mechanical Keyboard,3,271.76,5,UPI,774.52,No
O000086,U00283,2026-01-31T02:49:16,Electronics,4K Monitor,3,84.42,5,Debit Card,240.6,Yes
O000087,U00014,2025-10-15T00:44:07,Electronics,4K Monitor,1,272.69,30,Debit Card,190.88,No
O000088,U00233,2025-08-18T02:06:34,Beauty,Hair Mask,4,290.32,30,Credit Card,812.9,No
O000089,U00071,2025-08-05T06:44:37,Electronics,Wireless Mouse,4,275.34,0,Cash On Delivery,1101.36,No
O000090,U00081,2026-01-29T20:17:12,Groceries,Organic Coffee,2,402.23,10,UPI,724.01,No
O000091,U00222,2025-03-20T00:18:53,Beauty,Face Serum,3,491.61,0,Cash On Delivery,1474.83,No
O000092,U00019,2026-05-08T19:53:03,Groceries,Almond Milk,5,366.33,25,Cash On Delivery,1373.74,Yes
O000093,U00241,2025-04-28T14:55:03,Fashion,Casual Sneakers,2,372.95,10,Wallet,671.31,No
O000094,U00265,2025-06-16T08:46:25,Home,Storage Basket,2,115.63,0,Credit Card,231.26,No
O000095,U00135,2026-04-22T10:11:55,Home,Air Purifier,2,29.04,25,Wallet,43.56,No
O000096,U00154,2025-06-30T02:48:18,Fashion,Cotton Shirt,4,295.51,5,UPI,1122.94,No
O000097,U00152,2025-03-16T23:30:35,Home,Ceramic Set,5,201.56,15,Debit Card,856.63,No
O000098,U00218,2025-03-31T23:01:33,Groceries,Olive Oil,4,184.37,25,Debit Card,553.11,No
O000099,U00066,2026-01-11T17:32:36,Groceries,Organic Coffee,3,385.76,25,Wallet,867.96,No
O000100,U00401,2025-11-14T16:25:16,Fashion,Denim Jacket,3,153.21,5,Credit Card,436.65,No
O000101,U00227,2025-11-27T06:17:20,Groceries,Protein Granola,3,230.89,30,Wallet,484.87,No
O000102,U00326,2025-02-05T10:34:39,Electronics,Mechanical Keyboard,4,402.68,10,UPI,1449.65,No
O000103,U00057,2026-04-22T08:48:52,Fashion,Running Shoes,5,119.76,25,Net Banking,449.1,No
O000104,U00400,2025-09-16T20:56:24,Beauty,Face Serum,1,442.91,0,UPI,442.91,No
O000105,U00275,2025-06-04T03:11:10,Beauty,Face Serum,1,289.11,10,Debit Card,260.2,No
O000106,U00170,2025-11-18T02:14:47,Home,Air Purifier,3,442.3,10,Debit Card,1194.21,No
O000107,U00270,2025-03-21T15:07:29,Fashion,Denim Jacket,1,466.25,30,Net Banking,326.38,No
O000108,U00118,2026-05-06T13:02:52,Home,Desk Lamp,2,161.43,0,Cash On Delivery,322.86,No
O000109,U00419,2025-07-29T17:08:23,Groceries,Organic Coffee,4,363.16,5,Credit Card,1380.01,No
O000110,U00278,2026-04-15T19:37:43,Beauty,Hair Mask,1,15.99,30,Debit Card,11.19,No
O000111,U00160,2025-09-09T10:42:13,Beauty,Hair Mask,2,458.66,30,Wallet,642.12,No
O000112,U00136,2026-05-25T13:40:17,Electronics,Mechanical Keyboard,3,256.73,0,Net Banking,770.19,No
O000113,U00288,2025-08-05T08:41:44,Groceries,Olive Oil,1,128.46,15,Wallet,109.19,No
O000114,U00373,2025-11-02T18:04:40,Beauty,Body Lotion,4,17.33,15,UPI,58.92,No
O000115,U00204,2025-06-30T06:56:50,Electronics,Wireless Mouse,2,321.21,0,Wallet,642.42,No
O000116,U00323,2025-03-06T23:03:39,Beauty,Face Serum,3,188.18,30,Credit Card,395.18,No
O000117,U00207,2026-04-24T20:10:40,Fashion,Casual Sneakers,5,143.48,5,Wallet,681.53,No
O000118,U00211,2025-08-30T21:56:28,Beauty,Body Lotion,1,423.94,10,Cash On Delivery,381.55,No
O000119,U00209,2025-01-05T07:51:55,Fashion,Denim Jacket,3,381.44,20,UPI,915.46,No
O000120,U00121,2025-09-07T23:29:39,Beauty,Hair Mask,5,278.9,25,Wallet,1045.88,No
O000121,U00193,2025-04-09T20:43:02,Beauty,Face Serum,1,238.73,0,Credit Card,238.73,No
O000122,U00020,2025-11-26T11:19:47,Electronics,4K Monitor,2,245.18,0,Wallet,490.36,No
O000123,U00215,2025-11-07T05:27:40,Beauty,Hair Mask,2,413.95,20,Credit Card,662.32,No
O000124,U00191,2026-03-14T22:11:14,Home,Storage Basket,3,291.18,20,Cash On Delivery,698.83,No
O000125,U00266,2026-04-15T13:01:41,Groceries,Almond Milk,5,523.98,10,UPI,2357.91,No
O000126,U00243,2025-01-08T15:04:48,Fashion,Cotton Shirt,2,97.02,25,UPI,145.53,No
O000127,U00160,2026-06-29T20:14:54,Fashion,Casual Sneakers,1,546.37,0,Debit Card,546.37,No
O000128,U00240,2026-04-07T17:26:03,Electronics,Wireless Mouse,3,59.34,20,Debit Card,142.42,Yes
O000129,U00141,2025-08-09T17:38:25,Beauty,Body Lotion,3,348.82,5,Wallet,994.14,No
O000130,U00288,2026-02-25T05:17:15,Groceries,Protein Granola,5,423.71,10,Cash On Delivery,1906.69,No
O000131,U00092,2025-07-24T05:30:44,Electronics,4K Monitor,1,404.02,10,Net Banking,363.62,No
O000132,U00304,2026-04-15T17:49:37,Beauty,Hair Mask,3,320.01,30,UPI,672.02,No
O000133,U00119,2025-06-18T02:47:54,Beauty,Hair Mask,2,99.11,30,Credit Card,138.75,No
O000134,U00001,2025-09-09T03:27:17,Beauty,Body Lotion,2,97.33,30,Credit Card,136.26,No
O000135,U00341,2026-01-02T08:55:18,Electronics,4K Monitor,5,445.52,15,UPI,1893.46,No
O000136,U00198,2026-01-04T12:54:39,Electronics,4K Monitor,5,221.14,30,UPI,773.99,No
O000137,U00110,2025-05-10T00:37:56,Beauty,Lip Tint,5,50.38,20,Cash On Delivery,201.52,No
O000138,U00404,2025-07-14T14:23:10,Fashion,Casual Sneakers,5,247.37,25,Cash On Delivery,927.64,No
O000139,U00239,2026-06-05T10:26:02,Home,Storage Basket,2,21.71,10,UPI,39.08,No
O000140,U00006,2025-06-02T02:38:57,Fashion,Running Shoes,4,210.82,25,Wallet,632.46,No
O000141,U00189,2025-07-17T02:26:07,Fashion,Denim Jacket,5,176.23,0,Net Banking,881.15,No
O000142,U00246,2025-11-06T08:44:18,Beauty,Lip Tint,1,358.79,25,Credit Card,269.09,No
O000143,U00016,2026-01-01T16:31:16,Groceries,Protein Granola,1,534.36,30,Net Banking,374.05,No
O000144,U00385,2026-02-28T18:29:06,Home,Air Purifier,4,414.47,25,Credit Card,1243.41,Yes
O000145,U00043,2025-11-22T21:23:59,Electronics,4K Monitor,2,480.03,5,Credit Card,912.06,Yes
O000146,U00100,2026-05-24T20:02:47,Electronics,Mechanical Keyboard,1,472.98,10,Net Banking,425.68,No
O000147,U00370,2025-10-12T11:31:02,Groceries,Protein Granola,2,498.9,20,Net Banking,798.24,Yes
O000148,U00390,2026-01-25T13:06:59,Home,Ceramic Set,1,43.21,30,Debit Card,30.25,No
O000149,U00102,2026-06-19T22:36:35,Electronics,4K Monitor,4,32.12,20,Net Banking,102.78,No
O000150,U00175,2025-12-29T03:34:20,Electronics,Mechanical Keyboard,3,311.82,0,Net Banking,935.46,No
O000151,U00094,2025-03-09T02:56:30,Electronics,Wireless Mouse,1,71.01,0,Debit Card,71.01,No
O000152,U00236,2025-03-05T03:04:28,Electronics,4K Monitor,1,125.9,10,Cash On Delivery,113.31,No
O000153,U00362,2025-08-11T23:29:41,Groceries,Almond Milk,2,176.28,15,Debit Card,299.68,No
O000154,U00140,2025-06-04T17:48:59,Beauty,Lip Tint,4,130.47,5,Debit Card,495.79,No
O000155,U00297,2025-10-10T10:14:28,Groceries,Olive Oil,3,58.09,10,UPI,156.84,No
O000156,U00300,2025-10-27T13:36:33,Beauty,Hair Mask,2,27.91,30,Debit Card,39.07,No
O000157,U00408,2025-08-13T05:33:11,Fashion,Casual Sneakers,3,358.14,25,Debit Card,805.82,No
O000158,U00133,2025-06-19T12:33:59,Beauty,Lip Tint,1,286.19,5,Wallet,271.88,No
O000159,U00166,2025-10-17T03:51:12,Electronics,4K Monitor,4,83.78,20,Net Banking,268.1,No
O000160,U00184,2025-01-07T03:14:06,Beauty,Face Serum,3,388.1,25,Debit Card,873.23,No
O000161,U00157,2025-05-07T09:47:55,Groceries,Protein Granola,1,109.41,10,Wallet,98.47,No
O000162,U00356,2025-12-04T20:24:00,Electronics,Wireless Mouse,5,255.39,20,Cash On Delivery,1021.56,No
O000163,U00348,2025-11-08T14:02:09,Fashion,Cotton Shirt,3,333.71,15,UPI,850.96,Yes
O000164,U00296,2025-11-08T06:31:25,Fashion,Denim Jacket,4,238.83,10,Net Banking,859.79,Yes
O000165,U00269,2025-06-04T03:36:08,Beauty,Body Lotion,3,488.53,25,Net Banking,1099.19,No
O000166,U00406,2025-04-20T21:01:23,Fashion,Cotton Shirt,1,533.92,10,UPI,480.53,No
O000167,U00089,2025-08-23T00:18:35,Fashion,Casual Sneakers,1,364.97,5,UPI,346.72,No
O000168,U00079,2026-06-16T19:59:10,Fashion,Running Shoes,4,56.87,5,Net Banking,216.11,No
O000169,U00242,2026-03-04T01:33:24,Groceries,Organic Coffee,4,94.36,0,Cash On Delivery,377.44,No
O000170,U00125,2025-03-16T10:18:17,Fashion,Casual Sneakers,4,458.59,25,Wallet,1375.77,No
O000171,U00346,2025-11-26T18:58:36,Fashion,Casual Sneakers,3,494.73,30,Net Banking,1038.93,No
O000172,U00014,2025-06-22T04:40:35,Electronics,Mechanical Keyboard,4,371.07,20,Net Banking,1187.42,No
O000173,U00001,2026-04-20T05:47:05,Fashion,Cotton Shirt,3,192.2,30,Net Banking,403.62,No
O000174,U00109,2025-08-23T12:31:50,Electronics,4K Monitor,2,278.97,0,Wallet,557.94,No
O000175,U00199,2026-06-09T11:59:59,Home,Air Purifier,4,89.71,10,Wallet,322.96,Yes
O000176,U00055,2025-12-28T02:47:14,Home,Air Purifier,2,223.83,20,Credit Card,358.13,No
O000177,U00295,2026-01-29T18:36:49,Electronics,Wireless Mouse,1,95.2,5,Wallet,90.44,No
O000178,U00156,2025-11-27T02:13:25,Electronics,Wireless Mouse,4,236.97,0,UPI,947.88,No
O000179,U00365,2025-09-18T06:02:11,Electronics,Wireless Mouse,5,210.07,15,Net Banking,892.8,No
O000180,U00346,2025-03-04T03:28:40,Electronics,4K Monitor,4,296.19,15,Debit Card,1007.05,Yes
O000181,U00373,2025-12-20T09:36:59,Beauty,Lip Tint,2,287.07,20,Wallet,459.31,Yes
O000182,U00188,2025-02-08T21:26:16,Groceries,Organic Coffee,1,478.4,15,Net Banking,406.64,No
O000183,U00420,2025-01-19T06:38:14,Groceries,Olive Oil,3,373.85,30,Net Banking,785.09,No
O000184,U00153,2026-05-09T23:34:36,Groceries,Protein Granola,4,17.5,10,Credit Card,63.0,No
O000185,U00090,2025-03-07T06:44:49,Groceries,Organic Coffee,5,408.36,5,Net Banking,1939.71,No
O000186,U00235,2026-06-20T03:44:27,Fashion,Casual Sneakers,4,491.85,10,Net Banking,1770.66,No
O000187,U00020,2025-04-24T23:37:35,Beauty,Hair Mask,1,49.48,10,Net Banking,44.53,No
O000188,U00173,2026-05-10T13:42:49,Electronics,Wireless Mouse,5,539.3,0,Cash On Delivery,2696.5,No
O000189,U00370,2026-05-23T02:51:10,Home,Desk Lamp,2,523.09,10,Cash On Delivery,941.56,No
O000190,U00316,2026-02-04T06:23:31,Home,Desk Lamp,2,317.43,10,Net Banking,571.37,No
O000191,U00390,2025-12-06T09:15:25,Fashion,Denim Jacket,3,318.75,5,UPI,908.44,No
O000192,U00205,2025-05-21T18:56:20,Fashion,Cotton Shirt,5,371.92,20,Cash On Delivery,1487.68,No
O000193,U00337,2025-04-11T19:01:52,Electronics,Wireless Mouse,2,18.15,15,UPI,30.85,No
O000194,U00364,2025-09-10T03:08:50,Beauty,Lip Tint,1,127.96,0,Debit Card,127.96,Yes
O000195,U00169,2026-02-25T13:30:26,Groceries,Olive Oil,5,236.05,20,Wallet,944.2,No
O000196,U00228,2025-04-28T21:21:31,Beauty,Face Serum,3,192.6,10,Wallet,520.02,No
O000197,U00200,2025-07-18T14:27:19,Home,Air Purifier,5,386.17,25,Wallet,1448.14,Yes
O000198,U00043,2025-06-11T05:02:05,Beauty,Face Serum,4,312.24,10,Cash On Delivery,1124.06,No
O000199,U00346,2025-12-30T00:35:48,Groceries,Protein Granola,3,414.96,15,Credit Card,1058.15,No
O000200,U00213,2025-01-19T04:21:47,Beauty,Body Lotion,5,198.58,15,UPI,843.97,No
O000201,U00194,2026-04-17T13:34:10,Home,Air Purifier,4,507.28,5,Credit Card,1927.66,No
O000202,U00082,2025-11-08T13:21:13,Fashion,Running Shoes,1,317.34,5,Net Banking,301.47,No
O000203,U00186,2026-05-05T13:11:23,Fashion,Casual Sneakers,5,159.15,30,Credit Card,557.02,No
O000204,U00388,2025-12-27T07:58:57,Groceries,Olive Oil,2,473.61,15,UPI,805.14,No
O000205,U00273,2025-09-17T11:14:01,Home,Air Purifier,2,224.83,0,Wallet,449.66,No
O000206,U00211,2025-05-27T16:53:03,Electronics,Wireless Mouse,5,361.98,15,Cash On Delivery,1538.41,Yes
O000207,U00307,2026-03-20T04:28:11,Fashion,Running Shoes,5,344.0,0,Cash On Delivery,1720.0,No
O000208,U00321,2026-01-02T13:06:21,Electronics,Mechanical Keyboard,5,143.47,20,Cash On Delivery,573.88,No
O000209,U00200,2026-03-05T19:05:42,Groceries,Organic Coffee,5,486.86,25,Net Banking,1825.73,No
O000210,U00090,2026-01-02T17:51:57,Fashion,Casual Sneakers,3,399.9,5,Cash On Delivery,1139.71,No
O000211,U00106,2026-03-25T15:17:10,Groceries,Almond Milk,3,43.13,0,Wallet,129.39,No
O000212,U00257,2026-05-14T04:10:33,Beauty,Hair Mask,2,439.84,15,Credit Card,747.73,No
O000213,U00004,2025-01-26T02:32:10,Groceries,Almond Milk,2,258.52,0,Cash On Delivery,517.04,No
O000214,U00134,2026-02-22T08:46:14,Beauty,Hair Mask,4,46.14,15,Credit Card,156.88,No
O000215,U00031,2025-08-16T13:13:38,Beauty,Face Serum,4,268.6,25,Wallet,805.8,No
O000216,U00323,2026-05-20T13:58:38,Electronics,Mechanical Keyboard,4,396.41,20,Wallet,1268.51,No
O000217,U00297,2025-03-28T19:47:59,Electronics,Smart Earbuds,2,467.11,30,Cash On Delivery,653.95,No
O000218,U00248,2025-06-13T04:16:04,Home,Storage Basket,2,502.83,30,UPI,703.96,No
O000219,U00134,2025-09-23T23:35:54,Electronics,Wireless Mouse,4,415.86,30,UPI,1164.41,No
O000220,U00019,2025-04-19T18:10:49,Groceries,Olive Oil,3,315.98,20,Debit Card,758.35,No
O000221,U00150,2025-08-27T04:36:27,Electronics,4K Monitor,3,313.44,25,Cash On Delivery,705.24,No
O000222,U00381,2026-06-24T21:16:38,Groceries,Olive Oil,4,372.92,5,Debit Card,1417.1,No
O000223,U00109,2026-03-30T00:12:07,Groceries,Olive Oil,3,353.13,0,UPI,1059.39,No
O000224,U00265,2025-11-12T05:29:32,Electronics,Mechanical Keyboard,3,398.86,25,Wallet,897.43,No
O000225,U00161,2026-02-11T11:42:59,Fashion,Cotton Shirt,2,326.23,20,UPI,521.97,No
O000226,U00195,2025-01-12T01:18:53,Home,Air Purifier,5,269.27,15,Cash On Delivery,1144.4,No
O000227,U00143,2026-04-18T17:53:41,Groceries,Almond Milk,3,119.88,5,Cash On Delivery,341.66,No
O000228,U00007,2026-02-12T02:16:25,Fashion,Cotton Shirt,4,256.95,25,Debit Card,770.85,No
O000229,U00260,2025-02-22T04:39:23,Groceries,Organic Coffee,4,347.51,10,UPI,1251.04,No
O000230,U00127,2025-07-10T01:23:38,Beauty,Face Serum,1,250.08,20,UPI,200.06,No
O000231,U00091,2025-02-01T05:59:36,Fashion,Running Shoes,2,381.78,15,Net Banking,649.03,No
O000232,U00068,2026-02-10T21:10:53,Groceries,Organic Coffee,2,405.47,0,UPI,810.94,Yes
O000233,U00238,2025-03-18T07:53:23,Fashion,Running Shoes,5,420.83,15,Net Banking,1788.53,No
O000234,U00227,2025-03-06T18:25:53,Electronics,Mechanical Keyboard,1,114.46,0,Wallet,114.46,No
O000235,U00005,2026-03-28T19:55:35,Beauty,Body Lotion,5,272.08,20,Wallet,1088.32,No
O000236,U00315,2025-12-21T09:11:56,Electronics,Wireless Mouse,2,327.2,25,Credit Card,490.8,No
O000237,U00260,2026-01-11T08:59:08,Home,Storage Basket,4,350.07,10,Net Banking,1260.25,No
O000238,U00348,2026-03-12T22:43:30,Groceries,Protein Granola,5,142.97,10,Net Banking,643.37,No
O000239,U00261,2026-01-01T10:52:25,Home,Desk Lamp,2,272.27,10,Wallet,490.09,No
O000240,U00227,2025-09-23T23:23:23,Electronics,Wireless Mouse,3,59.26,30,Cash On Delivery,124.45,No
O000241,U00158,2026-01-25T17:51:03,Fashion,Running Shoes,1,421.47,5,UPI,400.4,No
O000242,U00108,2026-03-20T12:22:06,Beauty,Hair Mask,1,379.13,20,Cash On Delivery,303.3,No
O000243,U00081,2026-04-19T21:31:16,Fashion,Running Shoes,4,433.91,30,Cash On Delivery,1214.95,No
O000244,U00372,2025-07-29T05:39:59,Beauty,Hair Mask,5,435.5,30,Debit Card,1524.25,No
O000245,U00373,2025-10-02T21:47:59,Home,Storage Basket,3,86.58,10,Cash On Delivery,233.77,No
O000246,U00003,2025-11-10T20:37:04,Groceries,Olive Oil,5,221.3,15,Credit Card,940.52,No
O000247,U00420,2025-06-07T01:31:31,Groceries,Almond Milk,4,423.74,0,Debit Card,1694.96,No
O000248,U00405,2025-10-25T00:34:14,Groceries,Protein Granola,3,20.83,15,UPI,53.12,No
O000249,U00141,2025-03-24T23:32:27,Fashion,Running Shoes,5,280.6,30,Credit Card,982.1,No
O000250,U00400,2026-05-28T04:26:48,Groceries,Olive Oil,5,262.67,0,Wallet,1313.35,No
O000251,U00193,2025-02-16T01:44:44,Home,Air Purifier,3,542.92,20,Credit Card,1303.01,Yes
O000252,U00057,2026-01-02T11:45:04,Groceries,Protein Granola,5,208.24,10,Debit Card,937.08,No
O000253,U00078,2026-04-04T02:49:26,Electronics,Mechanical Keyboard,4,454.78,30,UPI,1273.38,No
O000254,U00280,2026-05-29T04:10:08,Beauty,Face Serum,4,140.91,20,UPI,450.91,No
O000255,U00403,2026-06-28T02:59:21,Groceries,Organic Coffee,2,426.48,0,Cash On Delivery,852.96,No
O000256,U00117,2025-12-24T22:00:12,Groceries,Olive Oil,2,107.8,15,UPI,183.26,No
O000257,U00072,2025-04-03T13:52:14,Groceries,Protein Granola,5,413.23,0,Cash On Delivery,2066.15,No
O000258,U00263,2025-10-18T02:04:00,Home,Ceramic Set,1,458.77,0,Credit Card,458.77,No
O000259,U00171,2026-05-08T17:35:08,Electronics,Mechanical Keyboard,5,274.67,20,Credit Card,1098.68,No
O000260,U00082,2026-02-03T20:20:25,Beauty,Face Serum,5,431.08,20,Credit Card,1724.32,No
O000261,U00419,2025-08-04T01:08:09,Home,Air Purifier,1,423.78,15,Wallet,360.21,No
O000262,U00174,2025-12-19T16:03:03,Fashion,Cotton Shirt,1,106.47,20,Net Banking,85.18,No
O000263,U00320,2025-10-30T21:08:53,Home,Desk Lamp,4,319.51,0,Credit Card,1278.04,Yes
O000264,U00300,2026-06-08T22:18:19,Groceries,Olive Oil,2,148.3,5,UPI,281.77,No
O000265,U00076,2025-06-10T02:48:21,Fashion,Cotton Shirt,5,90.71,30,UPI,317.48,No
O000266,U00168,2025-09-02T22:17:37,Electronics,Smart Earbuds,2,300.72,0,Debit Card,601.44,No
O000267,U00120,2025-06-18T17:34:08,Fashion,Cotton Shirt,2,237.96,10,UPI,428.33,Yes
O000268,U00381,2025-06-12T00:17:38,Home,Desk Lamp,4,21.78,30,Wallet,60.98,Yes
O000269,U00303,2025-04-07T19:37:54,Home,Ceramic Set,2,119.45,15,Credit Card,203.06,No
O000270,U00251,2026-04-15T19:11:29,Beauty,Face Serum,2,418.08,0,UPI,836.16,No
O000271,U00410,2026-01-29T17:29:26,Groceries,Olive Oil,2,122.0,0,UPI,244.0,No
O000272,U00412,2025-11-23T05:37:39,Beauty,Face Serum,4,16.75,15,Wallet,56.95,No
O000273,U00034,2025-12-04T05:07:18,Electronics,Mechanical Keyboard,3,520.59,30,Cash On Delivery,1093.24,No
O000274,U00374,2026-05-18T19:39:28,Electronics,Wireless Mouse,4,16.59,10,UPI,59.72,Yes
O000275,U00080,2025-04-19T21:53:49,Fashion,Running Shoes,5,13.03,20,Cash On Delivery,52.12,No
O000276,U00379,2026-05-29T09:02:30,Electronics,Smart Earbuds,5,442.89,30,UPI,1550.11,No
O000277,U00078,2026-06-04T08:52:17,Home,Air Purifier,4,101.45,20,Debit Card,324.64,No
O000278,U00207,2026-05-01T16:40:10,Electronics,4K Monitor,1,277.68,10,UPI,249.91,No
O000279,U00015,2026-01-01T10:47:56,Groceries,Protein Granola,1,432.53,10,Credit Card,389.28,No
O000280,U00307,2026-02-12T22:31:24,Fashion,Casual Sneakers,1,300.4,30,Debit Card,210.28,No
O000281,U00058,2026-01-05T11:29:33,Electronics,Mechanical Keyboard,2,57.93,0,Wallet,115.86,No
O000282,U00327,2025-01-01T13:27:07,Beauty,Hair Mask,2,472.45,30,UPI,661.43,No
O000283,U00315,2026-06-04T04:28:28,Groceries,Almond Milk,3,363.75,10,Cash On Delivery,982.12,No
O000284,U00413,2025-04-21T18:10:24,Home,Air Purifier,2,126.87,5,Debit Card,241.05,No
O000285,U00128,2025-06-25T17:06:35,Electronics,Wireless Mouse,3,488.71,0,UPI,1466.13,No
O000286,U00265,2026-03-25T07:10:28,Groceries,Protein Granola,4,370.25,20,UPI,1184.8,No
O000287,U00297,2025-01-27T14:00:21,Fashion,Cotton Shirt,4,211.13,5,Cash On Delivery,802.29,No
O000288,U00074,2026-05-08T22:22:22,Home,Desk Lamp,2,538.91,0,Credit Card,1077.82,No
O000289,U00247,2026-01-11T19:31:18,Fashion,Running Shoes,4,182.81,20,UPI,584.99,No
O000290,U00319,2025-07-24T03:02:00,Beauty,Hair Mask,4,546.04,15,Net Banking,1856.54,No
O000291,U00131,2025-09-22T20:23:01,Groceries,Protein Granola,3,548.2,5,Wallet,1562.37,No
O000292,U00033,2025-10-11T19:57:51,Home,Desk Lamp,3,421.69,10,Wallet,1138.56,No
O000293,U00057,2025-04-04T10:08:22,Beauty,Body Lotion,1,131.1,15,Net Banking,111.43,No
O000294,U00043,2026-01-28T00:43:55,Fashion,Cotton Shirt,3,253.29,20,Debit Card,607.9,No
O000295,U00398,2025-01-13T23:40:09,Beauty,Body Lotion,2,463.29,5,Debit Card,880.25,No
O000296,U00025,2026-02-19T02:45:10,Groceries,Almond Milk,5,474.08,20,UPI,1896.32,No
O000297,U00085,2026-05-09T03:31:50,Beauty,Body Lotion,3,94.04,25,Cash On Delivery,211.59,No
O000298,U00218,2025-06-07T01:12:32,Fashion,Running Shoes,5,518.67,20,UPI,2074.68,Yes
O000299,U00244,2025-12-30T12:13:46,Home,Storage Basket,4,496.32,15,UPI,1687.49,No
O000300,U00343,2025-08-31T00:44:41,Groceries,Organic Coffee,1,144.22,20,Debit Card,115.38,No
O000301,U00074,2026-01-09T13:13:28,Beauty,Face Serum,1,417.3,5,Debit Card,396.44,No
O000302,U00303,2025-05-31T04:42:08,Fashion,Casual Sneakers,2,358.18,15,Debit Card,608.91,No
O000303,U00064,2026-04-01T02:31:18,Electronics,4K Monitor,3,84.12,15,Cash On Delivery,214.51,No
O000304,U00327,2025-04-02T02:28:53,Home,Air Purifier,3,420.24,0,Net Banking,1260.72,No
O000305,U00064,2026-02-25T09:48:28,Electronics,Wireless Mouse,2,365.95,10,Cash On Delivery,658.71,No
O000306,U00196,2025-07-18T09:58:38,Fashion,Denim Jacket,3,482.38,0,Credit Card,1447.14,No
O000307,U00268,2025-03-22T00:59:39,Home,Air Purifier,4,419.09,5,Credit Card,1592.54,No
O000308,U00254,2026-06-29T22:45:14,Beauty,Lip Tint,2,479.19,25,Wallet,718.78,No
O000309,U00261,2025-09-13T09:49:45,Electronics,Mechanical Keyboard,3,498.36,25,Wallet,1121.31,No
O000310,U00413,2026-01-13T03:17:05,Groceries,Protein Granola,1,15.01,25,Debit Card,11.26,No
O000311,U00363,2026-01-14T22:24:22,Fashion,Casual Sneakers,3,64.35,30,Net Banking,135.13,No
O000312,U00196,2025-02-02T16:49:25,Beauty,Hair Mask,5,289.28,25,Net Banking,1084.8,No
O000313,U00185,2026-03-27T14:15:32,Electronics,Smart Earbuds,1,531.97,5,Cash On Delivery,505.37,No
O000314,U00178,2026-05-18T14:36:12,Beauty,Hair Mask,4,397.31,0,Wallet,1589.24,No
O000315,U00382,2025-12-02T09:17:09,Beauty,Face Serum,4,448.73,25,Cash On Delivery,1346.19,No
O000316,U00051,2025-08-16T00:26:06,Fashion,Running Shoes,1,349.74,10,Wallet,314.77,No
O000317,U00181,2025-07-13T04:07:27,Home,Storage Basket,3,451.56,10,UPI,1219.21,No
O000318,U00135,2025-05-05T17:39:14,Electronics,Mechanical Keyboard,4,386.91,25,Debit Card,1160.73,No
O000319,U00418,2025-05-14T15:23:37,Beauty,Lip Tint,4,416.3,30,Wallet,1165.64,No
O000320,U00117,2025-09-03T20:37:26,Groceries,Protein Granola,5,299.72,30,UPI,1049.02,No
O000321,U00096,2025-10-25T05:58:39,Electronics,Wireless Mouse,3,345.02,25,Debit Card,776.29,No
O000322,U00387,2025-05-04T16:01:36,Home,Storage Basket,3,444.8,10,Debit Card,1200.96,No
O000323,U00359,2026-05-14T21:29:02,Electronics,4K Monitor,5,176.31,20,Net Banking,705.24,No
O000324,U00102,2025-03-14T12:25:30,Beauty,Body Lotion,4,343.21,0,Credit Card,1372.84,No
O000325,U00182,2025-11-05T04:04:54,Home,Storage Basket,2,396.01,20,Debit Card,633.62,No
O000326,U00166,2025-06-24T15:02:20,Electronics,Mechanical Keyboard,5,317.0,0,Wallet,1585.0,No
O000327,U00356,2025-06-20T01:59:34,Fashion,Running Shoes,3,22.29,5,Debit Card,63.53,No
O000328,U00011,2026-04-21T12:37:03,Home,Air Purifier,2,14.73,5,Wallet,27.99,No
O000329,U00298,2025-11-07T09:23:51,Home,Air Purifier,4,108.84,20,Cash On Delivery,348.29,No
O000330,U00221,2025-10-15T13:33:34,Home,Storage Basket,3,443.46,10,UPI,1197.34,No
O000331,U00069,2025-09-07T20:13:28,Fashion,Cotton Shirt,5,201.53,25,Cash On Delivery,755.74,No
O000332,U00260,2026-01-05T12:23:37,Beauty,Body Lotion,1,539.71,30,Net Banking,377.8,No
O000333,U00284,2025-06-23T22:59:16,Beauty,Body Lotion,3,396.92,25,Wallet,893.07,No
O000334,U00224,2025-02-20T05:18:28,Electronics,Wireless Mouse,5,245.33,20,Debit Card,981.32,Yes
O000335,U00076,2025-02-19T12:53:10,Home,Desk Lamp,3,266.33,25,Cash On Delivery,599.24,No
O000336,U00221,2025-04-14T13:57:02,Groceries,Protein Granola,1,394.78,15,Wallet,335.56,No
O000337,U00170,2025-06-30T15:18:49,Home,Storage Basket,5,385.89,10,Net Banking,1736.5,No
O000338,U00301,2025-09-02T05:55:58,Beauty,Hair Mask,2,423.33,25,Credit Card,635.0,No
O000339,U00315,2025-02-19T10:07:32,Electronics,Mechanical Keyboard,5,72.87,0,Net Banking,364.35,No
O000340,U00389,2025-05-20T07:09:18,Fashion,Running Shoes,2,539.04,30,Debit Card,754.66,Yes
O000341,U00294,2026-06-29T10:15:22,Home,Desk Lamp,3,56.3,15,Cash On Delivery,143.56,No
O000342,U00094,2025-03-16T11:01:17,Home,Ceramic Set,4,83.07,10,UPI,299.05,No
O000343,U00206,2025-06-05T19:35:27,Home,Storage Basket,4,57.18,10,Debit Card,205.85,No
O000344,U00132,2025-01-16T20:17:51,Electronics,Mechanical Keyboard,4,415.48,20,Net Banking,1329.54,Yes
O000345,U00271,2025-01-10T18:28:47,Beauty,Face Serum,3,59.76,0,Credit Card,179.28,No
O000346,U00036,2025-05-14T21:38:15,Groceries,Organic Coffee,5,313.34,30,Debit Card,1096.69,No
O000347,U00050,2026-06-15T15:25:06,Home,Air Purifier,5,126.36,10,Debit Card,568.62,No
O000348,U00091,2026-01-30T01:17:34,Beauty,Body Lotion,4,390.85,30,Debit Card,1094.38,No
O000349,U00407,2025-04-04T10:14:20,Home,Desk Lamp,5,29.02,20,UPI,116.08,No
O000350,U00052,2026-01-22T12:53:16,Electronics,Mechanical Keyboard,2,327.84,5,Debit Card,622.9,No
O000351,U00200,2025-12-14T22:07:27,Beauty,Lip Tint,4,511.3,20,Credit Card,1636.16,No
O000352,U00419,2026-01-17T04:34:53,Electronics,Mechanical Keyboard,2,206.21,5,Debit Card,391.8,No
O000353,U00416,2026-05-28T08:57:14,Electronics,Mechanical Keyboard,1,504.8,15,Cash On Delivery,429.08,No
O000354,U00165,2026-02-14T14:16:59,Beauty,Face Serum,5,57.3,25,Net Banking,214.88,No
O000355,U00165,2025-04-16T05:26:58,Beauty,Hair Mask,5,356.61,10,Wallet,1604.75,No
O000356,U00252,2025-01-19T12:18:02,Groceries,Olive Oil,4,243.85,0,Wallet,975.4,No
O000357,U00403,2025-08-12T01:40:58,Beauty,Hair Mask,5,218.73,15,Cash On Delivery,929.6,No
O000358,U00301,2026-03-20T17:20:10,Beauty,Face Serum,2,521.15,10,Net Banking,938.07,No
O000359,U00198,2025-05-27T05:01:46,Groceries,Organic Coffee,5,23.16,10,UPI,104.22,No
O000360,U00261,2025-10-16T00:39:32,Electronics,Wireless Mouse,5,292.0,5,Cash On Delivery,1387.0,No
O000361,U00365,2025-09-06T19:01:15,Fashion,Denim Jacket,4,522.88,5,Credit Card,1986.94,No
O000362,U00024,2025-10-24T07:27:55,Home,Air Purifier,5,355.11,0,Debit Card,1775.55,No
O000363,U00417,2025-09-14T21:38:23,Electronics,Mechanical Keyboard,1,498.18,25,Debit Card,373.63,No
O000364,U00307,2025-07-11T05:00:01,Fashion,Cotton Shirt,4,32.26,5,Net Banking,122.59,No
O000365,U00378,2025-07-31T17:54:38,Home,Storage Basket,2,517.63,25,Wallet,776.44,No
O000366,U00419,2026-01-15T05:00:54,Home,Ceramic Set,4,158.72,5,UPI,603.14,No
O000367,U00115,2025-02-24T18:40:09,Home,Desk Lamp,4,77.86,25,Cash On Delivery,233.58,No
O000368,U00086,2025-07-19T05:29:27,Fashion,Casual Sneakers,1,107.38,10,Cash On Delivery,96.64,No
O000369,U00292,2025-07-23T02:41:53,Home,Storage Basket,5,163.25,30,Credit Card,571.38,No
O000370,U00103,2025-04-09T17:35:45,Home,Air Purifier,1,308.67,15,Net Banking,262.37,No
O000371,U00199,2025-05-24T06:55:31,Home,Ceramic Set,1,68.38,0,Credit Card,68.38,No
O000372,U00379,2025-04-21T21:12:54,Electronics,4K Monitor,4,341.5,15,Wallet,1161.1,No
O000373,U00292,2025-01-12T00:54:53,Electronics,4K Monitor,2,400.9,0,Debit Card,801.8,No
O000374,U00029,2025-10-31T22:34:54,Groceries,Almond Milk,3,258.42,25,Wallet,581.44,No
O000375,U00172,2026-05-27T02:14:12,Groceries,Organic Coffee,2,107.71,5,Cash On Delivery,204.65,No
O000376,U00286,2025-05-06T03:05:03,Home,Desk Lamp,2,334.1,10,Debit Card,601.38,No
O000377,U00266,2026-02-19T23:35:05,Groceries,Organic Coffee,1,379.14,15,Credit Card,322.27,No
O000378,U00351,2025-07-01T11:46:29,Fashion,Cotton Shirt,3,28.83,0,Credit Card,86.49,No
O000379,U00115,2026-05-04T00:06:39,Beauty,Face Serum,4,424.63,0,Credit Card,1698.52,No
O000380,U00198,2025-08-08T09:35:36,Electronics,Smart Earbuds,4,515.97,25,Cash On Delivery,1547.91,No
O000381,U00326,2025-12-20T09:31:18,Home,Air Purifier,4,340.03,10,Wallet,1224.11,No
O000382,U00074,2025-08-11T19:31:24,Fashion,Casual Sneakers,5,484.66,5,Cash On Delivery,2302.14,No
O000383,U00222,2025-08-21T21:45:07,Home,Storage Basket,2,207.5,0,Debit Card,415.0,Yes
O000384,U00181,2025-06-11T15:16:56,Home,Air Purifier,4,75.76,25,Wallet,227.28,No
O000385,U00238,2025-10-10T09:15:16,Home,Ceramic Set,4,248.59,15,UPI,845.21,No
O000386,U00365,2025-05-29T07:50:49,Home,Air Purifier,5,119.61,5,Net Banking,568.15,No
O000387,U00406,2025-11-14T01:33:01,Beauty,Lip Tint,4,305.13,30,UPI,854.36,No
O000388,U00334,2025-12-18T07:51:08,Fashion,Casual Sneakers,2,262.87,20,UPI,420.59,No
O000389,U00283,2025-05-02T17:27:37,Beauty,Hair Mask,1,116.08,10,Cash On Delivery,104.47,No
O000390,U00356,2025-06-10T08:34:05,Beauty,Hair Mask,2,519.21,0,Wallet,1038.42,No
O000391,U00206,2026-03-23T16:03:56,Fashion,Cotton Shirt,5,424.93,25,Debit Card,1593.49,No
O000392,U00391,2026-01-14T00:27:56,Groceries,Olive Oil,2,478.47,5,UPI,909.09,No
O000393,U00011,2025-01-07T17:35:45,Beauty,Face Serum,1,434.53,0,Credit Card,434.53,No
O000394,U00110,2025-08-27T21:22:05,Electronics,Mechanical Keyboard,3,118.03,5,Credit Card,336.39,No
O000395,U00149,2025-08-24T12:48:44,Groceries,Olive Oil,4,191.53,5,Credit Card,727.81,No
O000396,U00317,2025-11-15T04:59:12,Fashion,Running Shoes,2,233.03,20,Debit Card,372.85,No
O000397,U00076,2025-12-12T13:36:34,Home,Storage Basket,2,537.06,25,Credit Card,805.59,No
O000398,U00393,2025-01-16T11:58:18,Fashion,Casual Sneakers,4,213.62,5,Net Banking,811.76,No
O000399,U00011,2026-01-17T23:12:06,Groceries,Olive Oil,5,317.98,15,Cash On Delivery,1351.41,No
O000400,U00320,2025-08-22T02:21:14,Groceries,Organic Coffee,3,45.34,5,Cash On Delivery,129.22,No
O000401,U00150,2025-03-06T12:35:14,Fashion,Denim Jacket,2,529.17,10,UPI,952.51,No
O000402,U00087,2025-10-11T16:07:09,Home,Desk Lamp,5,490.95,15,UPI,2086.54,No
O000403,U00027,2026-05-20T09:47:19,Groceries,Organic Coffee,4,180.66,5,Debit Card,686.51,No
O000404,U00384,2026-05-26T01:39:07,Groceries,Olive Oil,4,190.93,10,Wallet,687.35,No
O000405,U00006,2026-03-22T13:39:34,Groceries,Organic Coffee,2,480.65,20,Credit Card,769.04,No
O000406,U00345,2025-07-29T22:27:11,Fashion,Casual Sneakers,4,218.51,25,Cash On Delivery,655.53,No
O000407,U00178,2025-07-23T04:21:09,Groceries,Olive Oil,4,391.35,5,Net Banking,1487.13,No
O000408,U00044,2026-06-02T11:17:21,Groceries,Protein Granola,1,503.04,25,UPI,377.28,No
O000409,U00125,2025-02-27T19:11:21,Electronics,Smart Earbuds,2,444.97,0,Debit Card,889.94,No
O000410,U00371,2025-01-11T10:40:27,Fashion,Running Shoes,1,476.12,0,Cash On Delivery,476.12,No
O000411,U00236,2026-05-06T02:44:48,Beauty,Face Serum,2,323.85,30,UPI,453.39,No
O000412,U00382,2025-03-05T00:51:00,Electronics,Smart Earbuds,1,389.65,5,Debit Card,370.17,No
O000413,U00108,2025-02-08T20:02:31,Electronics,Smart Earbuds,4,437.04,5,Cash On Delivery,1660.75,No
O000414,U00254,2026-04-16T06:33:06,Groceries,Almond Milk,4,451.11,25,Cash On Delivery,1353.33,No
O000415,U00041,2025-05-17T14:05:54,Groceries,Organic Coffee,4,108.23,0,Debit Card,432.92,No
O000416,U00097,2025-05-26T06:49:42,Beauty,Body Lotion,1,388.95,0,UPI,388.95,No
O000417,U00152,2026-04-13T05:46:43,Fashion,Running Shoes,4,352.33,20,Wallet,1127.46,No
O000418,U00377,2025-07-07T00:17:27,Groceries,Almond Milk,4,144.01,10,Net Banking,518.44,Yes
O000419,U00253,2025-09-25T08:47:11,Groceries,Protein Granola,2,43.04,0,Cash On Delivery,86.08,Yes
O000420,U00346,2025-03-10T12:45:28,Home,Desk Lamp,4,14.5,25,UPI,43.5,No
O000421,U00164,2025-12-17T03:16:40,Groceries,Organic Coffee,5,150.24,30,UPI,525.84,No
O000422,U00161,2026-03-01T00:37:42,Home,Storage Basket,4,170.73,15,Cash On Delivery,580.48,No
O000423,U00239,2025-12-25T13:35:50,Beauty,Body Lotion,1,382.45,15,UPI,325.08,No
O000424,U00378,2025-10-27T11:26:13,Home,Ceramic Set,4,253.08,5,Wallet,961.7,No
O000425,U00077,2025-11-07T05:41:45,Fashion,Cotton Shirt,4,544.45,25,UPI,1633.35,Yes
O000426,U00049,2025-01-13T17:31:11,Fashion,Running Shoes,5,520.76,5,Wallet,2473.61,No
O000427,U00082,2025-08-24T18:03:45,Groceries,Protein Granola,2,19.75,15,Net Banking,33.57,No
O000428,U00223,2025-05-05T03:16:22,Fashion,Casual Sneakers,5,400.26,15,Wallet,1701.11,No
O000429,U00362,2026-01-06T06:20:12,Electronics,Mechanical Keyboard,1,44.26,10,Net Banking,39.83,No
O000430,U00158,2026-05-06T12:10:25,Fashion,Casual Sneakers,2,233.66,0,Debit Card,467.32,No
O000431,U00272,2025-08-07T22:56:35,Groceries,Olive Oil,5,74.04,5,UPI,351.69,No
O000432,U00010,2025-12-14T06:08:30,Fashion,Cotton Shirt,5,533.97,0,UPI,2669.85,No
O000433,U00325,2026-01-05T20:46:54,Fashion,Cotton Shirt,2,501.3,10,UPI,902.34,No
O000434,U00401,2026-05-07T10:02:32,Beauty,Lip Tint,2,496.81,10,Net Banking,894.26,No
O000435,U00010,2025-09-01T11:19:07,Fashion,Running Shoes,2,272.81,15,Net Banking,463.78,No
O000436,U00252,2025-12-26T09:09:10,Home,Air Purifier,5,182.34,20,Net Banking,729.36,No
O000437,U00406,2025-08-03T12:56:03,Groceries,Organic Coffee,4,219.15,5,Cash On Delivery,832.77,No
O000438,U00168,2025-10-04T15:28:01,Electronics,Wireless Mouse,2,129.05,0,Net Banking,258.1,No
O000439,U00310,2026-02-21T13:32:46,Fashion,Cotton Shirt,3,270.71,10,Debit Card,730.92,No
O000440,U00100,2026-02-11T14:47:17,Fashion,Denim Jacket,3,405.51,25,Net Banking,912.4,No
O000441,U00074,2025-08-18T23:46:01,Home,Ceramic Set,1,169.61,5,Credit Card,161.13,Yes
O000442,U00229,2026-05-02T03:25:58,Home,Desk Lamp,3,260.0,5,Wallet,741.0,No
O000443,U00234,2025-08-03T08:04:14,Beauty,Hair Mask,3,66.4,10,Debit Card,179.28,No
O000444,U00009,2025-04-07T05:56:31,Home,Storage Basket,2,325.87,10,Credit Card,586.57,No
O000445,U00369,2025-10-19T07:02:53,Beauty,Hair Mask,3,84.83,30,Net Banking,178.14,Yes
O000446,U00390,2025-01-27T19:45:36,Home,Storage Basket,4,104.48,20,Cash On Delivery,334.34,No
O000447,U00366,2025-04-13T10:10:28,Beauty,Face Serum,5,38.28,25,Wallet,143.55,Yes
O000448,U00366,2025-07-02T12:58:15,Electronics,4K Monitor,2,63.42,5,Credit Card,120.5,No
O000449,U00036,2026-01-18T12:02:22,Groceries,Protein Granola,1,231.65,30,Wallet,162.16,No
O000450,U00046,2025-06-10T23:30:18,Beauty,Hair Mask,4,384.47,20,Wallet,1230.3,No
O000451,U00286,2025-01-19T19:35:25,Groceries,Almond Milk,2,38.63,25,Credit Card,57.95,No
O000452,U00120,2025-04-29T13:14:35,Fashion,Casual Sneakers,1,30.86,30,Debit Card,21.6,No
O000453,U00149,2026-01-18T07:46:52,Groceries,Olive Oil,4,18.44,30,Credit Card,51.63,No
O000454,U00107,2025-06-28T06:18:06,Home,Desk Lamp,1,116.47,0,Net Banking,116.47,No
O000455,U00085,2025-11-05T11:59:58,Groceries,Organic Coffee,5,485.85,20,Debit Card,1943.4,No
O000456,U00199,2025-05-05T04:04:05,Electronics,Mechanical Keyboard,3,309.49,20,Debit Card,742.78,No
O000457,U00202,2025-04-03T13:26:46,Groceries,Protein Granola,2,185.27,10,Cash On Delivery,333.49,No
O000458,U00263,2025-11-12T02:37:30,Electronics,Wireless Mouse,5,532.51,25,Debit Card,1996.91,No
O000459,U00106,2025-06-05T10:55:44,Electronics,Wireless Mouse,1,410.6,30,Net Banking,287.42,No
O000460,U00238,2025-02-12T05:29:04,Groceries,Almond Milk,5,451.28,10,Cash On Delivery,2030.76,No
O000461,U00007,2025-06-18T02:25:38,Beauty,Lip Tint,2,285.02,10,Debit Card,513.04,No
O000462,U00201,2026-04-13T10:36:25,Fashion,Casual Sneakers,4,398.22,15,Debit Card,1353.95,No
O000463,U00001,2025-01-25T05:36:32,Home,Storage Basket,2,50.1,0,Net Banking,100.2,Yes
O000464,U00374,2026-03-18T06:21:17,Electronics,Mechanical Keyboard,1,172.47,15,Debit Card,146.6,No
O000465,U00191,2025-03-01T02:35:51,Groceries,Almond Milk,2,534.25,25,UPI,801.38,No
O000466,U00073,2025-07-24T01:33:40,Electronics,Mechanical Keyboard,1,495.0,10,Wallet,445.5,No
O000467,U00090,2025-01-12T03:23:32,Fashion,Denim Jacket,1,485.12,15,Credit Card,412.35,No
O000468,U00139,2025-01-18T12:31:45,Fashion,Casual Sneakers,5,384.65,10,Cash On Delivery,1730.92,No
O000469,U00194,2025-01-24T05:20:28,Electronics,4K Monitor,2,43.32,25,Credit Card,64.98,No
O000470,U00023,2026-05-26T00:05:53,Home,Ceramic Set,2,535.32,20,Credit Card,856.51,No
O000471,U00013,2026-06-06T08:52:05,Groceries,Protein Granola,4,117.86,10,UPI,424.3,No
O000472,U00023,2026-03-14T11:01:55,Fashion,Running Shoes,4,447.21,25,Wallet,1341.63,No
O000473,U00307,2025-10-13T06:54:54,Home,Air Purifier,1,163.29,0,Wallet,163.29,No
O000474,U00372,2026-03-04T23:49:58,Beauty,Body Lotion,3,364.96,10,Net Banking,985.39,No
O000475,U00240,2025-09-27T20:41:50,Groceries,Olive Oil,2,322.47,10,UPI,580.45,No
O000476,U00309,2025-07-16T15:59:44,Home,Ceramic Set,3,529.07,0,Debit Card,1587.21,No
O000477,U00349,2025-05-08T14:19:45,Groceries,Olive Oil,4,416.51,30,Credit Card,1166.23,No
O000478,U00082,2026-03-22T14:24:18,Fashion,Cotton Shirt,5,350.92,25,Debit Card,1315.95,No
O000479,U00257,2026-02-27T12:50:03,Fashion,Casual Sneakers,1,454.31,0,Credit Card,454.31,No
O000480,U00085,2025-06-26T03:31:44,Beauty,Face Serum,3,514.5,25,Cash On Delivery,1157.62,No
O000481,U00409,2025-10-17T23:13:43,Groceries,Olive Oil,1,184.41,30,Net Banking,129.09,No
O000482,U00209,2026-06-19T05:32:19,Beauty,Hair Mask,2,320.74,25,Credit Card,481.11,No
O000483,U00259,2025-03-25T17:33:13,Home,Air Purifier,2,396.18,30,Wallet,554.65,No
O000484,U00108,2026-02-25T22:59:41,Electronics,Mechanical Keyboard,2,417.64,10,Cash On Delivery,751.75,No
O000485,U00107,2025-05-25T05:57:43,Fashion,Denim Jacket,1,24.85,0,Cash On Delivery,24.85,No
O000486,U00339,2025-11-10T00:28:46,Groceries,Olive Oil,1,236.68,10,Credit Card,213.01,No
O000487,U00220,2026-04-26T23:48:05,Groceries,Protein Granola,4,211.2,10,Net Banking,760.32,No
O000488,U00164,2025-10-01T00:22:41,Beauty,Face Serum,4,537.54,15,Credit Card,1827.64,No
O000489,U00353,2026-04-02T00:47:52,Home,Ceramic Set,5,425.22,15,Net Banking,1807.19,No
O000490,U00389,2025-03-09T10:36:10,Home,Desk Lamp,4,28.96,15,Wallet,98.46,No
O000491,U00324,2025-03-15T00:23:30,Electronics,Smart Earbuds,2,400.56,25,Wallet,600.84,No
O000492,U00166,2025-08-29T15:20:37,Groceries,Almond Milk,5,541.33,0,Net Banking,2706.65,No
O000493,U00351,2025-04-10T17:15:14,Home,Air Purifier,5,230.55,0,Net Banking,1152.75,No
O000494,U00141,2026-06-26T11:27:52,Electronics,Wireless Mouse,1,280.12,15,Net Banking,238.1,No
O000495,U00265,2026-01-17T10:44:56,Beauty,Face Serum,3,325.43,25,Debit Card,732.22,No
O000496,U00219,2025-03-27T04:28:55,Groceries,Almond Milk,1,165.34,10,Cash On Delivery,148.81,No
O000497,U00199,2026-05-23T21:02:55,Electronics,4K Monitor,4,271.55,0,Debit Card,1086.2,No
O000498,U00350,2026-03-30T06:31:47,Electronics,Mechanical Keyboard,2,129.1,30,Wallet,180.74,No
O000499,U00380,2026-04-16T01:51:25,Home,Desk Lamp,1,97.12,5,Net Banking,92.26,Yes
O000500,U00356,2025-10-14T01:23:29,Home,Storage Basket,4,19.13,20,Cash On Delivery,61.22,No
O000501,U00360,2025-11-24T23:24:29,Home,Ceramic Set,1,159.16,20,Credit Card,127.33,Yes
O000502,U00071,2025-04-04T23:48:22,Groceries,Protein Granola,4,225.52,5,Credit Card,856.98,No
O000503,U00192,2026-03-09T22:06:05,Beauty,Body Lotion,2,249.79,20,UPI,399.66,No
O000504,U00104,2025-04-25T11:29:49,Fashion,Casual Sneakers,1,311.34,5,UPI,295.77,No
O000505,U00007,2025-03-29T13:51:37,Home,Desk Lamp,3,40.52,30,Net Banking,85.09,No
O000506,U00164,2025-07-09T06:27:09,Beauty,Face Serum,3,485.17,5,Wallet,1382.73,No
O000507,U00089,2025-10-29T06:11:18,Fashion,Casual Sneakers,4,267.47,0,Net Banking,1069.88,No
O000508,U00262,2025-04-23T22:30:04,Beauty,Face Serum,2,369.56,30,Credit Card,517.38,No
O000509,U00321,2025-10-08T22:59:46,Electronics,4K Monitor,2,347.8,15,Debit Card,591.26,No
O000510,U00400,2025-11-03T12:24:53,Home,Desk Lamp,4,31.26,10,Credit Card,112.54,No
O000511,U00116,2025-04-09T21:32:06,Groceries,Olive Oil,4,336.69,30,Wallet,942.73,No
O000512,U00148,2026-01-22T03:14:23,Beauty,Hair Mask,2,138.81,20,Credit Card,222.1,No
O000513,U00398,2025-04-24T01:30:20,Electronics,Wireless Mouse,1,312.43,25,Cash On Delivery,234.32,Yes
O000514,U00175,2025-08-24T17:35:31,Groceries,Olive Oil,3,259.76,30,Net Banking,545.5,No
O000515,U00353,2026-04-03T22:12:55,Groceries,Olive Oil,5,272.38,30,Cash On Delivery,953.33,No
O000516,U00251,2025-09-23T22:59:07,Beauty,Body Lotion,4,190.69,25,Net Banking,572.07,No
O000517,U00148,2026-04-07T17:02:58,Electronics,Mechanical Keyboard,3,514.32,30,Net Banking,1080.07,No
O000518,U00099,2025-09-18T04:49:27,Groceries,Almond Milk,5,111.67,10,Net Banking,502.52,No
O000519,U00097,2026-04-22T04:08:59,Groceries,Protein Granola,5,237.73,25,Debit Card,891.49,No
O000520,U00165,2025-06-08T19:29:39,Groceries,Almond Milk,3,394.24,20,Wallet,946.18,No
O000521,U00307,2026-05-08T00:15:23,Fashion,Denim Jacket,3,354.12,5,UPI,1009.24,No
O000522,U00139,2026-03-18T07:49:04,Home,Storage Basket,2,220.26,25,Wallet,330.39,No
O000523,U00193,2026-03-04T17:28:58,Fashion,Cotton Shirt,5,47.05,0,Wallet,235.25,Yes
O000524,U00299,2025-08-04T05:21:46,Fashion,Cotton Shirt,4,254.48,20,Net Banking,814.34,No
O000525,U00251,2026-04-08T08:40:12,Fashion,Cotton Shirt,1,540.02,25,Credit Card,405.01,No
O000526,U00186,2025-02-12T07:59:37,Home,Storage Basket,1,83.73,0,Credit Card,83.73,No
O000527,U00402,2025-03-16T11:31:50,Groceries,Organic Coffee,5,298.09,5,Cash On Delivery,1415.93,No
O000528,U00173,2026-04-30T22:54:51,Fashion,Denim Jacket,5,40.45,0,Cash On Delivery,202.25,No
O000529,U00293,2025-07-27T04:18:54,Home,Air Purifier,2,127.48,20,Net Banking,203.97,No
O000530,U00391,2025-06-20T18:43:00,Fashion,Running Shoes,1,308.11,10,Debit Card,277.3,No
O000531,U00047,2026-03-20T16:41:25,Home,Air Purifier,5,342.03,5,Cash On Delivery,1624.64,No
O000532,U00209,2025-06-21T15:14:39,Groceries,Olive Oil,1,59.86,30,Debit Card,41.9,No
O000533,U00123,2026-06-06T07:21:32,Fashion,Running Shoes,2,159.47,0,UPI,318.94,No
O000534,U00042,2025-11-14T07:38:13,Beauty,Hair Mask,4,123.66,0,Cash On Delivery,494.64,No
O000535,U00278,2025-07-31T01:17:22,Fashion,Casual Sneakers,5,414.88,0,Debit Card,2074.4,No
O000536,U00256,2026-01-30T05:35:30,Home,Ceramic Set,5,193.52,0,Net Banking,967.6,No
O000537,U00308,2026-06-27T20:58:40,Home,Air Purifier,3,86.33,0,Cash On Delivery,258.99,No
O000538,U00141,2025-07-13T05:19:40,Home,Air Purifier,2,178.3,15,Cash On Delivery,303.11,No
O000539,U00352,2026-03-14T12:50:34,Fashion,Casual Sneakers,5,483.73,0,Debit Card,2418.65,No
O000540,U00185,2025-10-23T21:48:46,Electronics,Wireless Mouse,1,218.77,10,Credit Card,196.89,No
O000541,U00118,2025-07-29T00:47:27,Home,Ceramic Set,1,245.05,10,UPI,220.55,No
O000542,U00300,2026-05-16T23:50:17,Groceries,Olive Oil,2,99.35,30,Net Banking,139.09,No
O000543,U00118,2025-03-11T21:12:32,Fashion,Denim Jacket,4,205.6,30,Cash On Delivery,575.68,No
O000544,U00232,2025-04-26T18:06:29,Electronics,Smart Earbuds,3,50.96,10,UPI,137.59,No
O000545,U00086,2026-02-09T06:58:18,Home,Storage Basket,2,132.17,10,Credit Card,237.91,No
O000546,U00380,2025-05-17T15:49:57,Electronics,Smart Earbuds,5,362.81,30,UPI,1269.83,No
O000547,U00309,2025-03-01T20:16:08,Home,Air Purifier,2,17.31,5,Credit Card,32.89,No
O000548,U00284,2025-10-14T13:21:52,Groceries,Almond Milk,5,75.28,15,Cash On Delivery,319.94,No
O000549,U00088,2025-07-31T12:44:16,Beauty,Body Lotion,2,434.5,10,Net Banking,782.1,No
O000550,U00241,2025-05-02T02:21:43,Beauty,Face Serum,4,81.14,0,Debit Card,324.56,No
O000551,U00126,2025-12-20T08:46:25,Beauty,Lip Tint,5,432.47,15,Debit Card,1838.0,No
O000552,U00194,2025-04-16T13:26:20,Fashion,Running Shoes,5,416.95,0,Credit Card,2084.75,No
O000553,U00207,2026-02-12T19:39:21,Beauty,Hair Mask,4,306.27,25,Wallet,918.81,No
O000554,U00384,2025-11-11T17:26:58,Beauty,Lip Tint,5,320.99,30,UPI,1123.46,No
O000555,U00413,2025-01-29T06:51:21,Home,Air Purifier,5,473.0,5,Debit Card,2246.75,No
O000556,U00196,2025-10-20T00:06:29,Groceries,Protein Granola,1,335.58,15,UPI,285.24,No
O000557,U00223,2026-05-11T21:38:20,Groceries,Olive Oil,2,414.67,5,Debit Card,787.87,No
O000558,U00009,2025-06-26T08:55:09,Beauty,Body Lotion,3,222.83,5,Wallet,635.07,No
O000559,U00238,2025-04-12T07:05:42,Home,Ceramic Set,4,209.39,5,Wallet,795.68,No
O000560,U00180,2025-12-28T05:53:42,Fashion,Running Shoes,1,168.12,0,Wallet,168.12,No
O000561,U00263,2026-03-05T10:41:40,Home,Desk Lamp,5,167.32,30,Wallet,585.62,Yes
O000562,U00260,2025-05-09T21:26:47,Home,Desk Lamp,3,187.65,10,Credit Card,506.66,No
O000563,U00323,2026-02-09T17:50:27,Fashion,Cotton Shirt,1,21.38,5,UPI,20.31,Yes
O000564,U00168,2025-08-10T07:25:38,Home,Storage Basket,5,257.48,20,UPI,1029.92,Yes
O000565,U00391,2026-02-04T05:07:33,Beauty,Face Serum,4,419.1,15,Credit Card,1424.94,No
O000566,U00170,2026-05-29T02:46:46,Beauty,Face Serum,2,513.66,15,Cash On Delivery,873.22,No
O000567,U00048,2026-04-25T03:22:17,Groceries,Almond Milk,2,421.06,5,Wallet,800.01,No
O000568,U00100,2025-11-21T23:05:29,Fashion,Denim Jacket,1,172.18,5,Net Banking,163.57,No
O000569,U00001,2025-02-21T10:35:03,Fashion,Casual Sneakers,5,315.96,5,Debit Card,1500.81,No
O000570,U00345,2026-01-19T07:10:32,Groceries,Olive Oil,1,126.75,5,Credit Card,120.41,No
O000571,U00241,2025-07-20T11:01:21,Home,Storage Basket,5,402.53,10,Net Banking,1811.38,No
O000572,U00367,2026-04-04T02:17:17,Groceries,Protein Granola,5,92.33,25,Net Banking,346.24,No
O000573,U00248,2025-07-31T09:57:43,Beauty,Body Lotion,2,449.69,15,UPI,764.47,No
O000574,U00154,2025-07-20T02:48:00,Groceries,Olive Oil,4,35.8,20,Credit Card,114.56,No
O000575,U00238,2025-04-30T00:56:27,Beauty,Body Lotion,2,485.36,5,Credit Card,922.18,No
O000576,U00291,2025-09-15T06:15:37,Beauty,Lip Tint,4,410.45,15,UPI,1395.53,No
O000577,U00224,2025-11-12T06:59:05,Fashion,Casual Sneakers,1,428.03,0,Wallet,428.03,No
O000578,U00158,2025-07-03T01:26:12,Home,Desk Lamp,3,516.18,0,Wallet,1548.54,No
O000579,U00121,2025-08-11T12:08:34,Home,Ceramic Set,5,124.0,15,Debit Card,527.0,No
O000580,U00193,2025-03-06T08:57:53,Fashion,Cotton Shirt,2,332.11,20,Credit Card,531.38,No
O000581,U00407,2026-06-26T16:10:14,Electronics,4K Monitor,5,240.27,0,Cash On Delivery,1201.35,No
O000582,U00150,2025-10-12T21:01:55,Electronics,Smart Earbuds,4,104.24,5,Cash On Delivery,396.11,No
O000583,U00170,2025-03-19T15:36:01,Groceries,Organic Coffee,1,97.55,10,Credit Card,87.8,No
O000584,U00405,2025-05-12T23:48:23,Electronics,Smart Earbuds,5,8.12,5,Wallet,38.57,No
O000585,U00270,2025-02-25T16:16:25,Home,Desk Lamp,3,329.61,20,Net Banking,791.06,No
O000586,U00330,2026-06-28T15:52:41,Electronics,Wireless Mouse,5,470.0,5,Net Banking,2232.5,No
O000587,U00174,2026-06-01T12:39:30,Beauty,Body Lotion,3,25.36,30,Debit Card,53.26,No
O000588,U00362,2025-11-08T12:56:04,Home,Storage Basket,5,174.07,25,Wallet,652.76,No
O000589,U00077,2025-05-01T13:29:36,Fashion,Cotton Shirt,3,122.12,15,Credit Card,311.41,No
O000590,U00065,2025-04-26T23:39:13,Beauty,Face Serum,2,66.36,15,Cash On Delivery,112.81,No
O000591,U00223,2025-11-15T08:43:39,Groceries,Protein Granola,5,137.68,15,Credit Card,585.14,No
O000592,U00018,2025-10-10T21:21:14,Beauty,Lip Tint,2,493.41,25,Debit Card,740.12,No
O000593,U00412,2025-07-15T21:00:44,Groceries,Organic Coffee,1,25.01,30,Wallet,17.51,No
O000594,U00166,2025-12-16T05:22:47,Home,Ceramic Set,4,432.78,30,Debit Card,1211.78,No
O000595,U00004,2025-05-08T12:31:14,Home,Storage Basket,5,478.53,5,UPI,2273.02,No
O000596,U00123,2026-02-03T06:59:39,Home,Storage Basket,2,30.78,5,Net Banking,58.48,No
O000597,U00005,2026-05-06T12:43:15,Groceries,Almond Milk,2,234.49,30,UPI,328.29,No
O000598,U00396,2026-01-25T04:45:01,Beauty,Lip Tint,3,9.48,15,Debit Card,24.17,No
O000599,U00303,2026-04-21T17:09:08,Groceries,Protein Granola,5,219.75,20,Net Banking,879.0,No
O000600,U00387,2025-12-21T12:35:26,Electronics,Wireless Mouse,5,304.54,20,Credit Card,1218.16,No
O000601,U00033,2026-01-04T13:38:54,Electronics,Wireless Mouse,5,347.86,30,Wallet,1217.51,No
O000602,U00231,2025-07-25T14:22:30,Beauty,Body Lotion,3,460.46,5,UPI,1312.31,No
O000603,U00003,2026-02-17T05:45:47,Electronics,4K Monitor,5,145.74,10,Debit Card,655.83,Yes
O000604,U00039,2025-08-01T12:55:14,Home,Air Purifier,4,9.22,0,Net Banking,36.88,No
O000605,U00407,2026-05-13T02:49:51,Beauty,Hair Mask,1,279.95,25,UPI,209.96,No
O000606,U00283,2025-08-12T08:27:12,Electronics,Wireless Mouse,5,123.67,25,Credit Card,463.76,No
O000607,U00008,2026-06-17T02:53:31,Home,Storage Basket,2,303.42,5,Wallet,576.5,No
O000608,U00375,2025-07-20T13:04:13,Fashion,Casual Sneakers,1,61.91,25,Debit Card,46.43,No
O000609,U00374,2025-05-08T07:27:12,Groceries,Olive Oil,2,499.03,5,UPI,948.16,No
O000610,U00036,2025-03-01T04:57:04,Groceries,Protein Granola,5,382.82,25,Debit Card,1435.57,No
O000611,U00389,2025-07-29T18:07:02,Electronics,4K Monitor,1,430.04,30,Debit Card,301.03,No
O000612,U00400,2026-02-20T05:30:54,Home,Storage Basket,1,279.25,30,Wallet,195.47,No
O000613,U00181,2025-05-18T00:18:25,Home,Storage Basket,1,201.09,0,Wallet,201.09,No
O000614,U00412,2025-03-09T03:03:49,Beauty,Lip Tint,1,501.72,20,Credit Card,401.38,No
O000615,U00100,2026-01-07T19:26:05,Groceries,Almond Milk,5,449.85,20,Cash On Delivery,1799.4,No
O000616,U00398,2025-11-09T14:23:12,Groceries,Olive Oil,4,64.13,20,Debit Card,205.22,No
O000617,U00382,2025-06-26T02:56:55,Beauty,Hair Mask,5,413.27,0,Cash On Delivery,2066.35,No
O000618,U00102,2025-02-02T14:16:38,Home,Ceramic Set,4,182.64,10,Credit Card,657.5,No
O000619,U00333,2025-09-21T02:18:11,Electronics,Mechanical Keyboard,1,543.31,10,Wallet,488.98,No
O000620,U00050,2026-04-07T21:03:04,Electronics,Mechanical Keyboard,4,54.19,30,Net Banking,151.73,No
O000621,U00372,2025-09-22T15:10:13,Electronics,4K Monitor,4,275.94,20,Credit Card,883.01,No
O000622,U00218,2025-08-16T22:19:44,Electronics,Mechanical Keyboard,2,177.14,30,Credit Card,248.0,No
O000623,U00195,2025-04-29T20:48:43,Electronics,Mechanical Keyboard,2,385.18,30,UPI,539.25,No
O000624,U00158,2025-08-21T21:03:08,Home,Desk Lamp,5,205.17,15,Wallet,871.97,Yes
O000625,U00071,2026-02-12T17:51:29,Groceries,Protein Granola,2,393.8,30,Net Banking,551.32,No
O000626,U00394,2025-09-17T06:12:22,Electronics,Mechanical Keyboard,1,59.58,10,UPI,53.62,No
O000627,U00026,2025-08-03T18:36:40,Fashion,Running Shoes,5,441.8,5,UPI,2098.55,No
O000628,U00354,2026-03-01T03:22:56,Beauty,Face Serum,5,514.88,30,UPI,1802.08,No
O000629,U00160,2025-11-23T08:33:29,Groceries,Organic Coffee,4,415.75,0,Credit Card,1663.0,No
O000630,U00003,2025-03-24T23:25:52,Groceries,Organic Coffee,2,45.26,20,Wallet,72.42,Yes
O000631,U00303,2026-03-12T21:20:54,Groceries,Olive Oil,5,65.93,5,Debit Card,313.17,No
O000632,U00323,2025-01-14T02:01:21,Fashion,Running Shoes,5,387.78,0,Wallet,1938.9,No
O000633,U00003,2026-06-14T06:25:31,Fashion,Running Shoes,5,137.31,15,Net Banking,583.57,No
O000634,U00221,2025-06-13T21:27:54,Beauty,Body Lotion,4,304.78,0,Net Banking,1219.12,No
O000635,U00211,2026-03-26T04:53:03,Fashion,Cotton Shirt,3,81.83,20,UPI,196.39,No
O000636,U00255,2025-01-02T03:04:44,Beauty,Face Serum,4,146.21,20,Credit Card,467.87,No
O000637,U00329,2026-03-27T15:47:19,Fashion,Cotton Shirt,2,320.53,30,Credit Card,448.74,No
O000638,U00382,2025-02-06T04:01:11,Fashion,Running Shoes,1,133.12,5,Cash On Delivery,126.46,No
O000639,U00295,2025-01-03T04:31:30,Home,Air Purifier,2,157.89,0,Cash On Delivery,315.78,No
O000640,U00229,2025-04-23T03:30:26,Electronics,Smart Earbuds,4,65.97,5,Debit Card,250.69,No
O000641,U00338,2026-02-08T00:21:43,Electronics,Mechanical Keyboard,3,537.67,15,Cash On Delivery,1371.06,No
O000642,U00341,2026-05-30T10:13:59,Fashion,Running Shoes,2,218.95,5,Debit Card,416.0,No
O000643,U00238,2025-05-04T04:36:48,Groceries,Olive Oil,1,144.64,15,Credit Card,122.94,No
O000644,U00057,2025-08-12T01:58:52,Electronics,Wireless Mouse,5,164.68,15,Debit Card,699.89,No
O000645,U00272,2025-02-20T17:11:15,Fashion,Casual Sneakers,1,264.49,30,Net Banking,185.14,No
O000646,U00142,2026-01-06T08:51:09,Groceries,Almond Milk,4,116.9,30,Wallet,327.32,No
O000647,U00400,2025-07-02T01:55:24,Home,Air Purifier,4,498.41,0,Cash On Delivery,1993.64,No
O000648,U00268,2025-07-17T22:01:28,Fashion,Running Shoes,1,153.08,10,Cash On Delivery,137.77,No
O000649,U00055,2025-07-07T08:46:27,Beauty,Lip Tint,4,19.0,20,UPI,60.8,No
O000650,U00077,2025-01-16T04:48:43,Fashion,Running Shoes,4,537.78,0,UPI,2151.12,No
O000651,U00100,2025-05-26T12:51:53,Beauty,Hair Mask,5,192.98,15,Credit Card,820.16,No
O000652,U00206,2026-06-05T06:39:11,Home,Storage Basket,3,325.72,25,Net Banking,732.87,No
O000653,U00126,2025-09-10T05:07:38,Groceries,Organic Coffee,4,263.75,5,Credit Card,1002.25,No
O000654,U00117,2025-12-01T15:07:34,Groceries,Olive Oil,2,296.61,15,Net Banking,504.24,Yes
O000655,U00211,2025-02-04T01:55:18,Electronics,Smart Earbuds,5,493.59,5,Debit Card,2344.55,No
O000656,U00226,2025-04-16T10:01:38,Beauty,Face Serum,1,377.08,20,Debit Card,301.66,No
O000657,U00301,2025-11-14T18:53:18,Fashion,Cotton Shirt,1,27.85,0,Credit Card,27.85,No
O000658,U00314,2025-04-03T06:12:10,Beauty,Hair Mask,2,58.67,5,Credit Card,111.47,No
O000659,U00278,2025-05-10T17:48:32,Beauty,Body Lotion,1,266.0,10,Cash On Delivery,239.4,No
O000660,U00052,2025-03-10T21:40:39,Electronics,Wireless Mouse,2,439.28,10,Net Banking,790.7,No
O000661,U00183,2025-12-18T08:31:24,Beauty,Lip Tint,1,239.49,10,Net Banking,215.54,No
O000662,U00099,2025-05-14T15:35:03,Electronics,Smart Earbuds,5,19.58,10,Debit Card,88.11,No
O000663,U00068,2025-08-18T03:11:52,Electronics,4K Monitor,2,456.38,5,Wallet,867.12,Yes
O000664,U00372,2025-06-08T13:53:07,Home,Air Purifier,5,80.91,0,UPI,404.55,No
O000665,U00082,2026-01-03T22:58:05,Groceries,Olive Oil,2,380.85,30,Wallet,533.19,Yes
O000666,U00216,2025-03-26T07:02:30,Groceries,Organic Coffee,5,102.9,30,Credit Card,360.15,No
O000667,U00118,2026-06-28T11:07:15,Fashion,Denim Jacket,2,232.96,15,Debit Card,396.03,No
O000668,U00273,2026-05-29T00:55:20,Beauty,Lip Tint,4,93.31,20,Net Banking,298.59,No
O000669,U00228,2025-08-05T20:12:23,Home,Ceramic Set,2,339.13,30,UPI,474.78,No
O000670,U00396,2026-02-20T21:28:09,Fashion,Denim Jacket,2,227.95,15,Wallet,387.51,No
O000671,U00378,2026-06-28T21:58:15,Beauty,Face Serum,2,496.25,5,Net Banking,942.88,No
O000672,U00365,2025-04-16T00:38:56,Electronics,Wireless Mouse,4,500.86,20,Credit Card,1602.75,No
O000673,U00261,2026-04-17T09:27:43,Beauty,Body Lotion,2,138.34,0,Net Banking,276.68,No
O000674,U00133,2025-07-22T20:00:21,Fashion,Denim Jacket,3,292.59,0,UPI,877.77,No
O000675,U00106,2025-04-19T12:25:42,Fashion,Denim Jacket,4,273.86,30,Debit Card,766.81,No
O000676,U00370,2026-05-08T07:54:13,Electronics,4K Monitor,5,247.75,15,Net Banking,1052.94,No
O000677,U00173,2025-01-24T06:29:49,Groceries,Olive Oil,2,377.29,30,Credit Card,528.21,No
O000678,U00388,2026-05-10T19:16:16,Electronics,Smart Earbuds,1,53.33,5,Net Banking,50.66,No
O000679,U00332,2025-10-16T13:59:53,Fashion,Casual Sneakers,1,245.93,20,Credit Card,196.74,No
O000680,U00195,2026-06-07T02:18:59,Beauty,Face Serum,2,543.71,10,Credit Card,978.68,No
O000681,U00280,2025-04-25T21:52:07,Beauty,Lip Tint,3,149.36,0,Net Banking,448.08,No
O000682,U00040,2025-04-27T22:57:48,Beauty,Hair Mask,3,274.2,30,Debit Card,575.82,No
O000683,U00260,2025-12-04T15:12:26,Groceries,Organic Coffee,3,213.66,0,Wallet,640.98,Yes
O000684,U00194,2025-09-26T05:49:51,Beauty,Face Serum,1,366.82,5,Cash On Delivery,348.48,No
O000685,U00289,2025-04-06T11:48:40,Groceries,Protein Granola,5,89.28,15,Debit Card,379.44,No
O000686,U00188,2025-08-29T21:10:28,Groceries,Almond Milk,3,208.3,0,Debit Card,624.9,No
O000687,U00241,2025-02-11T04:40:34,Home,Desk Lamp,5,395.14,25,Wallet,1481.77,No
O000688,U00396,2026-04-30T23:37:29,Home,Ceramic Set,5,200.45,0,Cash On Delivery,1002.25,No
O000689,U00411,2025-02-06T11:53:37,Beauty,Body Lotion,2,42.97,10,Credit Card,77.35,No
O000690,U00003,2025-07-23T04:43:23,Groceries,Organic Coffee,5,504.06,25,Cash On Delivery,1890.23,No
O000691,U00265,2025-05-31T13:44:29,Fashion,Casual Sneakers,4,485.21,5,Wallet,1843.8,No
O000692,U00345,2025-02-20T21:34:41,Fashion,Denim Jacket,4,153.15,5,Debit Card,581.97,No
O000693,U00343,2026-06-03T01:23:20,Beauty,Lip Tint,2,290.77,25,Cash On Delivery,436.15,No
O000694,U00388,2025-04-12T08:53:23,Groceries,Almond Milk,1,139.55,15,UPI,118.62,No
O000695,U00129,2025-03-05T19:43:39,Beauty,Hair Mask,2,64.42,30,Wallet,90.19,No
O000696,U00192,2025-08-14T17:23:53,Home,Storage Basket,4,92.92,30,Credit Card,260.18,No
O000697,U00151,2025-05-29T21:01:33,Fashion,Cotton Shirt,3,302.56,5,Cash On Delivery,862.3,Yes
O000698,U00144,2025-08-14T17:11:27,Electronics,Wireless Mouse,4,174.79,30,Net Banking,489.41,No
O000699,U00124,2026-03-08T22:16:29,Beauty,Face Serum,2,404.08,10,Cash On Delivery,727.34,No
O000700,U00239,2026-04-19T20:59:58,Fashion,Cotton Shirt,3,401.22,5,Cash On Delivery,1143.48,Yes
O000701,U00150,2025-07-05T11:52:24,Groceries,Organic Coffee,3,380.26,0,Debit Card,1140.78,No
O000702,U00301,2025-09-02T17:24:05,Fashion,Cotton Shirt,2,457.06,10,Cash On Delivery,822.71,No
O000703,U00308,2025-12-20T05:02:27,Fashion,Running Shoes,1,56.81,25,Net Banking,42.61,No
O000704,U00304,2025-03-13T00:10:04,Electronics,Smart Earbuds,5,536.77,5,Cash On Delivery,2549.66,No
O000705,U00116,2025-01-31T10:56:55,Home,Air Purifier,2,227.51,10,Wallet,409.52,No
O000706,U00389,2025-09-12T07:56:37,Electronics,Smart Earbuds,5,420.65,15,Wallet,1787.76,No
O000707,U00005,2025-01-09T06:56:21,Beauty,Hair Mask,5,398.4,20,Debit Card,1593.6,No
O000708,U00213,2025-03-29T00:06:14,Electronics,Smart Earbuds,5,65.86,30,Net Banking,230.51,No
O000709,U00242,2026-05-10T15:26:08,Beauty,Face Serum,2,381.11,10,Cash On Delivery,686.0,No
O000710,U00349,2025-06-15T23:41:22,Groceries,Organic Coffee,4,504.84,20,Wallet,1615.49,No
O000711,U00037,2025-04-06T16:07:23,Groceries,Almond Milk,1,49.33,20,Net Banking,39.46,No
O000712,U00119,2025-11-05T08:39:22,Beauty,Lip Tint,1,300.26,5,Net Banking,285.25,No
O000713,U00371,2025-05-03T11:19:58,Electronics,4K Monitor,4,113.53,30,Debit Card,317.88,No
O000714,U00172,2025-09-20T07:05:06,Beauty,Body Lotion,1,138.16,10,Wallet,124.34,No
O000715,U00209,2025-02-03T06:50:45,Groceries,Organic Coffee,3,78.49,20,UPI,188.38,No
O000716,U00223,2025-02-06T00:10:59,Groceries,Almond Milk,4,515.09,15,Net Banking,1751.31,No
O000717,U00022,2025-05-30T20:38:08,Electronics,4K Monitor,4,430.93,0,Credit Card,1723.72,No
O000718,U00046,2025-01-22T04:20:26,Fashion,Cotton Shirt,4,223.62,20,Wallet,715.58,No
O000719,U00052,2025-05-17T07:42:32,Home,Desk Lamp,3,517.65,5,Debit Card,1475.3,No
O000720,U00282,2025-05-23T10:53:47,Groceries,Protein Granola,1,451.03,20,Wallet,360.82,No
O000721,U00074,2026-04-28T11:36:34,Home,Ceramic Set,4,421.57,25,Debit Card,1264.71,No
O000722,U00284,2025-01-04T20:26:33,Groceries,Protein Granola,1,70.78,10,Net Banking,63.7,No
O000723,U00342,2026-03-04T10:06:56,Fashion,Cotton Shirt,3,136.68,30,Cash On Delivery,287.03,No
O000724,U00192,2026-04-23T07:16:10,Fashion,Casual Sneakers,1,122.88,25,Cash On Delivery,92.16,No
O000725,U00311,2025-02-06T21:18:04,Electronics,Mechanical Keyboard,4,382.58,0,Net Banking,1530.32,No
O000726,U00009,2025-12-18T22:32:38,Beauty,Face Serum,3,162.88,5,UPI,464.21,No
O000727,U00321,2025-11-23T19:07:23,Fashion,Casual Sneakers,5,390.74,20,Net Banking,1562.96,No
O000728,U00308,2026-06-09T23:50:59,Home,Storage Basket,5,355.83,30,Cash On Delivery,1245.4,No
O000729,U00402,2025-10-12T10:05:56,Home,Desk Lamp,5,168.19,20,Net Banking,672.76,No
O000730,U00151,2025-01-17T12:33:51,Beauty,Body Lotion,2,187.05,0,Net Banking,374.1,No
O000731,U00095,2025-06-23T05:32:29,Beauty,Body Lotion,2,490.67,0,UPI,981.34,No
O000732,U00209,2026-04-29T06:58:54,Home,Ceramic Set,5,311.44,0,Cash On Delivery,1557.2,Yes
O000733,U00235,2025-11-21T10:33:37,Beauty,Hair Mask,2,223.71,0,Credit Card,447.42,No
O000734,U00117,2026-02-08T21:23:11,Fashion,Running Shoes,3,312.42,25,Net Banking,702.94,No
O000735,U00071,2026-05-26T12:11:56,Beauty,Lip Tint,2,495.0,20,Net Banking,792.0,No
O000736,U00061,2025-04-21T15:34:38,Groceries,Organic Coffee,3,528.33,25,Cash On Delivery,1188.74,No
O000737,U00402,2025-04-25T08:47:48,Home,Storage Basket,1,305.69,30,Wallet,213.98,No
O000738,U00402,2026-03-04T16:11:16,Groceries,Almond Milk,4,366.22,0,Wallet,1464.88,No
O000739,U00008,2026-03-13T08:36:01,Groceries,Olive Oil,1,508.52,5,Wallet,483.09,No
O000740,U00293,2025-09-19T15:23:07,Electronics,4K Monitor,2,445.52,10,Credit Card,801.94,No
O000741,U00301,2025-08-30T08:39:49,Fashion,Cotton Shirt,4,301.48,5,Net Banking,1145.62,No
O000742,U00001,2025-01-06T01:25:02,Electronics,Smart Earbuds,2,267.3,5,Cash On Delivery,507.87,No
O000743,U00060,2025-10-28T17:41:48,Home,Ceramic Set,4,41.93,0,Net Banking,167.72,No
O000744,U00014,2025-02-07T05:13:18,Electronics,4K Monitor,5,189.48,30,Credit Card,663.18,No
O000745,U00038,2025-09-07T15:11:44,Electronics,Mechanical Keyboard,1,166.82,20,Credit Card,133.46,No
O000746,U00211,2026-05-02T23:42:39,Fashion,Running Shoes,5,522.59,25,Debit Card,1959.71,Yes
O000747,U00226,2025-12-10T20:25:54,Groceries,Almond Milk,3,154.41,15,Net Banking,393.75,No
O000748,U00207,2025-11-16T17:38:22,Fashion,Denim Jacket,4,487.91,25,Cash On Delivery,1463.73,No
O000749,U00382,2026-01-18T05:17:56,Fashion,Cotton Shirt,1,309.06,0,Cash On Delivery,309.06,No
O000750,U00359,2026-04-13T10:19:53,Home,Ceramic Set,1,540.23,20,Credit Card,432.18,No
O000751,U00274,2025-07-24T02:55:47,Groceries,Organic Coffee,4,515.62,25,Credit Card,1546.86,No
O000752,U00161,2025-10-05T23:20:48,Fashion,Running Shoes,4,133.81,5,Cash On Delivery,508.48,No
O000753,U00041,2025-12-27T14:20:28,Fashion,Cotton Shirt,4,66.92,20,Credit Card,214.14,No
O000754,U00195,2025-03-29T11:23:22,Fashion,Denim Jacket,1,334.79,0,Debit Card,334.79,No
O000755,U00294,2025-09-25T22:37:04,Fashion,Cotton Shirt,2,261.51,20,Wallet,418.42,No
O000756,U00152,2025-08-27T12:43:34,Fashion,Casual Sneakers,1,491.14,20,UPI,392.91,No
O000757,U00151,2026-02-01T08:05:47,Fashion,Cotton Shirt,1,84.34,15,Credit Card,71.69,No
O000758,U00122,2025-12-17T21:01:07,Electronics,Wireless Mouse,3,162.34,0,Debit Card,487.02,No
O000759,U00238,2026-01-24T02:18:21,Electronics,Wireless Mouse,4,297.53,5,Cash On Delivery,1130.61,No
O000760,U00048,2026-01-17T19:37:41,Fashion,Denim Jacket,1,460.01,25,Net Banking,345.01,No
O000761,U00088,2026-03-21T16:32:32,Fashion,Denim Jacket,2,149.52,15,Net Banking,254.18,No
O000762,U00119,2026-02-23T22:23:50,Home,Ceramic Set,2,418.77,30,Debit Card,586.28,No
O000763,U00210,2025-01-23T15:31:30,Beauty,Body Lotion,5,377.39,10,UPI,1698.25,No
O000764,U00279,2026-05-10T12:01:08,Home,Desk Lamp,4,433.8,20,Wallet,1388.16,No
O000765,U00255,2025-07-03T06:25:30,Electronics,Wireless Mouse,4,387.46,15,Wallet,1317.36,No
O000766,U00277,2025-04-22T13:26:51,Fashion,Denim Jacket,3,422.38,15,Credit Card,1077.07,No
O000767,U00346,2025-05-04T16:01:22,Fashion,Running Shoes,2,349.01,10,Credit Card,628.22,No
O000768,U00054,2026-06-18T09:54:04,Groceries,Organic Coffee,3,300.18,15,UPI,765.46,No
O000769,U00038,2026-03-20T05:05:43,Fashion,Denim Jacket,5,361.01,5,Debit Card,1714.8,No
O000770,U00303,2026-02-19T23:19:08,Home,Ceramic Set,5,525.55,20,Cash On Delivery,2102.2,No
O000771,U00065,2025-01-30T08:25:18,Home,Storage Basket,5,478.5,5,UPI,2272.88,No
O000772,U00307,2026-06-22T00:45:00,Beauty,Body Lotion,5,242.77,25,UPI,910.39,No
O000773,U00377,2026-04-19T14:11:25,Groceries,Almond Milk,3,486.31,10,Net Banking,1313.04,No
O000774,U00280,2026-01-30T05:08:10,Electronics,Smart Earbuds,3,195.95,25,Wallet,440.89,No
O000775,U00121,2026-02-27T12:18:55,Electronics,Wireless Mouse,1,201.46,5,Wallet,191.39,No
O000776,U00096,2025-01-21T08:44:12,Home,Air Purifier,5,424.86,25,Net Banking,1593.23,No
O000777,U00340,2025-12-25T09:13:50,Home,Desk Lamp,5,42.41,25,Wallet,159.04,No
O000778,U00295,2025-12-06T00:17:21,Home,Ceramic Set,5,89.26,20,Net Banking,357.04,No
O000779,U00253,2025-01-30T15:43:31,Fashion,Running Shoes,3,287.74,5,Cash On Delivery,820.06,No
O000780,U00321,2025-07-04T10:58:42,Beauty,Face Serum,4,356.8,25,UPI,1070.4,Yes
O000781,U00196,2026-04-27T05:02:49,Groceries,Organic Coffee,3,417.52,15,UPI,1064.68,No
O000782,U00144,2026-02-25T19:19:35,Beauty,Face Serum,1,372.77,5,Debit Card,354.13,No
O000783,U00202,2025-12-24T19:48:21,Groceries,Protein Granola,3,144.15,20,Net Banking,345.96,No
O000784,U00127,2026-05-08T09:39:58,Fashion,Cotton Shirt,5,167.44,25,Debit Card,627.9,No
O000785,U00100,2026-03-01T05:34:19,Beauty,Lip Tint,4,458.03,5,Net Banking,1740.51,No
O000786,U00349,2025-09-12T16:08:19,Groceries,Olive Oil,2,149.31,25,Debit Card,223.97,No
O000787,U00200,2025-05-11T05:46:09,Groceries,Olive Oil,2,503.36,10,Net Banking,906.05,No
O000788,U00401,2026-06-18T04:07:19,Beauty,Body Lotion,2,194.08,20,UPI,310.53,No
O000789,U00188,2025-01-20T22:19:24,Beauty,Face Serum,5,393.15,10,Cash On Delivery,1769.17,No
O000790,U00165,2026-01-14T20:39:41,Groceries,Olive Oil,5,183.81,20,Cash On Delivery,735.24,No
O000791,U00320,2025-04-04T04:32:52,Groceries,Almond Milk,1,113.23,25,Cash On Delivery,84.92,No
O000792,U00248,2025-05-09T00:22:20,Beauty,Face Serum,1,503.32,20,Credit Card,402.66,No
O000793,U00187,2025-06-13T06:08:54,Groceries,Almond Milk,3,438.05,0,Wallet,1314.15,No
O000794,U00168,2025-06-07T03:05:34,Groceries,Protein Granola,4,66.28,30,Credit Card,185.58,No
O000795,U00215,2026-01-05T14:35:30,Fashion,Cotton Shirt,5,488.27,30,Cash On Delivery,1708.94,No
O000796,U00163,2025-02-05T13:37:40,Beauty,Face Serum,2,440.95,15,Credit Card,749.62,No
O000797,U00406,2025-03-09T16:21:07,Groceries,Almond Milk,1,161.65,30,Credit Card,113.16,No
O000798,U00357,2026-04-05T14:44:10,Fashion,Casual Sneakers,4,341.72,0,Net Banking,1366.88,No
O000799,U00067,2025-07-02T12:54:09,Electronics,4K Monitor,4,11.65,10,Net Banking,41.94,No
O000800,U00286,2025-11-29T13:19:38,Groceries,Olive Oil,2,490.48,10,Wallet,882.86,Yes
O000801,U00153,2025-05-11T04:06:05,Groceries,Olive Oil,4,300.09,10,Debit Card,1080.32,No
O000802,U00376,2026-04-02T23:06:08,Groceries,Protein Granola,3,301.41,10,Wallet,813.81,No
O000803,U00315,2025-04-03T03:56:28,Groceries,Protein Granola,2,280.1,10,Credit Card,504.18,No
O000804,U00004,2025-01-31T14:30:36,Home,Storage Basket,1,81.78,30,Credit Card,57.25,No
O000805,U00038,2025-07-03T15:12:41,Groceries,Protein Granola,2,325.79,5,Debit Card,619.0,No
O000806,U00166,2025-09-22T00:45:00,Electronics,Mechanical Keyboard,3,45.53,0,Wallet,136.59,Yes
O000807,U00052,2025-08-09T12:27:22,Fashion,Casual Sneakers,5,408.08,25,UPI,1530.3,No
O000808,U00252,2025-04-22T21:42:13,Beauty,Hair Mask,4,325.85,25,Wallet,977.55,No
O000809,U00226,2025-08-16T07:43:49,Fashion,Casual Sneakers,4,495.19,30,Cash On Delivery,1386.53,No
O000810,U00361,2025-05-11T06:19:16,Electronics,4K Monitor,3,466.51,25,UPI,1049.65,No
O000811,U00418,2025-03-24T05:23:44,Electronics,4K Monitor,2,391.5,30,Cash On Delivery,548.1,No
O000812,U00331,2025-01-06T12:03:38,Electronics,4K Monitor,2,336.77,30,Cash On Delivery,471.48,No
O000813,U00267,2025-07-10T02:26:32,Electronics,Smart Earbuds,4,408.16,0,Wallet,1632.64,No
O000814,U00273,2025-05-09T04:55:31,Fashion,Running Shoes,5,259.05,0,Wallet,1295.25,No
O000815,U00246,2025-12-27T14:27:37,Electronics,Wireless Mouse,2,434.51,10,UPI,782.12,No
O000816,U00293,2025-01-26T09:27:22,Groceries,Protein Granola,4,81.53,5,UPI,309.81,No
O000817,U00124,2025-03-21T10:04:37,Electronics,Wireless Mouse,4,495.61,20,Wallet,1585.95,Yes
O000818,U00033,2025-12-22T02:12:20,Fashion,Casual Sneakers,1,357.82,5,Cash On Delivery,339.93,No
O000819,U00015,2025-09-11T01:46:25,Home,Air Purifier,5,363.22,5,Debit Card,1725.3,No
O000820,U00376,2025-11-28T17:43:19,Beauty,Body Lotion,4,485.8,0,UPI,1943.2,No
O000821,U00074,2025-07-03T15:50:07,Beauty,Face Serum,3,136.06,20,Debit Card,326.54,No
O000822,U00105,2025-09-06T17:01:46,Groceries,Almond Milk,5,471.79,20,Net Banking,1887.16,No
O000823,U00238,2026-01-19T00:05:00,Groceries,Olive Oil,1,273.09,25,Debit Card,204.82,No
O000824,U00171,2025-07-22T18:05:58,Home,Storage Basket,2,518.51,20,UPI,829.62,No
O000825,U00299,2025-12-07T19:45:01,Home,Desk Lamp,2,492.15,20,Credit Card,787.44,No
O000826,U00127,2026-06-02T20:34:16,Fashion,Casual Sneakers,1,95.85,10,Net Banking,86.27,No
O000827,U00419,2025-09-11T21:25:28,Beauty,Hair Mask,1,124.12,25,Debit Card,93.09,No
O000828,U00346,2025-03-18T13:13:28,Beauty,Body Lotion,2,88.89,30,Debit Card,124.45,No
O000829,U00023,2025-07-26T01:45:57,Home,Desk Lamp,5,110.13,0,Net Banking,550.65,No
O000830,U00379,2025-10-17T02:10:41,Home,Ceramic Set,3,378.51,25,Cash On Delivery,851.65,No
O000831,U00409,2025-02-01T09:48:54,Fashion,Running Shoes,5,221.74,0,Debit Card,1108.7,Yes
O000832,U00294,2026-03-22T17:22:57,Groceries,Almond Milk,4,357.81,30,UPI,1001.87,No
O000833,U00373,2026-03-20T03:11:28,Electronics,Mechanical Keyboard,2,525.12,30,Credit Card,735.17,Yes
O000834,U00013,2025-03-13T19:51:36,Fashion,Running Shoes,5,414.11,25,UPI,1552.91,No
O000835,U00003,2026-03-24T19:39:20,Groceries,Almond Milk,1,339.75,5,Wallet,322.76,No
O000836,U00059,2025-04-23T18:25:36,Electronics,4K Monitor,5,278.93,20,Wallet,1115.72,Yes
O000837,U00352,2026-06-29T00:26:22,Fashion,Running Shoes,1,120.33,0,Wallet,120.33,No
O000838,U00345,2025-03-11T07:29:26,Fashion,Denim Jacket,1,336.36,25,Credit Card,252.27,No
O000839,U00062,2026-04-25T15:10:57,Home,Desk Lamp,2,503.0,0,Cash On Delivery,1006.0,Yes
O000840,U00102,2026-04-29T21:04:38,Fashion,Cotton Shirt,5,419.89,5,Cash On Delivery,1994.48,No
O000841,U00173,2025-06-11T20:53:35,Electronics,Mechanical Keyboard,5,112.3,15,Net Banking,477.27,Yes
O000842,U00077,2025-08-08T01:41:58,Fashion,Casual Sneakers,3,428.94,0,Debit Card,1286.82,No
O000843,U00269,2025-04-20T05:10:58,Groceries,Organic Coffee,5,378.21,25,UPI,1418.29,No
O000844,U00193,2025-04-11T01:08:39,Beauty,Lip Tint,2,89.37,10,Credit Card,160.87,No
O000845,U00370,2025-10-23T12:57:08,Beauty,Body Lotion,3,547.06,10,Credit Card,1477.06,No
O000846,U00399,2026-06-24T11:32:51,Electronics,4K Monitor,5,331.14,5,Net Banking,1572.91,No
O000847,U00073,2025-08-02T22:58:57,Electronics,Smart Earbuds,2,533.14,0,Debit Card,1066.28,No
O000848,U00391,2025-04-12T05:35:40,Groceries,Protein Granola,5,206.75,10,Debit Card,930.38,No
O000849,U00028,2025-11-25T03:13:16,Groceries,Organic Coffee,2,21.9,15,Credit Card,37.23,No
O000850,U00031,2025-05-10T05:01:22,Fashion,Casual Sneakers,2,310.18,10,Net Banking,558.32,No
O000851,U00012,2025-11-17T06:35:45,Home,Desk Lamp,4,239.0,20,Debit Card,764.8,No
O000852,U00082,2026-06-16T15:02:54,Groceries,Organic Coffee,3,181.13,30,Cash On Delivery,380.37,No
O000853,U00009,2026-04-24T13:37:47,Fashion,Cotton Shirt,1,143.34,0,UPI,143.34,No
O000854,U00232,2025-10-14T06:34:12,Home,Ceramic Set,5,503.5,25,Wallet,1888.12,No
O000855,U00399,2025-09-28T07:47:20,Groceries,Organic Coffee,3,248.0,25,UPI,558.0,No
O000856,U00071,2025-07-15T00:50:05,Fashion,Running Shoes,3,267.93,0,Wallet,803.79,No
O000857,U00409,2026-02-04T09:03:58,Electronics,Smart Earbuds,5,40.19,0,Credit Card,200.95,Yes
O000858,U00205,2025-08-03T12:10:54,Electronics,Wireless Mouse,5,132.58,15,Credit Card,563.47,No
O000859,U00416,2026-06-05T13:19:49,Home,Desk Lamp,5,15.12,0,UPI,75.6,No
O000860,U00032,2025-12-26T23:26:01,Fashion,Denim Jacket,1,536.02,25,Credit Card,402.01,No
O000861,U00237,2025-06-28T00:23:33,Electronics,Wireless Mouse,4,63.1,0,UPI,252.4,No
O000862,U00252,2025-08-22T04:48:55,Electronics,Mechanical Keyboard,3,533.72,10,Debit Card,1441.04,No
O000863,U00223,2025-05-22T03:36:56,Fashion,Denim Jacket,2,21.44,20,UPI,34.3,No
O000864,U00306,2025-07-17T02:26:29,Beauty,Lip Tint,4,238.84,15,Wallet,812.06,Yes
O000865,U00412,2025-06-05T15:05:08,Electronics,Smart Earbuds,3,115.84,25,Net Banking,260.64,No
O000866,U00077,2025-03-03T07:25:31,Home,Storage Basket,4,490.18,15,UPI,1666.61,No
O000867,U00010,2025-01-25T22:06:03,Beauty,Body Lotion,2,387.12,15,Credit Card,658.1,No
O000868,U00321,2026-04-03T17:36:46,Home,Ceramic Set,4,62.29,10,Credit Card,224.24,No
O000869,U00240,2025-04-07T13:33:23,Electronics,Smart Earbuds,4,326.97,25,UPI,980.91,Yes
O000870,U00035,2026-03-14T05:36:14,Groceries,Almond Milk,5,424.4,20,Cash On Delivery,1697.6,No
O000871,U00034,2025-09-03T23:04:49,Groceries,Organic Coffee,3,143.12,25,Debit Card,322.02,Yes
O000872,U00307,2026-01-21T22:59:45,Beauty,Face Serum,5,169.31,30,Wallet,592.58,No
O000873,U00238,2026-04-04T12:18:33,Beauty,Hair Mask,2,359.23,5,Wallet,682.54,No
O000874,U00053,2025-11-16T03:29:33,Home,Ceramic Set,5,309.65,10,Wallet,1393.42,No
O000875,U00249,2026-01-08T17:49:58,Fashion,Running Shoes,4,163.37,0,Net Banking,653.48,No
O000876,U00378,2026-06-20T01:43:54,Fashion,Running Shoes,3,244.8,5,Net Banking,697.68,No
O000877,U00313,2025-12-13T11:18:35,Beauty,Lip Tint,5,316.11,0,Credit Card,1580.55,Yes
O000878,U00072,2025-01-21T10:23:49,Groceries,Almond Milk,4,467.68,25,Debit Card,1403.04,No
O000879,U00046,2025-11-16T00:47:03,Beauty,Hair Mask,5,465.58,0,Credit Card,2327.9,No
O000880,U00410,2025-03-07T00:03:48,Electronics,Mechanical Keyboard,1,468.49,20,Debit Card,374.79,No
O000881,U00228,2025-01-18T09:48:41,Beauty,Hair Mask,2,494.42,0,Cash On Delivery,988.84,No
O000882,U00037,2026-03-01T13:42:03,Beauty,Lip Tint,5,24.55,30,Wallet,85.92,No
O000883,U00183,2026-02-10T09:47:02,Groceries,Almond Milk,2,418.75,15,Net Banking,711.88,No
O000884,U00277,2025-05-15T01:01:54,Fashion,Casual Sneakers,5,210.6,0,Credit Card,1053.0,No
O000885,U00342,2025-03-14T18:38:23,Groceries,Organic Coffee,4,265.07,15,Debit Card,901.24,No
O000886,U00392,2026-05-19T06:42:02,Home,Desk Lamp,3,330.86,0,Cash On Delivery,992.58,No
O000887,U00308,2026-06-05T17:23:30,Fashion,Casual Sneakers,5,154.57,5,Wallet,734.21,No
O000888,U00297,2026-06-05T14:51:11,Beauty,Body Lotion,4,401.6,15,Wallet,1365.44,No
O000889,U00366,2025-04-02T14:04:33,Electronics,Mechanical Keyboard,1,327.15,5,UPI,310.79,No
O000890,U00254,2026-03-05T15:11:32,Electronics,Wireless Mouse,1,200.2,0,Cash On Delivery,200.2,No
O000891,U00371,2025-10-21T03:00:02,Home,Storage Basket,5,310.54,10,UPI,1397.43,No
O000892,U00310,2025-11-24T11:47:58,Home,Ceramic Set,2,166.72,0,Cash On Delivery,333.44,No
O000893,U00136,2026-04-21T04:51:07,Beauty,Hair Mask,4,304.36,25,Wallet,913.08,Yes
O000894,U00079,2026-03-12T14:41:15,Home,Storage Basket,2,43.1,0,UPI,86.2,No
O000895,U00323,2025-11-12T20:09:01,Fashion,Running Shoes,3,322.36,5,UPI,918.73,No
O000896,U00399,2025-06-22T10:25:41,Fashion,Denim Jacket,5,532.47,30,UPI,1863.65,No
O000897,U00071,2025-07-20T19:22:40,Beauty,Body Lotion,5,30.27,15,Wallet,128.65,No
O000898,U00012,2026-04-30T02:01:05,Beauty,Hair Mask,5,320.06,15,Credit Card,1360.25,No
O000899,U00372,2025-07-12T20:22:14,Electronics,4K Monitor,1,325.88,30,UPI,228.12,No
O000900,U00120,2025-06-15T17:00:59,Beauty,Body Lotion,2,395.39,0,Wallet,790.78,No
O000901,U00131,2025-09-07T11:55:45,Electronics,Mechanical Keyboard,2,539.71,0,Net Banking,1079.42,No
O000902,U00143,2025-08-23T15:19:53,Home,Storage Basket,1,501.23,10,Wallet,451.11,No
O000903,U00099,2026-06-26T09:17:34,Electronics,Smart Earbuds,4,180.29,0,UPI,721.16,No
O000904,U00387,2026-01-12T02:52:48,Beauty,Hair Mask,4,466.06,15,Cash On Delivery,1584.6,Yes
O000905,U00386,2026-03-01T13:45:25,Beauty,Body Lotion,3,330.24,20,Cash On Delivery,792.58,Yes
O000906,U00075,2025-03-17T06:18:42,Beauty,Face Serum,4,258.25,20,UPI,826.4,No
O000907,U00404,2025-06-25T21:47:03,Groceries,Olive Oil,5,467.5,0,UPI,2337.5,No
O000908,U00340,2026-02-23T04:34:24,Home,Ceramic Set,3,303.89,20,Net Banking,729.34,No
O000909,U00260,2025-10-24T01:22:56,Fashion,Casual Sneakers,5,305.86,10,Net Banking,1376.37,No
O000910,U00412,2026-05-28T13:33:02,Electronics,Mechanical Keyboard,3,326.89,10,Credit Card,882.6,No
O000911,U00352,2026-01-07T02:01:50,Beauty,Body Lotion,5,376.3,0,UPI,1881.5,No
O000912,U00041,2025-11-25T03:38:17,Home,Desk Lamp,3,69.46,15,Cash On Delivery,177.12,No
O000913,U00211,2026-05-19T00:29:01,Fashion,Casual Sneakers,2,236.32,5,Debit Card,449.01,No
O000914,U00195,2026-01-13T02:31:39,Beauty,Lip Tint,3,209.83,0,Credit Card,629.49,Yes
O000915,U00129,2025-05-19T23:27:04,Beauty,Lip Tint,2,169.9,20,Credit Card,271.84,No
O000916,U00286,2026-04-22T10:25:37,Home,Ceramic Set,3,433.75,25,Wallet,975.94,No
O000917,U00083,2025-01-12T03:35:52,Home,Desk Lamp,3,435.73,10,UPI,1176.47,No
O000918,U00293,2025-12-17T00:11:22,Groceries,Olive Oil,4,192.23,0,UPI,768.92,No
O000919,U00218,2025-04-12T15:19:46,Fashion,Running Shoes,5,444.45,0,Debit Card,2222.25,No
O000920,U00067,2026-05-08T01:55:02,Groceries,Protein Granola,4,482.73,30,Debit Card,1351.64,No
O000921,U00172,2026-04-14T20:51:36,Groceries,Protein Granola,1,66.75,25,Net Banking,50.06,No
O000922,U00061,2025-05-16T20:31:11,Electronics,Smart Earbuds,4,94.86,5,Debit Card,360.47,No
O000923,U00160,2025-11-08T15:34:58,Home,Ceramic Set,4,384.12,15,Debit Card,1306.01,No
O000924,U00091,2025-08-07T04:55:33,Beauty,Face Serum,4,23.04,0,Cash On Delivery,92.16,No
O000925,U00274,2026-02-06T14:52:26,Electronics,Mechanical Keyboard,5,449.88,10,Cash On Delivery,2024.46,No
O000926,U00302,2026-02-05T23:58:38,Electronics,Smart Earbuds,5,16.14,15,Wallet,68.59,No
O000927,U00296,2026-04-08T13:22:45,Home,Air Purifier,2,482.04,5,UPI,915.88,No
O000928,U00210,2025-07-24T08:57:13,Electronics,Mechanical Keyboard,4,81.12,25,Debit Card,243.36,No
O000929,U00028,2025-06-08T08:48:09,Home,Desk Lamp,2,403.9,5,Net Banking,767.41,No
O000930,U00302,2025-10-27T17:07:40,Home,Storage Basket,2,241.11,25,Net Banking,361.67,Yes
O000931,U00264,2025-05-16T19:02:17,Beauty,Lip Tint,2,207.72,10,UPI,373.9,No
O000932,U00186,2025-07-28T10:29:42,Beauty,Body Lotion,5,183.77,10,Credit Card,826.97,Yes
O000933,U00334,2025-12-29T21:41:15,Home,Storage Basket,3,361.83,10,UPI,976.94,No
O000934,U00079,2025-12-14T13:03:41,Fashion,Denim Jacket,1,83.85,5,UPI,79.66,No
O000935,U00231,2025-12-07T12:09:04,Beauty,Hair Mask,5,405.52,0,Wallet,2027.6,No
O000936,U00099,2026-03-08T03:36:21,Fashion,Cotton Shirt,2,273.19,0,Net Banking,546.38,No
O000937,U00336,2026-02-26T16:25:35,Fashion,Denim Jacket,4,199.67,0,Credit Card,798.68,No
O000938,U00169,2026-05-09T11:37:36,Electronics,Wireless Mouse,2,456.07,10,Debit Card,820.93,Yes
O000939,U00075,2025-07-27T04:51:58,Beauty,Body Lotion,3,397.8,20,Net Banking,954.72,No
O000940,U00359,2026-05-08T17:29:55,Groceries,Almond Milk,3,14.4,30,Cash On Delivery,30.24,No
O000941,U00264,2025-02-22T00:14:27,Electronics,Wireless Mouse,4,265.0,10,Wallet,954.0,No
O000942,U00185,2025-07-23T05:33:39,Fashion,Cotton Shirt,3,145.88,25,UPI,328.23,No
O000943,U00034,2026-01-05T00:43:08,Beauty,Body Lotion,5,484.42,25,Net Banking,1816.57,No
O000944,U00387,2026-06-05T00:43:19,Home,Desk Lamp,1,355.85,25,UPI,266.89,No
O000945,U00263,2026-05-29T11:14:48,Beauty,Face Serum,2,298.85,20,UPI,478.16,No
O000946,U00080,2026-06-21T09:42:55,Home,Ceramic Set,5,294.01,30,Net Banking,1029.03,Yes
O000947,U00246,2025-03-23T06:53:39,Groceries,Olive Oil,5,389.07,30,UPI,1361.74,No
O000948,U00046,2026-04-10T15:34:47,Fashion,Cotton Shirt,4,134.04,30,Net Banking,375.31,No
O000949,U00286,2026-05-19T20:35:51,Home,Storage Basket,2,153.15,5,Debit Card,290.99,No
O000950,U00078,2025-03-29T13:25:56,Fashion,Running Shoes,2,315.86,0,Cash On Delivery,631.72,No
O000951,U00291,2025-06-13T04:21:58,Home,Desk Lamp,4,506.61,5,Debit Card,1925.12,No
O000952,U00086,2025-04-24T04:09:02,Beauty,Face Serum,5,309.92,5,Credit Card,1472.12,Yes
O000953,U00009,2025-02-18T22:58:42,Electronics,Smart Earbuds,2,132.67,0,Cash On Delivery,265.34,No
O000954,U00261,2026-05-06T09:45:33,Home,Ceramic Set,4,70.12,0,Net Banking,280.48,No
O000955,U00043,2025-08-18T11:59:30,Beauty,Hair Mask,4,73.96,20,Debit Card,236.67,No
O000956,U00284,2025-08-13T18:07:01,Electronics,Mechanical Keyboard,1,505.16,5,UPI,479.9,No
O000957,U00385,2026-03-04T10:55:19,Electronics,Smart Earbuds,4,157.79,30,Cash On Delivery,441.81,No
O000958,U00162,2026-06-10T06:47:43,Groceries,Protein Granola,4,477.56,20,Credit Card,1528.19,Yes
O000959,U00094,2025-01-03T17:23:58,Fashion,Denim Jacket,4,460.73,15,UPI,1566.48,No
O000960,U00039,2025-09-15T09:52:57,Groceries,Protein Granola,5,213.52,30,Credit Card,747.32,No
O000961,U00200,2025-11-24T20:10:30,Electronics,Wireless Mouse,4,535.06,25,UPI,1605.18,No
O000962,U00363,2025-03-12T03:14:40,Electronics,Wireless Mouse,3,170.11,0,Cash On Delivery,510.33,No
O000963,U00166,2025-03-20T02:47:24,Fashion,Cotton Shirt,1,445.81,20,Wallet,356.65,No
O000964,U00315,2025-01-12T16:26:52,Beauty,Lip Tint,5,262.43,20,UPI,1049.72,No
O000965,U00284,2025-04-20T09:12:00,Fashion,Casual Sneakers,4,305.14,10,Wallet,1098.5,No
O000966,U00402,2025-01-12T23:34:23,Beauty,Hair Mask,2,218.52,15,Net Banking,371.48,No
O000967,U00339,2026-05-13T18:05:58,Home,Desk Lamp,4,294.79,25,Wallet,884.37,No
O000968,U00220,2025-05-21T06:48:57,Electronics,Mechanical Keyboard,1,209.08,20,UPI,167.26,No
O000969,U00122,2025-04-09T06:12:33,Electronics,Wireless Mouse,4,20.67,20,Credit Card,66.14,No
O000970,U00268,2026-03-25T09:52:47,Fashion,Casual Sneakers,3,254.37,25,Net Banking,572.33,No
O000971,U00284,2025-01-05T12:56:48,Fashion,Casual Sneakers,1,172.08,0,Net Banking,172.08,No
O000972,U00161,2025-04-02T11:33:04,Fashion,Denim Jacket,4,203.77,20,Wallet,652.06,No
O000973,U00309,2025-05-24T14:22:47,Groceries,Organic Coffee,2,272.65,15,Credit Card,463.5,No
O000974,U00304,2025-11-09T20:58:38,Beauty,Body Lotion,3,57.81,25,Debit Card,130.07,No
O000975,U00172,2026-02-02T20:35:56,Fashion,Running Shoes,2,334.91,15,Net Banking,569.35,No
O000976,U00054,2026-03-06T22:57:33,Electronics,Mechanical Keyboard,3,152.39,5,UPI,434.31,No
O000977,U00259,2025-04-09T04:37:18,Groceries,Olive Oil,1,180.88,30,Credit Card,126.62,No
O000978,U00364,2026-03-23T05:52:40,Fashion,Running Shoes,3,277.34,0,Credit Card,832.02,No
O000979,U00176,2025-11-15T11:07:01,Electronics,Smart Earbuds,4,127.0,25,UPI,381.0,No
O000980,U00241,2025-05-18T23:10:33,Home,Air Purifier,2,456.39,10,Net Banking,821.5,No
O000981,U00249,2026-02-09T00:41:01,Beauty,Lip Tint,3,10.74,0,Cash On Delivery,32.22,No
O000982,U00232,2025-07-06T16:49:49,Beauty,Body Lotion,2,381.36,25,Credit Card,572.04,No
O000983,U00407,2025-10-17T19:51:50,Home,Desk Lamp,4,518.35,20,Credit Card,1658.72,No
O000984,U00031,2025-03-13T01:03:54,Electronics,Mechanical Keyboard,5,355.68,30,Credit Card,1244.88,No
O000985,U00418,2026-05-26T06:11:53,Electronics,4K Monitor,4,488.16,0,Credit Card,1952.64,No
O000986,U00419,2025-12-09T05:10:21,Home,Desk Lamp,1,411.18,5,Credit Card,390.62,No
O000987,U00415,2025-12-01T03:17:05,Fashion,Running Shoes,1,25.79,0,Net Banking,25.79,No
O000988,U00335,2025-03-09T06:46:58,Electronics,Smart Earbuds,4,146.98,25,Net Banking,440.94,No
O000989,U00073,2026-03-17T18:43:26,Groceries,Protein Granola,3,131.04,25,Net Banking,294.84,No
O000990,U00132,2025-08-05T17:28:08,Beauty,Body Lotion,4,194.78,20,Wallet,623.3,No
O000991,U00073,2026-01-04T06:30:56,Home,Desk Lamp,5,437.82,20,Debit Card,1751.28,No
O000992,U00397,2025-02-24T22:22:36,Beauty,Face Serum,2,496.72,25,Credit Card,745.08,No
O000993,U00313,2025-11-10T05:42:56,Electronics,4K Monitor,3,427.88,25,Debit Card,962.73,No
O000994,U00405,2025-10-07T13:49:29,Electronics,Wireless Mouse,3,123.63,30,Wallet,259.62,No
O000995,U00208,2025-08-01T01:14:49,Fashion,Cotton Shirt,2,236.01,0,Net Banking,472.02,No
O000996,U00368,2025-07-15T05:53:37,Home,Ceramic Set,2,326.85,5,UPI,621.01,No
O000997,U00163,2025-06-26T23:27:35,Beauty,Body Lotion,5,172.57,5,Wallet,819.71,No
O000998,U00172,2025-02-11T05:21:06,Groceries,Olive Oil,2,300.78,10,Wallet,541.4,No
O000999,U00172,2025-10-01T17:56:35,Groceries,Organic Coffee,4,203.18,20,Credit Card,650.18,No
O001000,U00005,2026-04-07T10:12:16,Home,Air Purifier,2,314.0,25,Credit Card,471.0,No
O001001,U00359,2025-08-29T09:00:01,Groceries,Protein Granola,1,31.04,25,Cash On Delivery,23.28,Yes
O001002,U00052,2025-12-26T09:20:52,Beauty,Face Serum,2,62.05,0,Net Banking,124.1,No
O001003,U00361,2025-12-12T18:51:13,Electronics,Smart Earbuds,2,186.07,10,Cash On Delivery,334.93,No
O001004,U00190,2025-07-01T14:29:38,Fashion,Running Shoes,1,228.12,20,UPI,182.5,No
O001005,U00342,2025-04-16T00:55:44,Groceries,Organic Coffee,2,549.03,0,Debit Card,1098.06,No
O001006,U00214,2026-06-28T10:09:39,Groceries,Protein Granola,1,13.73,30,Credit Card,9.61,No
O001007,U00178,2026-05-24T12:03:06,Electronics,Mechanical Keyboard,2,475.65,5,Cash On Delivery,903.73,No
O001008,U00145,2025-02-04T00:58:25,Groceries,Olive Oil,5,192.16,15,Wallet,816.68,No
O001009,U00026,2025-10-02T20:31:56,Home,Air Purifier,2,259.32,20,Cash On Delivery,414.91,No
O001010,U00034,2025-02-07T09:28:42,Groceries,Organic Coffee,2,369.2,30,Credit Card,516.88,No
O001011,U00105,2026-06-20T23:04:47,Groceries,Almond Milk,3,426.89,0,Net Banking,1280.67,No
O001012,U00220,2025-02-05T10:10:42,Groceries,Protein Granola,2,516.23,5,Net Banking,980.84,No
O001013,U00315,2025-03-14T20:28:12,Groceries,Organic Coffee,1,302.18,25,Debit Card,226.63,No
O001014,U00385,2025-07-09T05:36:38,Groceries,Almond Milk,5,202.67,30,UPI,709.34,No
O001015,U00018,2025-02-16T01:53:45,Groceries,Almond Milk,1,203.85,0,Wallet,203.85,No
O001016,U00281,2025-02-15T15:55:17,Beauty,Face Serum,1,223.6,15,Credit Card,190.06,No
O001017,U00124,2026-01-08T00:52:16,Home,Ceramic Set,3,31.9,25,Net Banking,71.77,No
O001018,U00158,2026-03-28T07:36:57,Fashion,Running Shoes,2,317.09,10,Cash On Delivery,570.76,No
O001019,U00235,2025-10-20T19:21:34,Groceries,Almond Milk,1,9.51,15,Debit Card,8.08,No
O001020,U00006,2025-02-26T14:33:15,Electronics,4K Monitor,2,351.02,30,Wallet,491.43,No
O001021,U00095,2025-08-11T00:59:08,Home,Storage Basket,3,78.46,15,Credit Card,200.07,No
O001022,U00339,2026-03-21T19:34:09,Groceries,Almond Milk,5,41.14,5,Cash On Delivery,195.41,No
O001023,U00036,2025-01-12T19:58:12,Fashion,Running Shoes,3,187.42,0,Cash On Delivery,562.26,No
O001024,U00183,2025-07-09T17:48:28,Beauty,Face Serum,4,462.7,0,Credit Card,1850.8,No
O001025,U00078,2025-04-01T14:28:52,Beauty,Hair Mask,5,145.28,0,Credit Card,726.4,No
O001026,U00145,2026-06-11T21:08:31,Home,Air Purifier,2,342.02,0,UPI,684.04,No
O001027,U00231,2025-09-09T02:19:53,Home,Storage Basket,5,309.61,20,Net Banking,1238.44,No
O001028,U00217,2025-08-31T02:13:37,Electronics,4K Monitor,5,407.43,30,Debit Card,1426.0,No
O001029,U00409,2025-01-07T13:55:05,Fashion,Running Shoes,4,371.7,5,Cash On Delivery,1412.46,No
O001030,U00237,2025-12-26T21:47:32,Groceries,Protein Granola,5,109.1,10,Credit Card,490.95,No
O001031,U00177,2025-05-06T21:48:44,Fashion,Denim Jacket,4,70.08,30,Debit Card,196.22,No
O001032,U00087,2025-03-18T21:01:16,Beauty,Face Serum,2,110.46,25,Cash On Delivery,165.69,No
O001033,U00403,2025-04-07T16:42:59,Fashion,Denim Jacket,3,499.54,20,Net Banking,1198.9,No
O001034,U00055,2025-03-29T01:02:05,Home,Desk Lamp,3,314.52,15,Net Banking,802.03,No
O001035,U00374,2026-04-03T03:12:15,Beauty,Lip Tint,3,306.23,0,UPI,918.69,No
O001036,U00196,2026-03-08T20:49:58,Home,Ceramic Set,2,389.56,0,Net Banking,779.12,Yes
O001037,U00414,2026-06-28T05:05:37,Electronics,Mechanical Keyboard,2,267.48,30,Net Banking,374.47,No
O001038,U00298,2026-01-08T12:14:25,Electronics,Wireless Mouse,5,518.89,20,Debit Card,2075.56,No
O001039,U00050,2026-02-04T04:02:40,Groceries,Protein Granola,3,477.5,25,Debit Card,1074.38,No
O001040,U00110,2026-04-23T17:12:43,Home,Air Purifier,1,37.25,20,UPI,29.8,No
O001041,U00143,2025-08-05T12:10:34,Fashion,Running Shoes,2,40.06,0,Wallet,80.12,No
O001042,U00216,2025-10-07T13:03:03,Fashion,Running Shoes,5,413.29,0,Net Banking,2066.45,No
O001043,U00007,2025-04-10T02:16:34,Fashion,Denim Jacket,2,406.76,25,Credit Card,610.14,No
O001044,U00067,2025-12-07T21:48:49,Electronics,Mechanical Keyboard,2,126.71,5,Wallet,240.75,No
O001045,U00022,2025-04-12T11:21:28,Fashion,Denim Jacket,2,210.13,5,Net Banking,399.25,No
O001046,U00002,2026-06-14T20:47:34,Groceries,Organic Coffee,4,145.38,5,Credit Card,552.44,No
O001047,U00204,2026-03-31T01:01:45,Beauty,Body Lotion,4,255.65,10,Credit Card,920.34,No
O001048,U00083,2026-04-10T15:32:06,Fashion,Running Shoes,1,378.61,25,Credit Card,283.96,No
O001049,U00021,2025-05-04T14:14:13,Electronics,Wireless Mouse,3,212.94,20,Net Banking,511.06,No
O001050,U00135,2025-07-12T13:57:51,Beauty,Body Lotion,1,519.71,0,Cash On Delivery,519.71,No
O001051,U00078,2026-03-17T18:45:48,Groceries,Organic Coffee,5,217.81,5,Credit Card,1034.6,No
O001052,U00029,2025-10-12T23:22:18,Fashion,Denim Jacket,4,271.87,20,Wallet,869.98,No
O001053,U00021,2025-10-25T14:42:28,Groceries,Olive Oil,4,257.59,30,Debit Card,721.25,No
O001054,U00186,2025-10-08T22:01:36,Fashion,Denim Jacket,5,285.58,15,Credit Card,1213.71,No
O001055,U00221,2025-11-01T02:23:30,Groceries,Protein Granola,3,363.57,15,Debit Card,927.1,No
O001056,U00005,2025-08-23T19:17:47,Beauty,Body Lotion,2,315.61,10,Cash On Delivery,568.1,No
O001057,U00198,2025-04-15T14:47:48,Fashion,Casual Sneakers,2,78.18,5,Wallet,148.54,No
O001058,U00111,2025-11-16T04:23:45,Electronics,Smart Earbuds,3,533.01,10,Cash On Delivery,1439.13,No
O001059,U00348,2026-02-04T18:27:45,Groceries,Protein Granola,3,373.04,0,Net Banking,1119.12,No
O001060,U00051,2026-04-29T17:21:40,Electronics,Wireless Mouse,5,523.1,20,Wallet,2092.4,No
O001061,U00350,2025-10-23T08:40:36,Fashion,Cotton Shirt,1,364.64,20,UPI,291.71,No
O001062,U00145,2025-12-25T00:24:53,Beauty,Lip Tint,2,488.95,25,Debit Card,733.42,No
O001063,U00134,2025-06-07T03:16:24,Electronics,Mechanical Keyboard,5,135.83,5,Credit Card,645.19,No
O001064,U00343,2026-02-15T21:18:43,Fashion,Denim Jacket,1,390.87,10,Wallet,351.78,No
O001065,U00373,2025-10-31T05:39:49,Groceries,Protein Granola,3,476.05,30,Cash On Delivery,999.71,No
O001066,U00301,2025-07-28T08:33:50,Groceries,Olive Oil,3,439.47,15,Cash On Delivery,1120.65,No
O001067,U00190,2026-03-15T07:38:37,Groceries,Almond Milk,3,532.14,15,Wallet,1356.96,No
O001068,U00398,2026-01-26T12:40:49,Groceries,Olive Oil,4,512.71,20,Wallet,1640.67,No
O001069,U00041,2025-05-18T13:04:12,Electronics,Wireless Mouse,2,499.02,5,UPI,948.14,No
O001070,U00317,2025-08-26T22:46:06,Electronics,Smart Earbuds,5,187.97,30,Net Banking,657.89,No
O001071,U00403,2025-10-16T07:57:44,Groceries,Almond Milk,4,331.0,10,Net Banking,1191.6,No
O001072,U00007,2025-12-19T00:15:59,Groceries,Olive Oil,2,69.16,5,UPI,131.4,No
O001073,U00417,2025-08-11T01:50:46,Groceries,Organic Coffee,3,106.42,0,Credit Card,319.26,No
O001074,U00213,2025-04-01T08:48:29,Groceries,Almond Milk,2,437.61,5,UPI,831.46,No
O001075,U00113,2026-05-26T22:00:36,Groceries,Almond Milk,1,253.42,15,Wallet,215.41,No
O001076,U00063,2026-01-21T00:11:23,Electronics,Smart Earbuds,5,357.92,25,Net Banking,1342.2,No
O001077,U00282,2025-12-13T21:51:49,Fashion,Running Shoes,1,51.04,25,Credit Card,38.28,No
O001078,U00418,2026-05-27T00:55:07,Beauty,Lip Tint,3,92.78,10,UPI,250.51,No
O001079,U00137,2026-06-13T09:16:10,Fashion,Casual Sneakers,5,440.25,10,Cash On Delivery,1981.12,No
O001080,U00084,2026-05-19T09:32:53,Home,Desk Lamp,1,277.49,25,Cash On Delivery,208.12,Yes
O001081,U00076,2025-06-22T20:54:03,Beauty,Hair Mask,3,482.42,30,Wallet,1013.08,No
O001082,U00097,2025-06-01T10:40:32,Fashion,Casual Sneakers,4,377.63,15,Wallet,1283.94,Yes
O001083,U00359,2025-10-05T09:00:40,Groceries,Organic Coffee,1,509.35,25,Debit Card,382.01,No
O001084,U00167,2026-05-20T03:40:30,Beauty,Face Serum,1,510.74,10,Net Banking,459.67,No
O001085,U00350,2025-05-19T09:32:31,Electronics,Smart Earbuds,1,507.06,15,Cash On Delivery,431.0,No
O001086,U00100,2025-04-04T03:22:45,Groceries,Almond Milk,3,259.01,30,Wallet,543.92,Yes
O001087,U00394,2025-06-19T00:40:08,Groceries,Almond Milk,5,383.23,0,Wallet,1916.15,No
O001088,U00063,2025-06-03T21:08:33,Electronics,Wireless Mouse,2,500.37,5,Wallet,950.7,No
O001089,U00370,2025-01-21T19:22:58,Groceries,Almond Milk,5,428.36,5,Net Banking,2034.71,No
O001090,U00192,2026-04-23T23:19:58,Beauty,Hair Mask,2,194.43,25,UPI,291.64,No
O001091,U00355,2025-12-10T20:24:47,Fashion,Running Shoes,2,99.58,25,Debit Card,149.37,No
O001092,U00243,2026-06-21T20:42:48,Fashion,Running Shoes,1,163.73,30,Cash On Delivery,114.61,No
O001093,U00219,2025-03-09T15:48:12,Fashion,Cotton Shirt,2,78.03,15,Net Banking,132.65,No
O001094,U00283,2025-12-23T14:31:06,Electronics,Wireless Mouse,4,57.67,0,Credit Card,230.68,No
O001095,U00082,2025-06-05T06:28:03,Home,Ceramic Set,1,422.35,30,Wallet,295.64,Yes
O001096,U00182,2026-05-16T20:03:28,Electronics,Wireless Mouse,1,92.54,0,Net Banking,92.54,No
O001097,U00342,2026-05-05T13:01:33,Beauty,Body Lotion,1,530.3,15,Wallet,450.75,No
O001098,U00227,2025-07-24T00:15:19,Groceries,Protein Granola,4,267.33,10,Debit Card,962.39,No
O001099,U00261,2025-01-14T02:48:09,Fashion,Running Shoes,2,524.14,25,Cash On Delivery,786.21,No
O001100,U00287,2026-06-05T16:17:05,Beauty,Lip Tint,3,548.45,10,Cash On Delivery,1480.82,No
O001101,U00094,2026-04-25T23:05:43,Fashion,Running Shoes,3,227.52,15,UPI,580.18,No
O001102,U00405,2026-01-07T21:15:49,Electronics,Wireless Mouse,2,459.55,25,Debit Card,689.33,Yes
O001103,U00252,2025-08-03T04:54:23,Electronics,Smart Earbuds,3,223.08,30,Credit Card,468.47,No
O001104,U00157,2025-04-05T18:42:16,Electronics,Wireless Mouse,3,132.18,20,Cash On Delivery,317.23,No
O001105,U00090,2025-11-08T16:38:12,Fashion,Denim Jacket,1,127.11,15,Cash On Delivery,108.04,Yes
O001106,U00243,2026-05-26T04:35:22,Groceries,Olive Oil,2,317.43,25,UPI,476.14,No
O001107,U00129,2026-03-18T16:54:25,Groceries,Protein Granola,4,32.41,10,Credit Card,116.68,No
O001108,U00138,2025-02-25T22:33:59,Electronics,Mechanical Keyboard,1,240.04,25,Credit Card,180.03,No
O001109,U00344,2025-03-12T22:24:08,Groceries,Protein Granola,4,155.22,20,Net Banking,496.7,No
O001110,U00255,2025-10-05T20:59:37,Beauty,Body Lotion,5,182.0,20,Debit Card,728.0,Yes
O001111,U00082,2026-06-02T19:30:32,Electronics,4K Monitor,1,145.46,15,Credit Card,123.64,No
O001112,U00077,2025-08-27T19:51:40,Home,Desk Lamp,2,403.1,0,Credit Card,806.2,No
O001113,U00207,2025-12-26T10:25:24,Beauty,Body Lotion,4,499.02,20,Net Banking,1596.86,No
O001114,U00243,2025-06-17T11:26:15,Home,Ceramic Set,1,314.99,20,Credit Card,251.99,No
O001115,U00395,2025-05-24T23:37:37,Home,Ceramic Set,2,51.31,20,Debit Card,82.1,No
O001116,U00296,2026-02-16T23:42:21,Home,Desk Lamp,4,527.86,25,Net Banking,1583.58,No
O001117,U00107,2026-05-06T02:02:37,Beauty,Hair Mask,3,136.58,25,Cash On Delivery,307.31,No
O001118,U00395,2025-10-24T21:18:24,Groceries,Almond Milk,1,334.62,25,UPI,250.97,No
O001119,U00024,2025-05-04T03:23:28,Electronics,Mechanical Keyboard,2,134.38,5,Credit Card,255.32,No
O001120,U00140,2025-08-08T15:33:20,Groceries,Organic Coffee,3,271.57,15,Net Banking,692.5,No
O001121,U00072,2025-11-23T21:29:24,Groceries,Olive Oil,1,393.34,0,Net Banking,393.34,No
O001122,U00255,2025-11-08T09:34:22,Groceries,Protein Granola,5,368.64,15,UPI,1566.72,No
O001123,U00215,2025-06-06T08:37:16,Beauty,Hair Mask,3,487.57,0,Wallet,1462.71,No
O001124,U00012,2025-11-12T21:33:00,Home,Desk Lamp,3,472.98,0,Debit Card,1418.94,No
O001125,U00198,2025-07-31T13:53:48,Fashion,Casual Sneakers,2,28.4,25,Net Banking,42.6,No
O001126,U00290,2026-05-20T22:15:18,Fashion,Casual Sneakers,4,50.86,25,UPI,152.58,No
O001127,U00190,2026-04-07T00:50:36,Home,Air Purifier,3,119.59,25,Wallet,269.08,No
O001128,U00083,2025-12-26T08:50:28,Fashion,Cotton Shirt,3,67.69,20,Wallet,162.46,No
O001129,U00161,2026-04-22T23:18:33,Home,Storage Basket,2,543.2,30,UPI,760.48,No
O001130,U00212,2026-05-26T15:55:33,Beauty,Lip Tint,5,221.26,10,Wallet,995.67,No
O001131,U00364,2025-07-19T22:14:38,Groceries,Protein Granola,3,411.97,10,Credit Card,1112.32,No
O001132,U00302,2025-07-09T23:27:13,Groceries,Organic Coffee,4,316.61,20,Net Banking,1013.15,No
O001133,U00295,2025-07-29T10:26:20,Groceries,Protein Granola,5,252.38,5,Wallet,1198.81,No
O001134,U00169,2026-01-24T18:04:32,Beauty,Body Lotion,2,129.69,20,Wallet,207.5,No
O001135,U00329,2026-02-10T17:57:41,Home,Air Purifier,5,370.6,20,Net Banking,1482.4,No
O001136,U00390,2026-03-20T12:20:27,Groceries,Organic Coffee,2,93.47,0,Wallet,186.94,No
O001137,U00168,2025-08-23T01:43:52,Fashion,Denim Jacket,4,420.83,15,Net Banking,1430.82,No
O001138,U00300,2025-04-13T11:00:43,Groceries,Olive Oil,3,190.48,30,Debit Card,400.01,Yes
O001139,U00156,2025-10-24T07:42:08,Electronics,Smart Earbuds,3,158.75,15,Credit Card,404.81,No
O001140,U00073,2025-10-04T08:03:41,Beauty,Body Lotion,5,37.6,0,Credit Card,188.0,No
O001141,U00183,2026-02-15T16:53:39,Electronics,4K Monitor,4,188.66,15,Cash On Delivery,641.44,No
O001142,U00242,2025-01-02T19:11:19,Fashion,Cotton Shirt,5,190.86,25,Net Banking,715.73,No
O001143,U00283,2025-08-20T17:32:49,Electronics,4K Monitor,1,149.51,10,Debit Card,134.56,No
O001144,U00115,2026-02-26T00:21:12,Groceries,Olive Oil,4,127.94,0,Net Banking,511.76,No
O001145,U00081,2026-06-05T23:39:30,Fashion,Cotton Shirt,2,111.25,15,Cash On Delivery,189.12,No
O001146,U00136,2025-11-12T19:09:12,Fashion,Running Shoes,3,255.98,5,Debit Card,729.54,No
O001147,U00297,2025-11-19T20:56:02,Electronics,Mechanical Keyboard,2,367.5,25,Net Banking,551.25,No
O001148,U00161,2025-04-20T09:58:31,Home,Desk Lamp,1,307.28,25,Net Banking,230.46,No
O001149,U00046,2026-05-18T06:06:56,Home,Desk Lamp,2,488.28,25,Cash On Delivery,732.42,No
O001150,U00020,2025-08-23T15:30:58,Home,Storage Basket,1,260.47,5,Debit Card,247.45,No
O001151,U00188,2025-02-06T10:52:11,Electronics,4K Monitor,2,298.82,30,Debit Card,418.35,No
O001152,U00230,2025-09-19T13:55:26,Beauty,Lip Tint,4,219.84,5,Cash On Delivery,835.39,No
O001153,U00320,2025-07-01T13:50:48,Fashion,Running Shoes,2,80.34,5,Credit Card,152.65,No
O001154,U00111,2025-06-08T18:30:01,Fashion,Cotton Shirt,4,318.9,0,Credit Card,1275.6,No
O001155,U00035,2026-06-22T16:37:28,Fashion,Running Shoes,3,229.29,15,Credit Card,584.69,No
O001156,U00225,2025-11-28T13:23:57,Home,Ceramic Set,3,513.59,0,Debit Card,1540.77,No
O001157,U00030,2025-05-15T19:24:26,Beauty,Lip Tint,3,143.02,25,UPI,321.8,No
O001158,U00119,2026-03-28T20:04:09,Fashion,Denim Jacket,1,518.33,5,Net Banking,492.41,No
O001159,U00367,2025-04-13T09:06:58,Home,Air Purifier,2,23.74,10,Credit Card,42.73,No
O001160,U00298,2025-01-13T17:26:53,Groceries,Olive Oil,1,521.03,30,Credit Card,364.72,No
O001161,U00030,2025-12-08T06:00:51,Fashion,Running Shoes,2,166.63,10,Cash On Delivery,299.93,No
O001162,U00329,2026-05-10T01:03:38,Groceries,Olive Oil,1,458.78,15,Cash On Delivery,389.96,No
O001163,U00308,2025-05-23T01:04:09,Groceries,Olive Oil,1,345.29,30,UPI,241.7,Yes
O001164,U00079,2026-06-11T08:05:33,Groceries,Almond Milk,5,480.84,15,Wallet,2043.57,No
O001165,U00021,2026-03-31T07:56:47,Groceries,Organic Coffee,2,92.31,20,Cash On Delivery,147.7,No
O001166,U00379,2025-04-25T12:20:52,Home,Storage Basket,3,503.85,25,Debit Card,1133.66,No
O001167,U00407,2025-05-25T17:00:42,Fashion,Casual Sneakers,5,425.03,0,Credit Card,2125.15,No
O001168,U00022,2025-07-03T01:52:54,Electronics,Smart Earbuds,1,295.76,20,Cash On Delivery,236.61,No
O001169,U00233,2025-02-08T10:26:38,Beauty,Hair Mask,5,35.1,0,Wallet,175.5,No
O001170,U00301,2026-04-27T02:56:39,Electronics,4K Monitor,5,89.87,0,Net Banking,449.35,No
O001171,U00057,2026-01-19T16:40:25,Groceries,Almond Milk,5,180.54,30,Credit Card,631.89,No
O001172,U00113,2026-03-10T01:36:10,Fashion,Casual Sneakers,4,413.65,5,Wallet,1571.87,No
O001173,U00193,2025-05-17T19:37:43,Electronics,Mechanical Keyboard,3,89.11,0,Wallet,267.33,No
O001174,U00377,2025-01-02T04:06:21,Groceries,Olive Oil,2,500.55,25,Cash On Delivery,750.83,No
O001175,U00010,2025-08-25T16:38:22,Fashion,Running Shoes,3,167.58,15,Net Banking,427.33,No
O001176,U00412,2025-05-10T02:22:51,Home,Storage Basket,1,154.86,0,Credit Card,154.86,No
O001177,U00314,2025-09-01T06:52:39,Beauty,Hair Mask,5,378.92,0,Debit Card,1894.6,No
O001178,U00204,2025-11-28T18:26:31,Home,Ceramic Set,3,346.16,5,Cash On Delivery,986.56,No
O001179,U00232,2026-01-22T19:32:40,Fashion,Cotton Shirt,4,134.38,5,Wallet,510.64,No
O001180,U00215,2025-03-04T13:37:27,Fashion,Running Shoes,3,315.44,0,Wallet,946.32,No
O001181,U00189,2026-03-21T19:59:16,Electronics,4K Monitor,5,80.53,25,Cash On Delivery,301.99,No
O001182,U00394,2025-11-15T20:30:42,Fashion,Cotton Shirt,1,46.66,30,Debit Card,32.66,Yes
O001183,U00298,2025-11-09T09:59:01,Beauty,Lip Tint,3,418.54,25,Debit Card,941.72,No
O001184,U00371,2025-08-19T10:07:26,Home,Air Purifier,4,101.42,20,Cash On Delivery,324.54,No
O001185,U00340,2025-07-21T08:00:17,Fashion,Denim Jacket,4,212.32,10,Net Banking,764.35,No
O001186,U00055,2025-06-23T05:40:45,Beauty,Lip Tint,1,113.44,25,Cash On Delivery,85.08,No
O001187,U00115,2025-05-02T23:19:28,Electronics,Smart Earbuds,3,319.05,30,Credit Card,670.0,No
O001188,U00089,2025-03-01T05:45:55,Electronics,4K Monitor,2,59.14,30,UPI,82.8,No
O001189,U00223,2026-02-27T02:27:12,Beauty,Face Serum,3,299.77,30,Wallet,629.52,No
O001190,U00057,2026-02-17T07:32:35,Home,Storage Basket,1,64.36,20,UPI,51.49,No
O001191,U00385,2025-04-14T17:50:09,Beauty,Face Serum,4,175.64,10,Cash On Delivery,632.3,Yes
O001192,U00227,2026-05-11T18:25:09,Home,Air Purifier,5,511.01,15,Net Banking,2171.79,No
O001193,U00205,2025-08-30T09:35:12,Groceries,Protein Granola,4,353.69,10,Cash On Delivery,1273.28,No
O001194,U00058,2026-04-20T04:49:28,Home,Air Purifier,2,168.54,5,Debit Card,320.23,No
O001195,U00009,2025-08-26T09:30:37,Home,Air Purifier,2,48.71,5,Cash On Delivery,92.55,Yes
O001196,U00408,2025-03-29T14:08:45,Groceries,Almond Milk,5,145.09,5,UPI,689.18,No
O001197,U00229,2025-04-30T04:02:06,Beauty,Face Serum,1,263.31,20,Wallet,210.65,No
O001198,U00334,2025-05-05T23:05:18,Beauty,Lip Tint,5,382.33,0,Net Banking,1911.65,No
O001199,U00217,2025-11-15T07:37:24,Electronics,Smart Earbuds,1,126.88,15,Credit Card,107.85,No
O001200,U00383,2025-05-06T06:43:53,Fashion,Denim Jacket,1,10.92,5,Net Banking,10.37,No
O001201,U00165,2026-05-06T17:45:37,Beauty,Hair Mask,2,481.15,0,Credit Card,962.3,No
O001202,U00282,2025-01-02T11:37:24,Fashion,Cotton Shirt,2,488.37,5,UPI,927.9,No
O001203,U00290,2026-04-20T22:31:41,Fashion,Casual Sneakers,5,100.64,30,Credit Card,352.24,Yes
O001204,U00224,2025-07-09T13:42:46,Home,Ceramic Set,2,453.87,30,Debit Card,635.42,No
O001205,U00345,2025-06-08T07:58:36,Beauty,Body Lotion,5,338.3,15,Debit Card,1437.77,No
O001206,U00324,2026-02-26T05:46:58,Home,Desk Lamp,5,190.23,0,Wallet,951.15,No
O001207,U00398,2025-03-26T09:34:20,Home,Desk Lamp,2,243.26,10,Credit Card,437.87,No
O001208,U00116,2026-04-18T20:21:58,Fashion,Running Shoes,5,436.78,5,Debit Card,2074.7,No
O001209,U00378,2026-04-12T02:25:31,Beauty,Body Lotion,3,494.56,15,Cash On Delivery,1261.13,No
O001210,U00377,2026-06-28T22:51:33,Beauty,Hair Mask,3,391.87,30,Credit Card,822.93,No
O001211,U00217,2026-05-04T16:11:59,Home,Ceramic Set,4,59.47,0,Cash On Delivery,237.88,No
O001212,U00268,2025-03-20T00:32:42,Beauty,Body Lotion,1,352.06,20,Cash On Delivery,281.65,No
O001213,U00228,2025-11-15T06:19:21,Fashion,Denim Jacket,5,77.07,20,Credit Card,308.28,No
O001214,U00297,2026-02-19T04:19:58,Beauty,Face Serum,3,533.71,15,Cash On Delivery,1360.96,No
O001215,U00009,2025-04-28T00:47:27,Groceries,Protein Granola,4,104.58,25,Cash On Delivery,313.74,No
O001216,U00314,2025-10-02T21:12:32,Groceries,Olive Oil,5,216.38,5,Net Banking,1027.81,No
O001217,U00260,2026-04-06T17:36:48,Fashion,Cotton Shirt,4,118.64,20,Net Banking,379.65,No
O001218,U00344,2025-12-04T23:52:58,Fashion,Cotton Shirt,3,129.15,10,Cash On Delivery,348.71,No
O001219,U00012,2025-12-12T16:22:01,Home,Storage Basket,2,322.0,20,UPI,515.2,No
O001220,U00033,2025-12-07T02:32:23,Fashion,Casual Sneakers,4,327.92,10,Net Banking,1180.51,No
O001221,U00305,2025-12-22T04:23:51,Home,Desk Lamp,5,10.09,30,UPI,35.31,No
O001222,U00293,2025-08-09T18:22:06,Home,Storage Basket,5,198.75,20,Wallet,795.0,No
O001223,U00155,2025-03-29T09:58:57,Beauty,Body Lotion,5,442.67,30,Wallet,1549.34,No
O001224,U00106,2025-11-06T15:42:36,Groceries,Olive Oil,5,519.5,10,Cash On Delivery,2337.75,No
O001225,U00274,2025-01-22T17:06:26,Beauty,Face Serum,4,166.79,20,UPI,533.73,No
O001226,U00168,2025-05-13T17:49:55,Electronics,4K Monitor,5,444.96,0,Credit Card,2224.8,No
O001227,U00021,2025-11-05T03:09:57,Electronics,4K Monitor,4,83.63,15,Wallet,284.34,No
O001228,U00139,2026-02-20T06:26:09,Beauty,Face Serum,1,463.21,5,UPI,440.05,No
O001229,U00294,2026-03-08T12:06:00,Electronics,4K Monitor,1,309.5,20,Debit Card,247.6,No
O001230,U00277,2026-03-05T00:36:01,Electronics,Mechanical Keyboard,4,173.38,30,Debit Card,485.46,No
O001231,U00122,2025-01-12T07:35:01,Home,Storage Basket,1,307.91,15,Debit Card,261.72,No
O001232,U00024,2026-06-12T21:43:32,Home,Storage Basket,1,33.61,5,UPI,31.93,No
O001233,U00306,2025-10-04T10:17:18,Home,Desk Lamp,5,489.62,30,Cash On Delivery,1713.67,No
O001234,U00393,2026-03-16T02:34:32,Groceries,Olive Oil,3,60.62,10,Debit Card,163.67,No
O001235,U00258,2026-01-08T17:05:47,Beauty,Lip Tint,4,251.26,0,Cash On Delivery,1005.04,No
O001236,U00412,2025-01-28T02:56:46,Electronics,Wireless Mouse,2,232.63,25,Credit Card,348.94,No
O001237,U00025,2025-06-29T08:46:34,Fashion,Casual Sneakers,3,489.6,0,UPI,1468.8,No
O001238,U00202,2026-01-11T21:26:38,Groceries,Protein Granola,2,333.99,0,UPI,667.98,No
O001239,U00194,2025-04-21T02:39:39,Home,Ceramic Set,3,97.34,0,Debit Card,292.02,No
O001240,U00394,2025-05-19T11:00:55,Groceries,Olive Oil,4,82.21,15,Debit Card,279.51,No
O001241,U00111,2026-05-09T09:01:42,Fashion,Denim Jacket,5,12.29,5,Cash On Delivery,58.38,No
O001242,U00200,2025-08-24T19:01:45,Home,Desk Lamp,3,278.41,15,Net Banking,709.95,No
O001243,U00168,2025-05-13T14:29:50,Groceries,Protein Granola,5,128.78,15,Credit Card,547.31,No
O001244,U00042,2025-04-17T13:13:06,Fashion,Running Shoes,3,11.31,30,UPI,23.75,No
O001245,U00306,2025-02-13T18:33:47,Groceries,Almond Milk,1,98.09,30,Credit Card,68.66,No
O001246,U00035,2026-01-02T20:20:12,Home,Air Purifier,2,521.01,30,Debit Card,729.41,No
O001247,U00139,2026-02-21T09:06:03,Fashion,Casual Sneakers,4,93.12,30,Cash On Delivery,260.74,No
O001248,U00165,2026-03-07T09:59:24,Fashion,Cotton Shirt,5,181.97,25,UPI,682.39,No
O001249,U00072,2025-08-31T19:48:17,Beauty,Lip Tint,2,377.25,10,Credit Card,679.05,No
O001250,U00230,2025-02-21T16:46:13,Beauty,Lip Tint,4,207.59,0,Credit Card,830.36,No
O001251,U00133,2025-12-15T03:44:26,Electronics,Smart Earbuds,3,175.21,0,Wallet,525.63,No
O001252,U00396,2025-04-20T15:09:12,Home,Air Purifier,3,354.14,10,UPI,956.18,No
O001253,U00237,2025-04-03T11:51:30,Beauty,Lip Tint,1,459.63,30,UPI,321.74,No
O001254,U00309,2025-06-07T19:26:52,Beauty,Hair Mask,2,148.9,30,Credit Card,208.46,No
O001255,U00112,2025-11-24T05:19:37,Home,Desk Lamp,2,113.82,20,Credit Card,182.11,No
O001256,U00308,2025-05-22T12:49:25,Electronics,4K Monitor,2,455.42,20,Wallet,728.67,No
O001257,U00416,2026-03-09T11:48:35,Beauty,Hair Mask,5,297.94,5,Credit Card,1415.21,No
O001258,U00147,2026-03-07T23:11:23,Fashion,Casual Sneakers,5,265.57,0,Wallet,1327.85,No
O001259,U00157,2025-11-14T08:44:19,Electronics,Mechanical Keyboard,2,74.25,25,UPI,111.38,No
O001260,U00402,2026-02-02T13:43:20,Fashion,Cotton Shirt,2,269.59,30,Credit Card,377.43,No
O001261,U00097,2025-08-16T05:17:30,Beauty,Face Serum,3,238.27,15,UPI,607.59,No
O001262,U00084,2026-04-06T04:48:41,Home,Desk Lamp,4,247.94,15,Wallet,843.0,No
O001263,U00070,2026-04-02T10:47:26,Electronics,Mechanical Keyboard,2,121.77,15,Net Banking,207.01,No
O001264,U00027,2026-04-19T11:36:25,Home,Ceramic Set,3,534.64,10,Net Banking,1443.53,No
O001265,U00284,2025-09-22T07:21:34,Electronics,Smart Earbuds,1,34.14,20,Wallet,27.31,No
O001266,U00044,2026-02-24T15:58:12,Electronics,4K Monitor,3,96.74,25,Net Banking,217.66,No
O001267,U00200,2025-08-04T02:26:56,Beauty,Lip Tint,3,100.25,10,Cash On Delivery,270.68,No
O001268,U00344,2026-04-23T17:46:33,Beauty,Lip Tint,5,415.09,30,Cash On Delivery,1452.81,No
O001269,U00397,2026-01-16T19:26:59,Groceries,Olive Oil,2,312.08,10,UPI,561.74,No
O001270,U00380,2025-03-28T08:12:27,Beauty,Lip Tint,5,76.52,20,Net Banking,306.08,Yes
O001271,U00375,2026-02-23T12:12:17,Fashion,Denim Jacket,4,411.89,15,Net Banking,1400.43,No
O001272,U00328,2026-04-18T14:04:01,Electronics,4K Monitor,3,294.62,5,Wallet,839.67,No
O001273,U00154,2025-07-24T00:56:10,Home,Desk Lamp,3,414.83,20,UPI,995.59,No
O001274,U00082,2026-02-11T06:46:26,Groceries,Almond Milk,4,277.02,30,Wallet,775.66,No
O001275,U00016,2025-06-13T01:11:35,Electronics,Smart Earbuds,2,401.56,25,Net Banking,602.34,No
O001276,U00252,2026-02-23T11:24:42,Home,Desk Lamp,1,321.34,20,Credit Card,257.07,No
O001277,U00337,2026-03-21T22:51:33,Groceries,Organic Coffee,1,407.94,20,Cash On Delivery,326.35,No
O001278,U00162,2025-04-25T19:19:17,Electronics,Wireless Mouse,4,320.78,10,Net Banking,1154.81,No
O001279,U00046,2026-05-03T18:50:43,Home,Air Purifier,2,454.13,10,Cash On Delivery,817.43,No
O001280,U00394,2026-06-04T13:52:12,Beauty,Face Serum,4,528.96,0,UPI,2115.84,No
O001281,U00404,2026-03-30T23:44:23,Home,Desk Lamp,1,74.05,5,Credit Card,70.35,Yes
O001282,U00069,2026-05-18T00:14:47,Beauty,Body Lotion,5,541.74,10,UPI,2437.83,No
O001283,U00272,2025-09-12T20:02:33,Fashion,Casual Sneakers,1,319.09,25,Net Banking,239.32,No
O001284,U00070,2025-08-21T12:02:36,Beauty,Face Serum,1,161.61,0,Debit Card,161.61,No
O001285,U00408,2026-02-17T09:14:44,Fashion,Casual Sneakers,1,498.93,25,Wallet,374.2,No
O001286,U00179,2026-01-31T20:41:42,Home,Air Purifier,4,50.75,25,Cash On Delivery,152.25,No
O001287,U00317,2025-02-16T21:04:24,Beauty,Body Lotion,2,199.45,30,Cash On Delivery,279.23,Yes
O001288,U00150,2025-12-16T19:22:13,Groceries,Protein Granola,4,56.97,25,Cash On Delivery,170.91,No
O001289,U00291,2025-05-25T10:07:27,Groceries,Olive Oil,4,137.76,15,UPI,468.38,No
O001290,U00348,2026-04-22T11:25:51,Electronics,Smart Earbuds,4,165.28,15,Credit Card,561.95,No
O001291,U00015,2025-05-04T00:56:17,Beauty,Body Lotion,4,271.5,15,Net Banking,923.1,No
O001292,U00152,2025-05-18T13:10:53,Home,Ceramic Set,1,193.97,5,Net Banking,184.27,No
O001293,U00212,2025-03-01T10:52:20,Groceries,Protein Granola,1,450.81,25,Credit Card,338.11,No
O001294,U00172,2026-02-20T20:49:32,Beauty,Hair Mask,3,351.96,5,Cash On Delivery,1003.09,No
O001295,U00020,2025-05-27T17:31:33,Home,Storage Basket,1,536.62,0,Cash On Delivery,536.62,No
O001296,U00136,2025-04-21T20:18:20,Electronics,4K Monitor,4,539.23,0,Wallet,2156.92,No
O001297,U00325,2025-07-21T07:08:58,Home,Air Purifier,5,480.82,10,Cash On Delivery,2163.69,No
O001298,U00012,2026-03-23T21:11:53,Electronics,4K Monitor,5,179.81,5,Wallet,854.1,No
O001299,U00388,2026-05-28T01:47:18,Electronics,Wireless Mouse,4,225.96,25,Net Banking,677.88,No
O001300,U00143,2026-04-22T15:33:54,Electronics,4K Monitor,2,282.07,30,Net Banking,394.9,No
O001301,U00122,2025-09-13T06:30:13,Groceries,Protein Granola,3,68.64,25,Net Banking,154.44,No
O001302,U00101,2025-01-17T12:33:25,Home,Air Purifier,4,74.82,10,Cash On Delivery,269.35,No
O001303,U00139,2025-01-28T06:35:13,Beauty,Face Serum,1,418.6,30,Debit Card,293.02,No
O001304,U00241,2025-12-11T05:36:47,Fashion,Denim Jacket,5,275.43,20,Cash On Delivery,1101.72,No
O001305,U00390,2026-01-04T20:42:33,Beauty,Body Lotion,2,124.23,10,Wallet,223.61,Yes
O001306,U00007,2026-04-29T15:45:28,Groceries,Organic Coffee,2,396.86,20,Credit Card,634.98,No
O001307,U00215,2025-01-19T00:19:52,Groceries,Almond Milk,5,455.64,30,Debit Card,1594.74,No
O001308,U00021,2025-07-23T11:24:05,Home,Air Purifier,3,151.36,5,Credit Card,431.38,No
O001309,U00335,2025-10-04T14:10:31,Fashion,Running Shoes,1,339.28,25,Wallet,254.46,No
O001310,U00363,2026-06-21T01:09:57,Electronics,Mechanical Keyboard,3,43.93,0,Wallet,131.79,No
O001311,U00191,2025-07-06T13:36:56,Groceries,Organic Coffee,5,124.58,10,Net Banking,560.61,No
O001312,U00074,2025-04-23T00:03:09,Electronics,Wireless Mouse,5,175.78,25,UPI,659.17,No
O001313,U00244,2025-04-28T07:16:45,Home,Desk Lamp,5,403.76,20,Cash On Delivery,1615.04,No
O001314,U00041,2026-01-21T06:16:34,Groceries,Olive Oil,2,107.37,10,UPI,193.27,No
O001315,U00331,2026-06-08T01:59:54,Fashion,Cotton Shirt,1,151.64,25,Debit Card,113.73,No
O001316,U00019,2025-05-30T10:56:54,Electronics,Smart Earbuds,5,457.01,0,UPI,2285.05,No
O001317,U00007,2025-04-26T23:19:36,Home,Desk Lamp,4,124.59,15,Net Banking,423.61,No
O001318,U00305,2025-09-18T08:58:31,Fashion,Denim Jacket,2,430.24,0,Debit Card,860.48,No
O001319,U00210,2026-02-27T07:19:40,Home,Air Purifier,1,317.61,5,Net Banking,301.73,Yes
O001320,U00031,2025-03-16T09:27:46,Groceries,Olive Oil,4,335.86,0,Wallet,1343.44,No
O001321,U00316,2025-12-25T10:35:40,Groceries,Organic Coffee,1,440.8,5,Credit Card,418.76,No
O001322,U00105,2026-02-24T20:19:07,Electronics,Wireless Mouse,2,94.85,0,Wallet,189.7,No
O001323,U00073,2025-05-25T04:32:26,Beauty,Hair Mask,1,363.06,15,Credit Card,308.6,Yes
O001324,U00058,2026-01-21T05:41:57,Groceries,Protein Granola,3,410.97,30,Credit Card,863.04,No
O001325,U00132,2025-08-26T23:35:03,Beauty,Face Serum,4,460.16,15,Debit Card,1564.54,No
O001326,U00068,2025-05-23T15:48:12,Fashion,Running Shoes,3,166.88,30,UPI,350.45,No
O001327,U00301,2025-07-29T14:53:32,Home,Desk Lamp,2,193.54,5,Credit Card,367.73,No
O001328,U00409,2026-01-04T12:34:54,Electronics,Mechanical Keyboard,3,410.11,15,Debit Card,1045.78,No
O001329,U00181,2025-09-03T07:03:20,Electronics,4K Monitor,2,236.0,25,Credit Card,354.0,No
O001330,U00309,2025-08-22T02:25:03,Fashion,Casual Sneakers,4,50.77,15,Cash On Delivery,172.62,No
O001331,U00300,2026-02-24T11:15:35,Fashion,Cotton Shirt,3,456.32,10,UPI,1232.06,No
O001332,U00057,2025-09-06T07:03:52,Electronics,4K Monitor,1,65.61,25,Net Banking,49.21,No
O001333,U00388,2025-08-10T18:46:21,Electronics,4K Monitor,4,300.95,15,Cash On Delivery,1023.23,No
O001334,U00406,2026-02-03T23:58:16,Beauty,Hair Mask,3,267.6,15,Cash On Delivery,682.38,No
O001335,U00257,2026-02-13T04:22:56,Fashion,Casual Sneakers,4,549.53,0,UPI,2198.12,No
O001336,U00337,2026-03-10T00:22:16,Groceries,Organic Coffee,5,414.07,15,Credit Card,1759.8,No
O001337,U00291,2025-04-12T11:06:37,Electronics,Smart Earbuds,4,166.03,30,Credit Card,464.88,No
O001338,U00392,2026-02-15T22:53:15,Electronics,Smart Earbuds,4,317.63,25,Debit Card,952.89,No
O001339,U00277,2025-07-28T22:48:45,Fashion,Running Shoes,3,538.97,10,Net Banking,1455.22,No
O001340,U00294,2026-02-14T22:36:29,Home,Desk Lamp,5,93.48,5,Wallet,444.03,No
O001341,U00087,2025-02-21T04:48:06,Home,Air Purifier,2,395.21,0,Debit Card,790.42,No
O001342,U00001,2025-06-11T15:57:39,Home,Air Purifier,1,202.73,10,Debit Card,182.46,Yes
O001343,U00407,2025-08-15T13:30:38,Electronics,Smart Earbuds,5,289.3,5,Cash On Delivery,1374.17,No
O001344,U00003,2025-01-03T14:36:37,Home,Ceramic Set,2,329.81,20,Net Banking,527.7,No
O001345,U00409,2025-01-03T01:24:06,Beauty,Face Serum,1,144.65,15,Credit Card,122.95,No
O001346,U00078,2025-07-02T14:31:29,Electronics,Wireless Mouse,5,416.11,25,Debit Card,1560.41,No
O001347,U00296,2025-12-24T03:52:24,Fashion,Casual Sneakers,5,372.9,30,Cash On Delivery,1305.15,No
O001348,U00173,2025-08-22T04:09:46,Electronics,Wireless Mouse,1,301.64,25,Net Banking,226.23,No
O001349,U00126,2025-02-01T13:24:24,Electronics,Wireless Mouse,4,549.99,15,Credit Card,1869.97,Yes
O001350,U00050,2025-07-09T18:25:38,Beauty,Lip Tint,2,142.98,0,Wallet,285.96,No
O001351,U00285,2026-05-17T13:52:19,Electronics,Smart Earbuds,3,58.12,20,UPI,139.49,No
O001352,U00077,2025-01-15T02:44:02,Groceries,Almond Milk,5,529.87,10,Debit Card,2384.41,No
O001353,U00123,2025-08-04T17:20:19,Electronics,Smart Earbuds,3,118.27,30,Wallet,248.37,No
O001354,U00306,2025-07-14T11:28:29,Home,Storage Basket,4,519.35,20,UPI,1661.92,No
O001355,U00028,2025-03-16T04:04:21,Groceries,Olive Oil,4,247.36,25,Credit Card,742.08,No
O001356,U00047,2026-06-19T22:38:24,Groceries,Organic Coffee,2,390.84,20,Net Banking,625.34,No
O001357,U00148,2025-01-01T21:02:18,Fashion,Running Shoes,5,250.13,30,Debit Card,875.46,No
O001358,U00036,2026-01-21T22:31:36,Home,Air Purifier,1,295.74,20,UPI,236.59,No
O001359,U00327,2025-05-30T15:19:10,Fashion,Casual Sneakers,2,436.0,10,Wallet,784.8,No
O001360,U00045,2025-05-04T20:44:34,Fashion,Cotton Shirt,4,17.43,10,Net Banking,62.75,No
O001361,U00282,2025-04-01T06:02:18,Beauty,Body Lotion,5,388.06,0,Cash On Delivery,1940.3,No
O001362,U00147,2026-06-01T22:54:43,Electronics,4K Monitor,3,195.51,0,Wallet,586.53,No
O001363,U00029,2025-07-25T10:40:40,Electronics,Smart Earbuds,4,334.08,5,Wallet,1269.5,No
O001364,U00074,2025-12-22T22:58:53,Electronics,Smart Earbuds,2,312.36,20,Credit Card,499.78,Yes
O001365,U00219,2025-02-23T07:36:46,Fashion,Running Shoes,2,315.75,25,UPI,473.62,No
O001366,U00255,2025-11-30T12:17:00,Electronics,Mechanical Keyboard,5,395.71,0,Wallet,1978.55,No
O001367,U00157,2026-05-24T19:47:30,Fashion,Cotton Shirt,3,214.95,0,Debit Card,644.85,No
O001368,U00197,2025-01-20T12:53:23,Home,Ceramic Set,2,469.85,10,Credit Card,845.73,No
O001369,U00381,2026-05-02T04:01:22,Groceries,Almond Milk,1,206.35,25,Debit Card,154.76,No
O001370,U00286,2025-11-24T15:57:40,Groceries,Olive Oil,2,148.63,10,Credit Card,267.53,No
O001371,U00052,2026-06-12T16:43:40,Home,Air Purifier,2,517.59,30,Debit Card,724.63,No
O001372,U00201,2025-11-21T21:46:49,Fashion,Casual Sneakers,4,542.88,20,Cash On Delivery,1737.22,No
O001373,U00040,2026-04-28T15:45:25,Groceries,Olive Oil,2,471.91,10,Wallet,849.44,No
O001374,U00405,2026-04-30T07:43:37,Home,Ceramic Set,5,472.09,10,UPI,2124.4,No
O001375,U00186,2025-01-12T16:27:15,Electronics,4K Monitor,5,40.57,5,Credit Card,192.71,No
O001376,U00075,2025-04-08T12:29:51,Electronics,Mechanical Keyboard,5,314.57,10,Debit Card,1415.57,No
O001377,U00215,2025-10-21T21:57:22,Groceries,Almond Milk,3,37.08,25,Net Banking,83.43,No
O001378,U00222,2025-07-16T08:07:12,Electronics,4K Monitor,1,190.26,25,Net Banking,142.69,No
O001379,U00089,2025-01-14T08:28:49,Groceries,Almond Milk,3,147.17,30,Wallet,309.06,No
O001380,U00344,2026-04-21T17:03:55,Groceries,Protein Granola,1,423.4,0,Wallet,423.4,No
O001381,U00002,2026-06-04T09:17:13,Beauty,Face Serum,5,87.54,5,Wallet,415.81,No
O001382,U00258,2025-05-19T20:30:58,Fashion,Cotton Shirt,5,435.61,20,Cash On Delivery,1742.44,Yes
O001383,U00012,2025-11-11T16:34:36,Beauty,Lip Tint,5,442.34,20,Wallet,1769.36,No
O001384,U00094,2025-03-12T18:22:36,Electronics,Mechanical Keyboard,1,450.57,0,Debit Card,450.57,No
O001385,U00043,2025-05-25T20:23:25,Groceries,Protein Granola,2,363.83,10,Debit Card,654.89,No
O001386,U00271,2025-11-26T05:46:10,Electronics,Wireless Mouse,1,176.54,25,Credit Card,132.41,No
O001387,U00329,2026-01-28T10:17:20,Fashion,Casual Sneakers,2,62.46,25,Wallet,93.69,Yes
O001388,U00104,2025-03-23T13:59:10,Electronics,4K Monitor,2,41.87,25,Net Banking,62.8,No
O001389,U00017,2025-01-11T06:11:02,Beauty,Face Serum,1,56.49,10,Debit Card,50.84,No
O001390,U00255,2025-03-18T19:39:22,Home,Desk Lamp,2,65.96,25,Net Banking,98.94,No
O001391,U00323,2025-10-29T07:58:55,Beauty,Hair Mask,1,431.13,0,Debit Card,431.13,No
O001392,U00332,2025-08-10T06:50:02,Groceries,Organic Coffee,5,148.04,20,Cash On Delivery,592.16,No
O001393,U00062,2025-03-01T20:09:15,Beauty,Lip Tint,3,507.33,25,Debit Card,1141.49,No
O001394,U00062,2025-01-18T13:55:29,Groceries,Almond Milk,3,295.32,25,Wallet,664.47,No
O001395,U00071,2025-12-30T11:49:00,Beauty,Hair Mask,5,411.62,15,Net Banking,1749.38,No
O001396,U00219,2025-01-22T08:27:27,Fashion,Casual Sneakers,1,520.46,0,Net Banking,520.46,No
O001397,U00347,2026-04-08T17:03:39,Electronics,Wireless Mouse,2,78.34,5,Net Banking,148.85,No
O001398,U00275,2025-06-03T18:20:38,Home,Storage Basket,4,273.8,0,Wallet,1095.2,No
O001399,U00055,2025-01-06T10:00:24,Fashion,Denim Jacket,4,484.04,20,Debit Card,1548.93,No
O001400,U00239,2026-01-24T18:01:13,Beauty,Face Serum,5,206.55,10,Credit Card,929.48,Yes
O001401,U00110,2025-11-04T00:12:21,Groceries,Protein Granola,2,440.73,5,Debit Card,837.39,No
O001402,U00309,2026-06-04T13:00:25,Electronics,Wireless Mouse,5,28.62,15,Wallet,121.63,No
O001403,U00200,2025-12-10T16:29:59,Home,Storage Basket,4,369.18,0,Cash On Delivery,1476.72,No
O001404,U00296,2025-10-11T06:04:27,Electronics,Wireless Mouse,5,382.03,5,Cash On Delivery,1814.64,No
O001405,U00209,2025-08-20T14:41:52,Fashion,Denim Jacket,3,37.77,0,Debit Card,113.31,No
O001406,U00024,2026-05-19T22:05:36,Electronics,Wireless Mouse,1,125.93,10,Net Banking,113.34,No
O001407,U00058,2026-04-27T13:41:22,Fashion,Cotton Shirt,2,388.93,25,Net Banking,583.39,No
O001408,U00258,2025-02-21T05:33:14,Beauty,Body Lotion,3,301.67,10,Debit Card,814.51,Yes
O001409,U00039,2025-01-13T00:23:12,Groceries,Organic Coffee,4,333.57,30,UPI,934.0,No
O001410,U00194,2026-01-05T22:20:17,Electronics,4K Monitor,1,207.62,0,Cash On Delivery,207.62,No
O001411,U00126,2025-06-29T11:47:59,Beauty,Hair Mask,3,227.12,30,Cash On Delivery,476.95,No
O001412,U00048,2025-01-03T10:32:19,Beauty,Lip Tint,2,175.94,0,UPI,351.88,Yes
O001413,U00080,2026-01-17T01:08:53,Electronics,Mechanical Keyboard,4,235.97,30,Net Banking,660.72,No
O001414,U00283,2025-09-19T17:23:25,Beauty,Hair Mask,1,181.47,5,UPI,172.4,No
O001415,U00253,2025-09-13T22:37:10,Electronics,4K Monitor,5,425.57,15,Credit Card,1808.67,No
O001416,U00175,2025-10-09T09:23:58,Beauty,Lip Tint,5,277.78,0,UPI,1388.9,No
O001417,U00010,2025-04-30T05:36:06,Electronics,Wireless Mouse,2,131.08,15,UPI,222.84,No
O001418,U00240,2025-04-20T18:53:18,Home,Storage Basket,3,237.19,15,Credit Card,604.83,No
O001419,U00257,2025-12-27T06:42:09,Home,Desk Lamp,1,257.7,0,Credit Card,257.7,No
O001420,U00118,2026-01-09T17:22:07,Groceries,Olive Oil,5,547.24,30,Cash On Delivery,1915.34,No
O001421,U00272,2025-01-13T09:15:00,Fashion,Denim Jacket,4,180.38,5,Debit Card,685.44,No
O001422,U00362,2025-12-23T12:43:46,Groceries,Organic Coffee,3,280.76,10,Cash On Delivery,758.05,No
O001423,U00395,2025-11-03T08:39:23,Electronics,4K Monitor,5,101.64,10,Cash On Delivery,457.38,No
O001424,U00154,2025-02-05T11:47:01,Fashion,Casual Sneakers,2,308.81,30,Wallet,432.33,No
O001425,U00350,2025-06-10T16:25:07,Groceries,Almond Milk,1,249.36,15,Debit Card,211.96,No
O001426,U00206,2026-01-05T15:11:42,Electronics,4K Monitor,3,120.87,20,Wallet,290.09,No
O001427,U00370,2026-01-27T10:18:11,Groceries,Almond Milk,2,492.07,15,Wallet,836.52,No
O001428,U00202,2026-04-05T07:02:12,Home,Desk Lamp,3,288.22,20,Cash On Delivery,691.73,No
O001429,U00004,2025-09-27T09:48:39,Electronics,Mechanical Keyboard,3,429.36,10,Credit Card,1159.27,No
O001430,U00381,2025-03-07T02:17:39,Beauty,Body Lotion,4,116.41,15,UPI,395.79,No
O001431,U00099,2026-06-14T13:53:12,Home,Ceramic Set,3,428.87,10,Cash On Delivery,1157.95,No
O001432,U00305,2025-12-26T21:54:22,Home,Ceramic Set,1,407.32,20,Wallet,325.86,No
O001433,U00301,2025-01-22T10:53:50,Groceries,Protein Granola,2,244.49,0,Debit Card,488.98,No
O001434,U00108,2025-11-09T14:02:51,Beauty,Lip Tint,2,466.03,15,Cash On Delivery,792.25,No
O001435,U00090,2026-05-15T19:03:21,Home,Air Purifier,2,40.32,5,Debit Card,76.61,No
O001436,U00251,2025-11-27T19:50:34,Electronics,Smart Earbuds,4,457.93,25,Net Banking,1373.79,No
O001437,U00151,2025-05-03T10:08:58,Home,Desk Lamp,4,97.09,30,Net Banking,271.85,No
O001438,U00207,2026-03-25T06:22:48,Groceries,Organic Coffee,3,153.37,20,Net Banking,368.09,No
O001439,U00005,2025-06-11T00:55:03,Groceries,Almond Milk,1,460.87,20,Net Banking,368.7,No
O001440,U00212,2026-03-18T16:11:50,Fashion,Running Shoes,1,494.98,25,Net Banking,371.24,Yes
O001441,U00040,2025-02-17T00:44:03,Groceries,Almond Milk,4,153.6,30,Wallet,430.08,No
O001442,U00010,2025-06-17T19:14:00,Electronics,Wireless Mouse,4,486.88,30,Credit Card,1363.26,No
O001443,U00006,2025-01-26T13:15:56,Fashion,Casual Sneakers,1,489.39,25,UPI,367.04,No
O001444,U00130,2025-08-06T05:17:44,Fashion,Running Shoes,4,460.64,5,Wallet,1750.43,No
O001445,U00228,2025-12-03T12:00:56,Electronics,Wireless Mouse,2,313.26,30,Debit Card,438.56,No
O001446,U00388,2025-09-10T12:14:09,Electronics,4K Monitor,5,25.62,15,UPI,108.88,Yes
O001447,U00378,2026-04-15T16:38:06,Groceries,Protein Granola,1,386.79,5,Debit Card,367.45,No
O001448,U00082,2026-03-21T17:53:13,Fashion,Casual Sneakers,2,301.18,0,Credit Card,602.36,No
O001449,U00289,2025-11-30T09:34:32,Fashion,Cotton Shirt,1,169.77,30,Credit Card,118.84,No
O001450,U00088,2025-12-19T08:02:20,Home,Ceramic Set,4,222.16,10,Debit Card,799.78,No
O001451,U00320,2026-05-02T16:42:15,Groceries,Protein Granola,2,326.76,10,Net Banking,588.17,No
O001452,U00155,2025-01-03T03:59:41,Home,Desk Lamp,5,473.67,15,Wallet,2013.1,No
O001453,U00006,2026-06-01T14:29:57,Groceries,Olive Oil,1,99.95,20,Cash On Delivery,79.96,No
O001454,U00396,2025-03-02T09:26:44,Beauty,Body Lotion,5,33.18,5,UPI,157.6,No
O001455,U00278,2026-03-21T14:43:31,Groceries,Almond Milk,5,25.66,10,Credit Card,115.47,No
O001456,U00106,2025-05-15T14:47:29,Fashion,Running Shoes,3,526.76,5,Credit Card,1501.27,No
O001457,U00192,2026-05-22T09:42:50,Fashion,Cotton Shirt,1,30.08,30,UPI,21.06,No
O001458,U00173,2025-08-09T08:10:36,Electronics,Smart Earbuds,5,487.53,5,UPI,2315.77,No
O001459,U00284,2026-03-12T04:02:35,Electronics,4K Monitor,4,322.85,30,UPI,903.98,No
O001460,U00151,2025-07-11T07:10:27,Fashion,Running Shoes,2,112.47,5,Wallet,213.69,No
O001461,U00014,2025-09-27T09:11:10,Beauty,Hair Mask,2,11.93,20,Net Banking,19.09,No
O001462,U00138,2025-07-29T21:19:07,Beauty,Body Lotion,1,76.47,30,Credit Card,53.53,No
O001463,U00307,2025-11-02T02:43:44,Beauty,Face Serum,4,430.8,30,UPI,1206.24,No
O001464,U00255,2025-11-08T20:17:17,Beauty,Body Lotion,1,71.9,5,Debit Card,68.31,No
O001465,U00034,2025-01-12T13:31:21,Home,Storage Basket,5,209.46,5,Wallet,994.93,No
O001466,U00176,2026-04-29T05:25:13,Groceries,Organic Coffee,5,118.11,15,Credit Card,501.97,No
O001467,U00052,2026-01-10T02:00:08,Fashion,Casual Sneakers,4,49.2,5,UPI,186.96,No
O001468,U00243,2025-09-05T09:18:22,Home,Air Purifier,4,471.39,10,Debit Card,1697.0,No
O001469,U00360,2025-01-20T17:34:49,Beauty,Hair Mask,3,215.64,5,Net Banking,614.57,No
O001470,U00082,2026-05-28T12:23:52,Home,Air Purifier,1,10.44,20,Cash On Delivery,8.35,No
O001471,U00086,2025-03-24T06:01:14,Groceries,Protein Granola,2,154.6,5,Credit Card,293.74,No
O001472,U00139,2025-06-13T00:30:58,Fashion,Cotton Shirt,3,13.38,0,Cash On Delivery,40.14,No
O001473,U00026,2026-02-06T21:29:45,Electronics,Smart Earbuds,3,136.87,30,Wallet,287.43,No
O001474,U00065,2025-10-18T18:36:30,Beauty,Hair Mask,2,149.42,20,Cash On Delivery,239.07,No
O001475,U00363,2025-07-17T13:50:38,Fashion,Running Shoes,1,279.93,5,Cash On Delivery,265.93,No
O001476,U00155,2026-02-26T13:14:57,Groceries,Organic Coffee,5,105.74,0,Wallet,528.7,No
O001477,U00107,2025-07-02T02:59:22,Home,Ceramic Set,4,457.6,5,Debit Card,1738.88,No
O001478,U00317,2025-02-14T09:32:09,Beauty,Hair Mask,3,59.64,30,Debit Card,125.24,No
O001479,U00171,2026-05-10T09:57:43,Beauty,Lip Tint,4,157.02,20,Net Banking,502.46,No
O001480,U00165,2026-06-28T07:04:46,Groceries,Almond Milk,5,101.11,30,Wallet,353.88,No
O001481,U00379,2026-01-30T12:13:44,Home,Air Purifier,4,435.39,0,UPI,1741.56,No
O001482,U00400,2026-05-11T06:37:09,Fashion,Running Shoes,3,173.39,5,UPI,494.16,No
O001483,U00094,2025-09-30T03:14:27,Electronics,Wireless Mouse,2,309.05,5,Credit Card,587.2,No
O001484,U00326,2025-11-12T03:26:55,Beauty,Body Lotion,3,403.3,25,Debit Card,907.43,No
O001485,U00302,2025-07-15T16:43:34,Groceries,Olive Oil,2,307.44,5,Debit Card,584.14,No
O001486,U00045,2025-08-12T06:53:40,Electronics,4K Monitor,2,141.16,10,Net Banking,254.09,No
O001487,U00214,2025-11-03T08:30:10,Beauty,Face Serum,1,336.17,25,Debit Card,252.13,No
O001488,U00135,2025-09-24T04:13:33,Home,Desk Lamp,2,230.17,0,Credit Card,460.34,No
O001489,U00146,2026-05-18T13:15:02,Groceries,Olive Oil,2,108.33,15,Credit Card,184.16,Yes
O001490,U00295,2025-06-20T13:45:10,Fashion,Denim Jacket,1,407.63,0,Debit Card,407.63,No
O001491,U00238,2025-03-14T17:41:26,Fashion,Running Shoes,2,94.89,30,Credit Card,132.85,No
O001492,U00011,2026-02-15T18:58:28,Fashion,Casual Sneakers,1,384.6,15,Debit Card,326.91,No
O001493,U00351,2025-11-21T15:48:39,Electronics,Mechanical Keyboard,4,160.29,0,Credit Card,641.16,No
O001494,U00270,2025-10-02T22:49:31,Home,Air Purifier,4,160.51,25,Credit Card,481.53,Yes
O001495,U00217,2025-03-12T00:10:37,Groceries,Almond Milk,4,102.02,10,Wallet,367.27,No
O001496,U00102,2025-11-15T17:47:16,Fashion,Running Shoes,1,119.43,30,Credit Card,83.6,Yes
O001497,U00154,2025-04-17T13:54:29,Beauty,Lip Tint,3,394.2,15,Debit Card,1005.21,No
O001498,U00060,2025-06-02T17:24:01,Home,Storage Basket,3,495.76,10,Wallet,1338.55,No
O001499,U00386,2025-01-25T13:55:32,Home,Ceramic Set,5,204.21,15,Wallet,867.89,No
O001500,U00024,2025-08-04T11:54:58,Fashion,Cotton Shirt,5,166.44,20,Wallet,665.76,No
